// AUTO-GENERATED. Do not edit.
#pragma once

// alignas(16): TFLM reads the FlatBuffer in place and requires 16-byte
// alignment. Without it GetModel() may fault or silently misparse.
alignas(16) const unsigned char g_model[] = {
  0x20, 0x00, 0x00, 0x00, 0x54, 0x46, 0x4c, 0x33, 0x00, 0x00, 0x00, 0x00,
  0x14, 0x00, 0x20, 0x00, 0x1c, 0x00, 0x18, 0x00, 0x14, 0x00, 0x10, 0x00,
  0x0c, 0x00, 0x00, 0x00, 0x08, 0x00, 0x04, 0x00, 0x14, 0x00, 0x00, 0x00,
  0x1c, 0x00, 0x00, 0x00, 0x80, 0x00, 0x00, 0x00, 0xd8, 0x00, 0x00, 0x00,
  0xdc, 0x58, 0x00, 0x00, 0xec, 0x58, 0x00, 0x00, 0x74, 0x6e, 0x00, 0x00,
  0x03, 0x00, 0x00, 0x00, 0x01, 0x00, 0x00, 0x00, 0x04, 0x00, 0x00, 0x00,
  0x4a, 0xa6, 0xff, 0xff, 0x0c, 0x00, 0x00, 0x00, 0x1c, 0x00, 0x00, 0x00,
  0x38, 0x00, 0x00, 0x00, 0x0f, 0x00, 0x00, 0x00, 0x73, 0x65, 0x72, 0x76,
  0x69, 0x6e, 0x67, 0x5f, 0x64, 0x65, 0x66, 0x61, 0x75, 0x6c, 0x74, 0x00,
  0x01, 0x00, 0x00, 0x00, 0x04, 0x00, 0x00, 0x00, 0x9c, 0xff, 0xff, 0xff,
  0x13, 0x00, 0x00, 0x00, 0x04, 0x00, 0x00, 0x00, 0x07, 0x00, 0x00, 0x00,
  0x64, 0x65, 0x6e, 0x73, 0x65, 0x5f, 0x31, 0x00, 0x01, 0x00, 0x00, 0x00,
  0x04, 0x00, 0x00, 0x00, 0xfa, 0xa6, 0xff, 0xff, 0x04, 0x00, 0x00, 0x00,
  0x07, 0x00, 0x00, 0x00, 0x69, 0x6e, 0x70, 0x75, 0x74, 0x5f, 0x32, 0x00,
  0x02, 0x00, 0x00, 0x00, 0x34, 0x00, 0x00, 0x00, 0x04, 0x00, 0x00, 0x00,
  0xdc, 0xff, 0xff, 0xff, 0x16, 0x00, 0x00, 0x00, 0x04, 0x00, 0x00, 0x00,
  0x13, 0x00, 0x00, 0x00, 0x43, 0x4f, 0x4e, 0x56, 0x45, 0x52, 0x53, 0x49,
  0x4f, 0x4e, 0x5f, 0x4d, 0x45, 0x54, 0x41, 0x44, 0x41, 0x54, 0x41, 0x00,
  0x08, 0x00, 0x0c, 0x00, 0x08, 0x00, 0x04, 0x00, 0x08, 0x00, 0x00, 0x00,
  0x15, 0x00, 0x00, 0x00, 0x04, 0x00, 0x00, 0x00, 0x13, 0x00, 0x00, 0x00,
  0x6d, 0x69, 0x6e, 0x5f, 0x72, 0x75, 0x6e, 0x74, 0x69, 0x6d, 0x65, 0x5f,
  0x76, 0x65, 0x72, 0x73, 0x69, 0x6f, 0x6e, 0x00, 0x17, 0x00, 0x00, 0x00,
  0x00, 0x58, 0x00, 0x00, 0xf8, 0x57, 0x00, 0x00, 0xe0, 0x57, 0x00, 0x00,
  0x60, 0x57, 0x00, 0x00, 0x10, 0x28, 0x00, 0x00, 0xf0, 0x27, 0x00, 0x00,
  0xa0, 0x27, 0x00, 0x00, 0x50, 0x27, 0x00, 0x00, 0x40, 0x12, 0x00, 0x00,
  0xf0, 0x11, 0x00, 0x00, 0x20, 0x02, 0x00, 0x00, 0xe0, 0x01, 0x00, 0x00,
  0xd4, 0x00, 0x00, 0x00, 0xcc, 0x00, 0x00, 0x00, 0xc4, 0x00, 0x00, 0x00,
  0xbc, 0x00, 0x00, 0x00, 0xb4, 0x00, 0x00, 0x00, 0xac, 0x00, 0x00, 0x00,
  0xa4, 0x00, 0x00, 0x00, 0x9c, 0x00, 0x00, 0x00, 0x94, 0x00, 0x00, 0x00,
  0x74, 0x00, 0x00, 0x00, 0x04, 0x00, 0x00, 0x00, 0xca, 0xa7, 0xff, 0xff,
  0x04, 0x00, 0x00, 0x00, 0x60, 0x00, 0x00, 0x00, 0x0c, 0x00, 0x00, 0x00,
  0x08, 0x00, 0x0e, 0x00, 0x08, 0x00, 0x04, 0x00, 0x08, 0x00, 0x00, 0x00,
  0x10, 0x00, 0x00, 0x00, 0x28, 0x00, 0x00, 0x00, 0x00, 0x00, 0x06, 0x00,
  0x08, 0x00, 0x04, 0x00, 0x06, 0x00, 0x00, 0x00, 0x04, 0x00, 0x00, 0x00,
  0x01, 0x00, 0x00, 0x00, 0xeb, 0x03, 0x00, 0x00, 0x0c, 0x00, 0x18, 0x00,
  0x14, 0x00, 0x10, 0x00, 0x0c, 0x00, 0x04, 0x00, 0x0c, 0x00, 0x00, 0x00,
  0x6c, 0x5b, 0xed, 0xc3, 0x46, 0xab, 0x3d, 0x24, 0x02, 0x00, 0x00, 0x00,
  0x02, 0x00, 0x00, 0x00, 0x04, 0x00, 0x00, 0x00, 0x06, 0x00, 0x00, 0x00,
  0x32, 0x2e, 0x32, 0x31, 0x2e, 0x30, 0x00, 0x00, 0x36, 0xa8, 0xff, 0xff,
  0x04, 0x00, 0x00, 0x00, 0x10, 0x00, 0x00, 0x00, 0x31, 0x2e, 0x31, 0x34,
  0x2e, 0x30, 0x00, 0x00, 0x00, 0x00, 0x00, 0x00, 0x00, 0x00, 0x00, 0x00,
  0x10, 0x94, 0xff, 0xff, 0x14, 0x94, 0xff, 0xff, 0x18, 0x94, 0xff, 0xff,
  0x1c, 0x94, 0xff, 0xff, 0x20, 0x94, 0xff, 0xff, 0x24, 0x94, 0xff, 0xff,
  0x28, 0x94, 0xff, 0xff, 0x2c, 0x94, 0xff, 0xff, 0x72, 0xa8, 0xff, 0xff,
  0x04, 0x00, 0x00, 0x00, 0xfc, 0x00, 0x00, 0x00, 0x00, 0x00, 0x15, 0xd9,
  0x22, 0xcf, 0x00, 0x79, 0x55, 0xc2, 0x00, 0xe5, 0xd5, 0xe7, 0x00, 0x7f,
  0x42, 0x00, 0xce, 0x00, 0x00, 0x00, 0xb9, 0xd6, 0x00, 0x00, 0x00, 0xca,
  0x45, 0xd7, 0x00, 0x00, 0x00, 0xdc, 0x00, 0xd6, 0x00, 0x00, 0xd2, 0x00,
  0x7f, 0x71, 0x00, 0x00, 0x00, 0x00, 0x00, 0xd6, 0x46, 0x77, 0x7f, 0x3d,
  0x00, 0x00, 0x00, 0x00, 0xd1, 0x00, 0x00, 0x2c, 0x26, 0x00, 0x00, 0x00,
  0x00, 0x00, 0x00, 0x00, 0x36, 0x21, 0xda, 0x00, 0xe0, 0x00, 0xde, 0xca,
  0x00, 0x00, 0x00, 0x7f, 0x6d, 0x00, 0x00, 0x00, 0x00, 0xc8, 0x29, 0x45,
  0x00, 0x00, 0x00, 0x00, 0x00, 0x34, 0xd7, 0x1d, 0x00, 0x00, 0x5c, 0x00,
  0xb6, 0x00, 0x7f, 0x00, 0xd7, 0xda, 0x17, 0x00, 0xd8, 0x00, 0xe5, 0xd8,
  0x00, 0xe3, 0x00, 0x00, 0x00, 0x00, 0x00, 0xe7, 0x7f, 0x4f, 0xdb, 0xe4,
  0x00, 0x00, 0x35, 0x7f, 0x1b, 0xe3, 0x00, 0xd7, 0x00, 0x00, 0x00, 0xea,
  0x00, 0x00, 0x00, 0x00, 0xe1, 0x00, 0xe3, 0xcc, 0xc2, 0xe2, 0xc5, 0x00,
  0x00, 0xe9, 0x17, 0xef, 0xd8, 0x2a, 0x7f, 0x00, 0xe9, 0x00, 0x00, 0xeb,
  0x19, 0x00, 0x00, 0x00, 0x00, 0xef, 0x00, 0x00, 0x00, 0x00, 0x00, 0x00,
  0x16, 0xe6, 0x00, 0x7f, 0x6d, 0x00, 0xe1, 0x00, 0x00, 0x00, 0x00, 0x00,
  0x00, 0xdf, 0x00, 0x00, 0x19, 0xbc, 0x00, 0xcd, 0x55, 0x6e, 0x52, 0x95,
  0xd4, 0x00, 0x7f, 0x3b, 0xb1, 0xd2, 0x00, 0x00, 0x34, 0x00, 0x00, 0x00,
  0x3e, 0x54, 0xeb, 0xe8, 0xe4, 0x00, 0x00, 0x00, 0xe3, 0x00, 0xce, 0x00,
  0x7f, 0x00, 0x00, 0x00, 0x1a, 0xe1, 0x16, 0xed, 0x00, 0xe1, 0xeb, 0x00,
  0x3b, 0x7f, 0x70, 0x00, 0xb0, 0xe1, 0x00, 0xd3, 0x00, 0x00, 0x00, 0xe6,
  0x00, 0xe4, 0xe6, 0x00, 0x00, 0x00, 0x1e, 0x28, 0x7a, 0xa9, 0xff, 0xff,
  0x04, 0x00, 0x00, 0x00, 0x30, 0x00, 0x00, 0x00, 0x4f, 0xf7, 0xff, 0xff,
  0x74, 0xf3, 0xff, 0xff, 0x03, 0xf1, 0xff, 0xff, 0x4c, 0x00, 0x00, 0x00,
  0xd5, 0xf6, 0xff, 0xff, 0xd5, 0xfb, 0xff, 0xff, 0x0b, 0xf6, 0xff, 0xff,
  0xea, 0xfa, 0xff, 0xff, 0x93, 0xfb, 0xff, 0xff, 0x6c, 0xf7, 0xff, 0xff,
  0xd5, 0xf8, 0xff, 0xff, 0x16, 0xf8, 0xff, 0xff, 0xb6, 0xa9, 0xff, 0xff,
  0x04, 0x00, 0x00, 0x00, 0xc0, 0x0f, 0x00, 0x00, 0x00, 0x00, 0x35, 0x00,
  0x00, 0x00, 0xd4, 0x00, 0x3f, 0x4b, 0x23, 0x00, 0xdf, 0x49, 0x2e, 0x00,
  0x00, 0x00, 0xd5, 0x00, 0x33, 0x21, 0x00, 0x70, 0x00, 0x00, 0x00, 0x52,
  0x2a, 0x00, 0xca, 0x00, 0x00, 0x00, 0x00, 0x47, 0x28, 0xdf, 0x00, 0x48,
  0x00, 0x5c, 0x00, 0x00, 0x00, 0x00, 0xdb, 0xe1, 0xd9, 0x00, 0xad, 0xc7,
  0x2a, 0x00, 0x00, 0xd4, 0xdf, 0x00, 0xe3, 0xa3, 0xc8, 0x00, 0xe0, 0xc0,
  0x00, 0xbd, 0x00, 0xc0, 0x00, 0x20, 0x33, 0x9a, 0x25, 0x00, 0x41, 0xc3,
  0x00, 0xc7, 0x00, 0x2e, 0x2c, 0x33, 0x3c, 0x00, 0x49, 0x00, 0x45, 0x00,
  0x00, 0x00, 0x00, 0x7f, 0x7c, 0x00, 0x00, 0xc8, 0x00, 0xd6, 0x30, 0x2c,
  0xd6, 0x00, 0xd7, 0x00, 0x3c, 0x30, 0xd4, 0xd7, 0x00, 0xd0, 0x33, 0x00,
  0xe0, 0xdb, 0x30, 0xcc, 0x00, 0x36, 0xd1, 0x3b, 0x00, 0x00, 0x00, 0x30,
  0x00, 0xac, 0x40, 0x28, 0x00, 0xd1, 0xc6, 0x3a, 0x00, 0xd3, 0x00, 0x00,
  0x00, 0xac, 0x00, 0x00, 0x00, 0x00, 0xbf, 0x00, 0x00, 0xda, 0x00, 0x00,
  0x00, 0x00, 0x00, 0xda, 0x00, 0xd5, 0xc9, 0x00, 0x00, 0x00, 0x00, 0xde,
  0xe1, 0xda, 0x30, 0x27, 0x00, 0xb4, 0xe7, 0x00, 0x00, 0x00, 0x00, 0x00,
  0x00, 0x9f, 0x00, 0x00, 0x23, 0xcd, 0x00, 0xc6, 0xa5, 0x24, 0x00, 0xc2,
  0x00, 0x00, 0x00, 0x00, 0x00, 0xda, 0x00, 0x00, 0x00, 0x00, 0x00, 0xc4,
  0xd6, 0x00, 0x00, 0x00, 0x00, 0x00, 0x00, 0x39, 0xdd, 0x00, 0x00, 0x00,
  0xbd, 0xd9, 0x00, 0xdf, 0xe0, 0x00, 0x00, 0x25, 0x00, 0x00, 0xd7, 0x00,
  0x00, 0x00, 0xcf, 0xc2, 0xc1, 0x00, 0x00, 0x22, 0xdc, 0x00, 0xd3, 0xd3,
  0x00, 0x00, 0x00, 0xa1, 0xd6, 0x00, 0x00, 0x34, 0x00, 0xbe, 0x00, 0x00,
  0xcb, 0xcb, 0xe3, 0x00, 0xc4, 0x95, 0x00, 0x00, 0x59, 0x00, 0xbd, 0x22,
  0x00, 0x44, 0xd1, 0x00, 0xdd, 0x28, 0x3d, 0x00, 0x00, 0x00, 0x00, 0xd6,
  0x00, 0x00, 0xa2, 0x2e, 0x00, 0x53, 0x00, 0xc1, 0xce, 0x00, 0x00, 0xe1,
  0x00, 0x00, 0xd9, 0x00, 0x00, 0xc8, 0xe1, 0xbb, 0x00, 0x00, 0x2d, 0xcd,
  0x00, 0x1f, 0x00, 0x00, 0x00, 0x38, 0x29, 0x00, 0x71, 0x00, 0x32, 0x00,
  0x00, 0xd6, 0x46, 0x69, 0x3c, 0x00, 0x00, 0x00, 0x00, 0xab, 0x00, 0x00,
  0x00, 0xac, 0x00, 0x00, 0x00, 0xde, 0x26, 0x00, 0x00, 0xc3, 0x00, 0x1e,
  0x00, 0xd5, 0xd7, 0xcd, 0x00, 0x00, 0x00, 0x41, 0x00, 0x00, 0x28, 0x00,
  0xcb, 0x2a, 0x00, 0x00, 0xde, 0x00, 0xb1, 0x00, 0x00, 0x2b, 0x00, 0x00,
  0x2e, 0xc9, 0x00, 0x00, 0x22, 0x00, 0xc6, 0xe1, 0x00, 0x00, 0x00, 0x42,
  0x00, 0x00, 0xe5, 0x00, 0x00, 0xaf, 0x00, 0xbe, 0x36, 0xce, 0x1d, 0x00,
  0x00, 0x00, 0xde, 0x00, 0x00, 0x00, 0x22, 0x00, 0x00, 0xd3, 0x00, 0xc1,
  0x00, 0xd0, 0x00, 0x2f, 0x00, 0xbc, 0x00, 0xde, 0x8d, 0x00, 0xd1, 0x00,
  0x00, 0x8d, 0x00, 0xdc, 0x00, 0xcb, 0x00, 0xa3, 0xa0, 0x00, 0x00, 0x8a,
  0x23, 0xbb, 0xd6, 0x00, 0x00, 0x2b, 0x28, 0x31, 0x00, 0x00, 0x25, 0x00,
  0xd8, 0xa0, 0x37, 0x32, 0x00, 0xda, 0x00, 0x00, 0x2a, 0x00, 0x00, 0x38,
  0xdc, 0x00, 0x00, 0x00, 0x00, 0x00, 0xe0, 0x00, 0xd8, 0xe5, 0xc3, 0x00,
  0x00, 0x00, 0x00, 0xb0, 0xac, 0x22, 0xbe, 0x43, 0xb4, 0x00, 0x00, 0x00,
  0x00, 0x00, 0x55, 0x81, 0xb1, 0x00, 0x00, 0x00, 0x00, 0x00, 0xc9, 0xd5,
  0x00, 0x00, 0x2b, 0x84, 0x9a, 0x00, 0x33, 0xbf, 0x93, 0xe0, 0x00, 0xae,
  0x00, 0xce, 0xac, 0x00, 0x00, 0x87, 0x00, 0xca, 0xb0, 0xda, 0x26, 0xab,
  0xa5, 0x00, 0xd2, 0x00, 0x00, 0xa4, 0x00, 0xc8, 0x00, 0xe5, 0x00, 0xda,
  0x19, 0x00, 0x00, 0xe6, 0x00, 0xaa, 0x29, 0xe2, 0xe1, 0x00, 0x00, 0x93,
  0x00, 0x00, 0xb1, 0x00, 0x00, 0xda, 0x20, 0x9b, 0x00, 0x00, 0x2c, 0xb6,
  0xde, 0x25, 0xcc, 0x1d, 0x28, 0x00, 0x1c, 0x81, 0x4e, 0xdb, 0x20, 0x00,
  0xdd, 0xb6, 0xe3, 0x2a, 0x35, 0x00, 0x1f, 0xd0, 0x00, 0xb0, 0x00, 0x00,
  0x00, 0xcc, 0x00, 0x00, 0x00, 0x00, 0x00, 0x00, 0xd8, 0xe2, 0xb3, 0x00,
  0x00, 0x00, 0x00, 0xa7, 0xd6, 0x1d, 0xe8, 0x3f, 0x00, 0xd5, 0xb9, 0x00,
  0x00, 0xb3, 0x00, 0xbf, 0xaf, 0xd3, 0x00, 0x1f, 0x00, 0x00, 0xdd, 0x00,
  0x00, 0x00, 0x00, 0x00, 0xba, 0x93, 0xc8, 0x00, 0x00, 0x00, 0xad, 0xdb,
  0xd9, 0x2f, 0xd2, 0x00, 0x9b, 0xc4, 0x00, 0xb7, 0xe5, 0xdc, 0x00, 0x00,
  0x00, 0x00, 0xae, 0x9b, 0xdd, 0xe2, 0xd8, 0xaa, 0x00, 0x00, 0x00, 0x00,
  0x00, 0x00, 0xa7, 0xbd, 0x00, 0xcc, 0x00, 0xac, 0x00, 0x00, 0x00, 0xd5,
  0x00, 0x00, 0x99, 0x1b, 0x28, 0xd6, 0x29, 0x9e, 0x00, 0xcb, 0x00, 0x00,
  0x00, 0x00, 0xb2, 0x00, 0x00, 0xd9, 0x00, 0xe2, 0x00, 0x00, 0x00, 0x00,
  0x00, 0x00, 0xc6, 0x00, 0x00, 0x00, 0x00, 0xdd, 0x00, 0xe3, 0x18, 0xdf,
  0x00, 0xd6, 0x00, 0x00, 0x00, 0x00, 0x00, 0x00, 0x1d, 0xe1, 0x00, 0x2c,
  0xdd, 0x00, 0x00, 0x00, 0x20, 0x00, 0x00, 0xe2, 0x00, 0x23, 0x00, 0x00,
  0x00, 0x00, 0x00, 0x00, 0x00, 0xe5, 0x00, 0x00, 0x9b, 0x00, 0xda, 0xe2,
  0xd2, 0xc8, 0xdd, 0x00, 0x00, 0x93, 0x00, 0x25, 0xd7, 0x00, 0xe4, 0x00,
  0xcd, 0x2c, 0x3f, 0xdb, 0x00, 0x00, 0x00, 0x00, 0x00, 0x00, 0xd5, 0x00,
  0x20, 0x19, 0x00, 0x00, 0x00, 0x00, 0x00, 0x00, 0xe2, 0xc6, 0xdc, 0x00,
  0x00, 0xda, 0xe5, 0x00, 0xc7, 0x86, 0x00, 0x00, 0xde, 0xd8, 0xb1, 0x21,
  0x00, 0xe1, 0x00, 0x8e, 0x87, 0x00, 0x00, 0x2b, 0x1f, 0xcc, 0xb3, 0x00,
  0x00, 0x00, 0x00, 0xd5, 0xc4, 0xbe, 0xcf, 0xc4, 0x00, 0x00, 0xb7, 0x9d,
  0x00, 0x00, 0x88, 0xdc, 0xd7, 0x00, 0xdb, 0xa8, 0xa3, 0x00, 0x00, 0xdc,
  0x00, 0x00, 0x00, 0x00, 0x00, 0x41, 0xd5, 0xc8, 0x2e, 0x00, 0x40, 0xc5,
  0x00, 0x00, 0x00, 0x00, 0x00, 0x00, 0x00, 0xdd, 0x32, 0x00, 0x4d, 0xe1,
  0x00, 0xba, 0x2d, 0x46, 0x54, 0x00, 0xc7, 0xc7, 0x00, 0x00, 0x25, 0x00,
  0x00, 0x00, 0x00, 0x1f, 0x23, 0x00, 0x00, 0xda, 0x3c, 0x94, 0x00, 0x00,
  0x00, 0x34, 0xdd, 0xca, 0x25, 0x22, 0x00, 0x00, 0x00, 0xb8, 0x00, 0x00,
  0x44, 0xe4, 0x00, 0x2a, 0x2c, 0x00, 0x81, 0x00, 0xdb, 0xd0, 0x00, 0xd1,
  0x00, 0xc3, 0xdc, 0xe3, 0x00, 0xb7, 0x00, 0x00, 0x00, 0xe3, 0x00, 0xe2,
  0x00, 0xd9, 0x8e, 0x00, 0x00, 0x23, 0x3d, 0x1c, 0x56, 0x00, 0x4a, 0x00,
  0x00, 0xd4, 0xd4, 0x54, 0x43, 0x00, 0x00, 0x27, 0x00, 0x41, 0x1d, 0x3d,
  0x00, 0x00, 0xc5, 0x3b, 0x27, 0x00, 0xdf, 0x00, 0x00, 0x00, 0x00, 0x29,
  0x27, 0x2d, 0xd5, 0x00, 0x00, 0x00, 0xae, 0x3e, 0x00, 0xca, 0xdd, 0x3a,
  0x00, 0x46, 0x24, 0x00, 0x00, 0x00, 0x00, 0x00, 0x00, 0x9d, 0xc1, 0xe3,
  0x00, 0x00, 0x00, 0x00, 0x1f, 0xc8, 0x00, 0x00, 0x00, 0xb5, 0xc0, 0xd9,
  0xde, 0xd1, 0xdc, 0x00, 0xd0, 0x00, 0x00, 0xd3, 0xc4, 0x00, 0x22, 0xc5,
  0x00, 0x86, 0xaf, 0x00, 0x00, 0x00, 0x2b, 0x2d, 0x2c, 0x00, 0x50, 0xdb,
  0xd8, 0xa8, 0x00, 0x38, 0x35, 0x3f, 0xd4, 0x00, 0x00, 0xe0, 0x00, 0x00,
  0x00, 0xc0, 0x00, 0x00, 0x25, 0x00, 0x9a, 0x00, 0x00, 0x29, 0x00, 0x00,
  0x3a, 0xc9, 0xd9, 0xb9, 0x00, 0x1f, 0x89, 0x00, 0x20, 0x2a, 0x27, 0x00,
  0x19, 0xbe, 0xcd, 0x00, 0x25, 0x00, 0x53, 0xd9, 0x4f, 0x00, 0x33, 0x00,
  0xcb, 0xd7, 0xcc, 0x44, 0x41, 0x00, 0x00, 0xbb, 0x00, 0x00, 0x00, 0x00,
  0xe4, 0xdf, 0x00, 0x20, 0x00, 0x34, 0xba, 0xdc, 0x00, 0xe1, 0x00, 0x00,
  0xe7, 0xd8, 0x00, 0x00, 0x00, 0x2e, 0xb9, 0x21, 0x00, 0xd6, 0x00, 0x00,
  0xe7, 0xdc, 0x00, 0x00, 0x00, 0xdc, 0xe4, 0x1f, 0x1a, 0x00, 0x00, 0x00,
  0xce, 0xdd, 0x00, 0x00, 0x00, 0xe1, 0xc3, 0x00, 0x00, 0x21, 0xe5, 0x29,
  0x2d, 0xd9, 0x00, 0x00, 0xd4, 0xdf, 0xc9, 0x00, 0x00, 0xcc, 0xdd, 0x46,
  0xe2, 0xda, 0x00, 0x00, 0x00, 0x00, 0x00, 0x00, 0x00, 0x1d, 0xd8, 0x00,
  0x2f, 0x00, 0xe0, 0x00, 0x00, 0x00, 0x00, 0x00, 0xdb, 0x00, 0x00, 0xa3,
  0xdc, 0xca, 0x00, 0x00, 0x00, 0xd5, 0xcc, 0x00, 0x00, 0x00, 0x17, 0xe4,
  0x00, 0xd4, 0x00, 0x00, 0xd9, 0x00, 0x00, 0xc0, 0x00, 0xe5, 0x00, 0x00,
  0x00, 0xd5, 0xd6, 0x00, 0x00, 0x2a, 0x29, 0x00, 0x31, 0xc2, 0x00, 0x00,
  0x00, 0xde, 0xe2, 0x2e, 0x00, 0xe6, 0x00, 0x00, 0x00, 0xeb, 0xc9, 0xe0,
  0xd9, 0x00, 0xd4, 0xcd, 0x00, 0x00, 0xd7, 0x00, 0xca, 0xbf, 0x00, 0x00,
  0xd9, 0xa7, 0x00, 0x00, 0x00, 0x00, 0xb2, 0x00, 0x00, 0x00, 0x00, 0xe6,
  0xd3, 0x00, 0x1b, 0x00, 0x00, 0x43, 0xe8, 0xd8, 0xc7, 0x23, 0xb5, 0x00,
  0x29, 0xac, 0xe6, 0xd2, 0xe6, 0x00, 0xa9, 0x00, 0x00, 0x00, 0xca, 0x1e,
  0xcc, 0xbb, 0x00, 0x00, 0xcd, 0x00, 0xca, 0x2e, 0xe0, 0x00, 0x84, 0x00,
  0x00, 0xe2, 0x00, 0xb2, 0xb3, 0x00, 0xbe, 0x00, 0x00, 0xc9, 0x81, 0x00,
  0xda, 0x00, 0x00, 0xe1, 0xb0, 0x00, 0xb7, 0xd9, 0xbc, 0xc0, 0x88, 0x00,
  0xc8, 0xe0, 0x00, 0x98, 0x83, 0x00, 0xc8, 0xcf, 0x00, 0xe3, 0xcf, 0x00,
  0x00, 0x19, 0x33, 0xe2, 0xe5, 0x00, 0x00, 0xe2, 0xdc, 0x00, 0x00, 0x00,
  0x00, 0xc1, 0xd1, 0x00, 0x00, 0x00, 0x27, 0xca, 0xe6, 0x00, 0x26, 0xbf,
  0xe7, 0xdc, 0xb5, 0x00, 0x00, 0x00, 0x1e, 0xd6, 0x00, 0x00, 0x28, 0x00,
  0x00, 0x00, 0x81, 0x00, 0x2b, 0x32, 0x00, 0x00, 0x2e, 0xe2, 0x47, 0x1c,
  0x00, 0xc2, 0xc5, 0x26, 0x27, 0x1a, 0x00, 0x00, 0x00, 0x00, 0x24, 0x3d,
  0xe4, 0xe6, 0x00, 0x00, 0x00, 0x00, 0xdf, 0x23, 0x17, 0xe1, 0x00, 0x1d,
  0x00, 0x00, 0xd0, 0xdc, 0x00, 0x00, 0xce, 0x22, 0xe8, 0x00, 0x00, 0x23,
  0x00, 0x00, 0xdf, 0xd4, 0xe4, 0x00, 0xd8, 0x2a, 0x00, 0x00, 0x00, 0x1a,
  0x00, 0x00, 0xe4, 0xe4, 0xd8, 0x00, 0x00, 0x00, 0x00, 0xda, 0x00, 0x00,
  0x00, 0x00, 0xc2, 0x00, 0x00, 0x1e, 0xd8, 0xc8, 0x18, 0xdd, 0x00, 0xec,
  0x00, 0xd6, 0xc8, 0x00, 0x00, 0xe1, 0x00, 0xe6, 0x00, 0x00, 0x00, 0x00,
  0xde, 0xce, 0x00, 0x00, 0x00, 0x1c, 0x00, 0x00, 0xd8, 0x00, 0x22, 0x00,
  0xe7, 0xbe, 0x00, 0x00, 0x00, 0x00, 0xe6, 0x00, 0x00, 0x00, 0x00, 0x17,
  0x00, 0x00, 0x00, 0x00, 0x20, 0xe4, 0xb7, 0x00, 0x29, 0xa9, 0x00, 0x00,
  0x00, 0xdd, 0x18, 0x00, 0x00, 0x00, 0xe8, 0x00, 0xe8, 0x89, 0xe6, 0x00,
  0xe4, 0x00, 0x1b, 0xdd, 0x00, 0xe7, 0xdc, 0x33, 0xb9, 0x9e, 0xd1, 0x00,
  0xe6, 0xc6, 0x00, 0xd6, 0xdc, 0x00, 0xd6, 0x27, 0xc9, 0x00, 0x00, 0x00,
  0x00, 0xa4, 0x00, 0x00, 0xdc, 0x00, 0xdf, 0x1d, 0x00, 0x16, 0x00, 0xdc,
  0x00, 0xbb, 0xde, 0x18, 0x00, 0x00, 0xc3, 0xdb, 0x00, 0x00, 0x00, 0x17,
  0x19, 0xcd, 0xa6, 0x00, 0xe0, 0x00, 0xdc, 0x00, 0x00, 0x1e, 0xe6, 0x00,
  0x00, 0x00, 0xe5, 0xc1, 0xcf, 0x1f, 0xc5, 0x00, 0x32, 0xd0, 0x00, 0x3f,
  0x00, 0x33, 0x00, 0x00, 0x24, 0x2c, 0x00, 0x27, 0x3b, 0x00, 0xe4, 0x00,
  0x42, 0x00, 0x00, 0x30, 0x00, 0xc0, 0x2b, 0x00, 0xa5, 0x00, 0x00, 0x00,
  0x00, 0xda, 0x00, 0x00, 0x00, 0xcc, 0x24, 0x00, 0x00, 0x00, 0x28, 0xdd,
  0x4a, 0x00, 0x00, 0x2f, 0x29, 0x00, 0x3b, 0x21, 0x45, 0x00, 0x4f, 0x00,
  0x00, 0xbc, 0x2c, 0x2f, 0x41, 0x3f, 0x00, 0x38, 0x5b, 0x00, 0x00, 0x00,
  0x00, 0xdc, 0x00, 0x32, 0x29, 0x00, 0x1c, 0x00, 0xaf, 0x93, 0x00, 0x00,
  0x00, 0xb3, 0xdc, 0xae, 0x00, 0x00, 0xe3, 0x00, 0x00, 0xb7, 0x00, 0x00,
  0xe2, 0x00, 0x30, 0x00, 0x00, 0xd6, 0xc6, 0x40, 0xd6, 0x00, 0x21, 0xd9,
  0xd4, 0xd2, 0x2b, 0x00, 0x00, 0x00, 0xc3, 0x00, 0xba, 0x00, 0x2b, 0x00,
  0x1c, 0xb9, 0x00, 0x00, 0x00, 0x00, 0xaa, 0x00, 0xc0, 0xe3, 0x00, 0x00,
  0x00, 0xd3, 0x00, 0xdf, 0xce, 0x28, 0x00, 0x00, 0x22, 0x00, 0x00, 0x00,
  0x4b, 0x39, 0x00, 0x00, 0xdb, 0x00, 0xbc, 0x00, 0x00, 0x00, 0x00, 0x00,
  0x00, 0xe0, 0x00, 0xca, 0xd8, 0xb1, 0xe0, 0xdf, 0xdc, 0xdc, 0xac, 0xda,
  0x00, 0x00, 0x00, 0x81, 0xcc, 0x00, 0x2c, 0xd7, 0xc2, 0x00, 0xda, 0xb4,
  0xe3, 0x00, 0x46, 0x00, 0x00, 0xde, 0x3f, 0x00, 0x00, 0x00, 0x00, 0xd9,
  0x00, 0x00, 0x00, 0x39, 0x00, 0xd2, 0xdd, 0x9e, 0x00, 0x00, 0x00, 0xd2,
  0x00, 0x00, 0xb6, 0x25, 0x00, 0xdd, 0x00, 0x00, 0x00, 0x00, 0x2d, 0x00,
  0x40, 0xd9, 0xd2, 0x00, 0x00, 0x00, 0x00, 0x27, 0x00, 0x00, 0x00, 0x00,
  0xc2, 0x00, 0x5b, 0x28, 0x00, 0xca, 0xce, 0xe7, 0x00, 0xcc, 0xdd, 0xd6,
  0x00, 0x1e, 0x00, 0xde, 0xe0, 0xe2, 0x3a, 0x00, 0x00, 0xae, 0xd3, 0xa8,
  0xbf, 0xdc, 0x00, 0x00, 0xd5, 0x8a, 0x00, 0x00, 0xd5, 0xd6, 0xc8, 0xdd,
  0xb2, 0x00, 0x2f, 0x00, 0xd1, 0x00, 0x00, 0x00, 0xdb, 0x00, 0x9e, 0x00,
  0x00, 0xba, 0x00, 0xdb, 0xab, 0xba, 0xe5, 0x1f, 0xa9, 0xdd, 0x8a, 0xc2,
  0xae, 0xb0, 0x20, 0x00, 0x82, 0x00, 0x00, 0xe7, 0xd2, 0x00, 0xb2, 0xdd,
  0x00, 0x00, 0x00, 0x9e, 0xb6, 0x00, 0x00, 0xd3, 0xd1, 0x29, 0xb2, 0xc2,
  0x00, 0x00, 0xc2, 0xce, 0xa7, 0x00, 0xd7, 0xe4, 0xc9, 0x4e, 0xdb, 0x00,
  0x2d, 0x00, 0xd9, 0x9f, 0xb2, 0x00, 0x00, 0xe9, 0x00, 0x34, 0xc8, 0x00,
  0x00, 0x19, 0xcd, 0x9c, 0x9e, 0x32, 0x00, 0xdd, 0x00, 0x2e, 0xb0, 0x00,
  0x00, 0x21, 0xda, 0xe2, 0xc1, 0x1d, 0xc8, 0xbc, 0x00, 0x00, 0xba, 0x23,
  0x00, 0x3e, 0x9d, 0xe0, 0xba, 0x00, 0x00, 0xd2, 0x00, 0x2f, 0xc5, 0x00,
  0x32, 0x22, 0xb4, 0xdd, 0xdc, 0x00, 0x25, 0x00, 0x00, 0x00, 0xdb, 0x00,
  0x00, 0x00, 0x00, 0x00, 0xd7, 0xe7, 0x3c, 0xdc, 0x00, 0x00, 0x00, 0x00,
  0xd5, 0x00, 0x00, 0x00, 0x00, 0x00, 0x45, 0xb5, 0x00, 0x00, 0x1d, 0xa3,
  0xe2, 0x00, 0x00, 0x00, 0x00, 0x00, 0x00, 0xcd, 0xe1, 0x00, 0x00, 0x00,
  0x00, 0x81, 0x00, 0x00, 0x00, 0xc6, 0x00, 0x00, 0xcb, 0x00, 0x00, 0x21,
  0x00, 0x00, 0x00, 0xe5, 0x00, 0x3a, 0x00, 0x28, 0x00, 0x00, 0x1c, 0x00,
  0x00, 0xe0, 0x2c, 0x27, 0x00, 0xe1, 0x00, 0x00, 0x00, 0x00, 0xd2, 0x44,
  0x00, 0x26, 0x00, 0x00, 0xd0, 0xd0, 0xdf, 0x00, 0x00, 0x00, 0xad, 0x1b,
  0x3d, 0x00, 0x20, 0x98, 0x93, 0x00, 0x00, 0x26, 0xdf, 0xde, 0xbd, 0x00,
  0xe1, 0x00, 0x34, 0xdc, 0xc4, 0x00, 0xa2, 0x00, 0x00, 0xe3, 0xde, 0x00,
  0x00, 0x00, 0x00, 0xd3, 0x00, 0x00, 0x00, 0x00, 0x00, 0x00, 0x00, 0xc8,
  0x1e, 0xd3, 0xdd, 0x00, 0x00, 0x00, 0x00, 0xb9, 0x9b, 0x00, 0xe4, 0xdd,
  0xb6, 0xd4, 0x30, 0x00, 0x1c, 0xc3, 0x45, 0x00, 0xa7, 0x00, 0x00, 0xcf,
  0x00, 0x00, 0x00, 0xd3, 0x00, 0x28, 0x62, 0x28, 0x46, 0x00, 0x3a, 0xc4,
  0x00, 0x00, 0x30, 0x65, 0x56, 0x00, 0xe5, 0x00, 0x00, 0x00, 0x00, 0x26,
  0x00, 0x00, 0x2c, 0x00, 0x00, 0x00, 0x00, 0x00, 0x00, 0x00, 0xd8, 0x19,
  0x00, 0x00, 0xe0, 0xb4, 0xc2, 0x00, 0xd0, 0x3f, 0xe0, 0xce, 0x22, 0xe0,
  0x1f, 0x00, 0x71, 0xc3, 0x00, 0xb3, 0x00, 0x33, 0x00, 0x00, 0x00, 0x00,
  0xc2, 0x1d, 0x32, 0x00, 0xe4, 0x00, 0xe4, 0xdb, 0xaf, 0x00, 0x00, 0x00,
  0x00, 0xce, 0x00, 0xe1, 0x00, 0xcb, 0x00, 0xbc, 0xd0, 0x00, 0x00, 0x00,
  0x00, 0xdd, 0xc3, 0x00, 0x00, 0xc1, 0x26, 0x00, 0x00, 0x00, 0x27, 0x00,
  0x00, 0x32, 0x00, 0x00, 0x00, 0x00, 0x00, 0xdf, 0x00, 0x1e, 0x00, 0xdc,
  0x00, 0x00, 0x00, 0x00, 0x3c, 0x00, 0x00, 0x00, 0xac, 0xe3, 0x1f, 0x00,
  0x00, 0x00, 0x00, 0x00, 0x00, 0xd2, 0x00, 0x00, 0xcf, 0x25, 0x00, 0xdf,
  0x00, 0x00, 0x00, 0x00, 0x00, 0x1d, 0x24, 0x1e, 0xe4, 0x00, 0x00, 0x00,
  0x00, 0x00, 0x2f, 0x30, 0x00, 0xb5, 0x00, 0x00, 0x00, 0x00, 0x00, 0x00,
  0x00, 0x2e, 0xdd, 0x00, 0xda, 0xc9, 0x00, 0x00, 0xb4, 0x00, 0x00, 0xc6,
  0x1c, 0x00, 0xe9, 0xb9, 0xda, 0x00, 0x29, 0x21, 0x00, 0x00, 0x2b, 0xc2,
  0x00, 0x33, 0x45, 0x00, 0xdb, 0x00, 0x00, 0x00, 0x81, 0x24, 0x00, 0xb6,
  0x00, 0xc8, 0xdc, 0xc1, 0x00, 0x00, 0x00, 0xe0, 0x00, 0x48, 0x00, 0x00,
  0x00, 0x00, 0xc9, 0x00, 0x00, 0x00, 0x00, 0xe0, 0x24, 0x29, 0xe1, 0x00,
  0x00, 0x5b, 0x00, 0xc8, 0xb2, 0x4d, 0x3a, 0x20, 0x31, 0x00, 0xa9, 0x00,
  0x1e, 0x40, 0x00, 0x00, 0xac, 0x00, 0xc2, 0x00, 0x00, 0xa4, 0x8c, 0x00,
  0x00, 0x00, 0x00, 0x00, 0x00, 0xaf, 0x00, 0x00, 0x00, 0x00, 0x9a, 0xac,
  0x00, 0x00, 0xb2, 0x00, 0x00, 0xad, 0x99, 0xb0, 0xad, 0x00, 0x00, 0xaa,
  0x00, 0x00, 0x00, 0x9a, 0xa4, 0x00, 0x00, 0x00, 0x00, 0x00, 0x00, 0x89,
  0x00, 0x00, 0x00, 0x00, 0x00, 0x00, 0x00, 0x00, 0x00, 0x00, 0x00, 0x00,
  0x00, 0xaa, 0xb1, 0x00, 0x00, 0x00, 0x00, 0x00, 0x00, 0x00, 0x00, 0x00,
  0x00, 0x00, 0x00, 0x00, 0x00, 0x00, 0x00, 0x00, 0x00, 0x00, 0x00, 0x00,
  0x00, 0x00, 0x00, 0xae, 0xa3, 0x00, 0xa6, 0x00, 0xaa, 0x00, 0x00, 0x00,
  0xb0, 0x00, 0x00, 0x00, 0xa7, 0x00, 0x00, 0x00, 0x00, 0x00, 0x00, 0x00,
  0x00, 0xa7, 0x00, 0x00, 0x9b, 0x00, 0x00, 0x00, 0x00, 0xab, 0xb1, 0x9d,
  0xae, 0x00, 0x00, 0x00, 0x00, 0xa1, 0x00, 0x00, 0x9a, 0x00, 0x00, 0x95,
  0xa3, 0x00, 0x00, 0x00, 0x00, 0x00, 0x00, 0x00, 0x00, 0x00, 0x00, 0x00,
  0x00, 0x00, 0x00, 0x00, 0xb0, 0x00, 0x00, 0x00, 0x00, 0x00, 0x00, 0x00,
  0x00, 0x00, 0x00, 0x00, 0x00, 0x00, 0x00, 0xa1, 0x00, 0x90, 0x00, 0x00,
  0x00, 0x00, 0xa8, 0xa3, 0x00, 0x00, 0x00, 0x00, 0x00, 0x00, 0x00, 0xb1,
  0x00, 0x00, 0xa5, 0x00, 0xa9, 0x00, 0x00, 0xa2, 0x00, 0xb1, 0x00, 0xa2,
  0x00, 0x00, 0x00, 0x00, 0x00, 0xab, 0x00, 0x00, 0x00, 0x00, 0xa8, 0x00,
  0x00, 0x81, 0x00, 0x00, 0x00, 0x00, 0x00, 0xaf, 0x9f, 0x00, 0x00, 0x00,
  0x00, 0x00, 0x00, 0x00, 0x00, 0x00, 0x00, 0x00, 0x00, 0x00, 0x00, 0x00,
  0x00, 0x00, 0x00, 0x00, 0x00, 0x9a, 0x8e, 0x00, 0xa8, 0x00, 0x00, 0x00,
  0x00, 0x00, 0x00, 0x00, 0x00, 0x00, 0x00, 0x00, 0x8d, 0x00, 0xa8, 0x00,
  0x00, 0x00, 0x00, 0x00, 0x00, 0x00, 0x00, 0x00, 0x00, 0xa3, 0x99, 0xe2,
  0xe1, 0x2b, 0x00, 0x00, 0xab, 0x00, 0x00, 0xd8, 0x00, 0xcf, 0xad, 0x9e,
  0x00, 0xe3, 0xc1, 0x00, 0x86, 0xcc, 0xd6, 0xd9, 0x9d, 0xcb, 0xc3, 0x00,
  0x27, 0xc8, 0xdc, 0x00, 0xae, 0x00, 0x00, 0xa0, 0x9d, 0x00, 0x00, 0x00,
  0x22, 0x00, 0xe3, 0xcf, 0xb8, 0x21, 0x00, 0xb4, 0x00, 0xda, 0x00, 0x00,
  0x00, 0x00, 0x00, 0x1e, 0x00, 0x00, 0x00, 0xc8, 0x00, 0x00, 0xc3, 0x00,
  0x00, 0x25, 0x00, 0x00, 0xd4, 0x00, 0x1e, 0xda, 0x00, 0xbf, 0xdb, 0x00,
  0xbc, 0x00, 0xdb, 0x00, 0xda, 0xdc, 0x41, 0x30, 0x1a, 0xaf, 0xb8, 0x00,
  0xb3, 0x00, 0x00, 0x00, 0x00, 0xc9, 0x2a, 0x00, 0xb0, 0x2a, 0x00, 0xd3,
  0xe4, 0x00, 0x00, 0x00, 0x00, 0x00, 0x00, 0x00, 0xad, 0x4a, 0x00, 0xcb,
  0x32, 0xd1, 0xdd, 0x00, 0x00, 0x00, 0x00, 0x00, 0x00, 0x00, 0x00, 0x29,
  0x00, 0x00, 0x00, 0x00, 0xe2, 0x00, 0x00, 0xd2, 0x40, 0xd5, 0x00, 0x35,
  0x00, 0x51, 0xbb, 0x00, 0xd1, 0x00, 0x00, 0xcd, 0x00, 0xb7, 0xc5, 0xd8,
  0x00, 0xdc, 0xcd, 0x00, 0xdd, 0xab, 0x00, 0xd6, 0xba, 0xcc, 0x81, 0xd7,
  0x00, 0xe1, 0x9e, 0x81, 0x9a, 0x00, 0x2a, 0xce, 0x00, 0x00, 0x00, 0x00,
  0x00, 0x00, 0xd9, 0x00, 0x00, 0x46, 0x4e, 0x00, 0x47, 0x26, 0x35, 0xd4,
  0xba, 0xd7, 0xcd, 0x45, 0x25, 0x00, 0xa8, 0x00, 0x00, 0x32, 0x00, 0x25,
  0x00, 0xcd, 0xb7, 0x00, 0x00, 0x00, 0xca, 0xbc, 0x00, 0x4c, 0xd6, 0x27,
  0x3c, 0x00, 0x00, 0xcb, 0xd0, 0x4a, 0xdf, 0x41, 0x00, 0x5b, 0xc4, 0x00,
  0x2f, 0x1d, 0x00, 0xb5, 0xa7, 0x19, 0xb0, 0x21, 0x1e, 0x41, 0x00, 0x51,
  0x30, 0x35, 0xdd, 0xb7, 0xbc, 0x1f, 0xe2, 0x00, 0x54, 0x30, 0x00, 0x55,
  0x35, 0x69, 0x86, 0x00, 0x00, 0x34, 0xcb, 0x9e, 0x36, 0x00, 0x00, 0x00,
  0x00, 0x19, 0x20, 0x1e, 0x00, 0xe0, 0x22, 0xd7, 0x2c, 0x00, 0x1e, 0x00,
  0x00, 0x00, 0x00, 0x21, 0x00, 0x00, 0x4f, 0xe5, 0x00, 0x00, 0x00, 0xd8,
  0x36, 0xc7, 0x00, 0x00, 0x00, 0x2d, 0x2c, 0x00, 0xed, 0x00, 0x44, 0x00,
  0x2e, 0xc8, 0x00, 0x1b, 0x26, 0x21, 0x00, 0x00, 0x00, 0x23, 0x00, 0x31,
  0x30, 0x1e, 0x00, 0x00, 0x00, 0x00, 0x00, 0xed, 0x17, 0xd7, 0x00, 0x00,
  0x2a, 0x2c, 0x25, 0x00, 0x23, 0x19, 0xe5, 0x1b, 0x00, 0xe2, 0xd0, 0x00,
  0x2a, 0x30, 0x36, 0x1e, 0x00, 0xe0, 0x00, 0x32, 0xdf, 0xcb, 0xd7, 0x00,
  0x24, 0xd1, 0x2c, 0xe4, 0xb7, 0xe6, 0x00, 0x30, 0x00, 0x00, 0x00, 0xca,
  0x00, 0xc1, 0x00, 0x00, 0xd8, 0xe5, 0x34, 0x00, 0xe1, 0x23, 0x00, 0xaf,
  0x00, 0xbf, 0x00, 0x1b, 0x00, 0x1c, 0x00, 0xe0, 0x2b, 0x00, 0x00, 0xc5,
  0x1f, 0x00, 0xaa, 0x00, 0x00, 0x00, 0xc7, 0xc6, 0xe6, 0x1c, 0xc7, 0x00,
  0x3e, 0x00, 0xab, 0xd0, 0xea, 0x00, 0xb7, 0xeb, 0xe7, 0x00, 0x92, 0x00,
  0x46, 0x33, 0xdc, 0xce, 0x98, 0x00, 0xda, 0x00, 0x00, 0x00, 0xb2, 0xdd,
  0x31, 0x46, 0x00, 0xa0, 0x81, 0x00, 0xde, 0x00, 0x00, 0x23, 0xd1, 0xce,
  0x00, 0x22, 0x00, 0xcc, 0xac, 0x00, 0xc9, 0xd8, 0x00, 0x00, 0x00, 0xdb,
  0x2e, 0x1d, 0xca, 0xc5, 0xd7, 0x00, 0x16, 0xa8, 0x00, 0x00, 0x00, 0x00,
  0xd0, 0x00, 0xb0, 0x00, 0x00, 0xe2, 0x00, 0x9f, 0x1e, 0x00, 0x00, 0xd5,
  0x00, 0x00, 0xbe, 0x2f, 0x00, 0x00, 0xe4, 0xda, 0xd6, 0xe5, 0x00, 0xc5,
  0x00, 0xd7, 0xda, 0x00, 0x1b, 0xec, 0x00, 0xcc, 0xe5, 0x00, 0x00, 0xbf,
  0x2d, 0x00, 0xdf, 0x00, 0x00, 0x1b, 0x00, 0x00, 0x00, 0x9e, 0x00, 0xe7,
  0x00, 0x00, 0x24, 0x00, 0x00, 0xdc, 0xd5, 0x00, 0x00, 0x1d, 0x33, 0x00,
  0x00, 0x40, 0xd2, 0x2d, 0x00, 0x00, 0x00, 0x9e, 0xe0, 0x00, 0x29, 0x00,
  0x00, 0x00, 0xa2, 0x00, 0x1e, 0x22, 0xe5, 0x00, 0x24, 0x00, 0x3b, 0xde,
  0x00, 0x2d, 0x00, 0x43, 0x43, 0x00, 0x1b, 0x00, 0x17, 0x00, 0x00, 0xd1,
  0x00, 0xdf, 0x54, 0x00, 0x49, 0x2f, 0x00, 0x00, 0xe1, 0xe7, 0x00, 0x00,
  0x3a, 0xda, 0x00, 0x00, 0x00, 0x00, 0x00, 0x00, 0x00, 0x00, 0x00, 0x2d,
  0x35, 0x00, 0x00, 0xd4, 0x00, 0x00, 0xe0, 0x00, 0x00, 0xe1, 0x00, 0x00,
  0x30, 0x00, 0x00, 0x00, 0x00, 0x00, 0xcf, 0x00, 0xcb, 0x00, 0x00, 0xce,
  0x00, 0x00, 0xe0, 0x00, 0x00, 0x00, 0x00, 0xe2, 0xa4, 0x4f, 0x00, 0xcc,
  0x1e, 0xe8, 0xb9, 0xc0, 0x00, 0x42, 0x2a, 0x00, 0x00, 0x00, 0x4b, 0x2a,
  0x20, 0x00, 0xcf, 0x2d, 0x00, 0x21, 0x00, 0x00, 0x5b, 0x00, 0x00, 0x19,
  0xd6, 0x4b, 0xdf, 0x32, 0x3b, 0x00, 0x00, 0xaa, 0x00, 0x00, 0xd2, 0xd3,
  0x23, 0xe3, 0xd9, 0xd9, 0x00, 0x40, 0xe0, 0xc6, 0x9b, 0xc5, 0xd3, 0xde,
  0x00, 0xc3, 0xd7, 0xd1, 0xe3, 0x00, 0xe2, 0x00, 0x00, 0x00, 0x39, 0x00,
  0x00, 0xc7, 0x00, 0x00, 0x00, 0x00, 0x35, 0x00, 0x3e, 0x00, 0x4b, 0xdd,
  0x00, 0x00, 0x2a, 0x62, 0x7f, 0x00, 0x00, 0xc9, 0x00, 0x29, 0x2a, 0x00,
  0xd7, 0xca, 0x00, 0x39, 0x36, 0x00, 0xe0, 0xe2, 0xe6, 0x00, 0x00, 0x00,
  0x00, 0x00, 0x00, 0xb9, 0x00, 0x3e, 0x00, 0x3e, 0x00, 0xd5, 0xe2, 0x59,
  0x00, 0x00, 0x50, 0x00, 0x00, 0x00, 0xdd, 0x43, 0x1e, 0xdc, 0x00, 0x1f,
  0x00, 0x00, 0x00, 0x00, 0xd9, 0x00, 0x00, 0x00, 0x00, 0x9a, 0x00, 0x00,
  0x00, 0xda, 0x00, 0xdf, 0xde, 0x00, 0xd1, 0xd4, 0x30, 0xb5, 0x00, 0xc3,
  0xdb, 0xcb, 0x00, 0x00, 0xde, 0xae, 0x3d, 0x00, 0x00, 0x00, 0x00, 0x23,
  0x00, 0x32, 0x00, 0xe2, 0xea, 0x18, 0x00, 0xee, 0x00, 0x11, 0xd9, 0x00,
  0x00, 0x32, 0xee, 0xe0, 0xdd, 0x00, 0x1d, 0x16, 0x00, 0x1d, 0xed, 0x00,
  0x00, 0x00, 0x00, 0xe1, 0xcc, 0xf4, 0x00, 0x11, 0x00, 0xe1, 0x00, 0x00,
  0x00, 0x00, 0xdf, 0x00, 0xe6, 0xe4, 0x30, 0xde, 0x2e, 0xef, 0x00, 0xe8,
  0x00, 0x15, 0x00, 0x00, 0x00, 0x26, 0x1b, 0xe6, 0x00, 0xd3, 0x14, 0xd4,
  0x00, 0xe2, 0xea, 0x00, 0x13, 0x00, 0xef, 0x00, 0x00, 0xd1, 0x00, 0xe0,
  0xee, 0x00, 0xf1, 0x00, 0x00, 0x00, 0x00, 0xe3, 0x00, 0xd9, 0x00, 0xf0,
  0x16, 0xec, 0x00, 0x00, 0x00, 0x00, 0x00, 0x12, 0xf3, 0x00, 0x00, 0x00,
  0xd5, 0xe7, 0x20, 0x25, 0x00, 0xce, 0xcd, 0x00, 0xe6, 0x00, 0x16, 0x00,
  0xda, 0x00, 0x00, 0x00, 0x00, 0x00, 0x00, 0x00, 0xee, 0x12, 0x00, 0x00,
  0x1a, 0x00, 0x13, 0x00, 0x00, 0xf1, 0xea, 0x00, 0xd5, 0x30, 0x00, 0x00,
  0x13, 0x10, 0x23, 0x00, 0x00, 0xdf, 0x00, 0x00, 0x00, 0x1b, 0xd5, 0x00,
  0x00, 0x1b, 0x1a, 0xe0, 0xdd, 0x00, 0x00, 0xec, 0x00, 0xef, 0xb3, 0x00,
  0x00, 0x27, 0x00, 0xd0, 0xc0, 0xe1, 0x00, 0x00, 0x00, 0xe4, 0xcb, 0xe3,
  0xef, 0x00, 0x00, 0x00, 0xd1, 0xdc, 0x00, 0xe7, 0xbd, 0xdc, 0xde, 0xe4,
  0x00, 0xc3, 0x00, 0xe7, 0xd0, 0x00, 0x00, 0xee, 0xd0, 0x00, 0x00, 0xc3,
  0xe6, 0xed, 0xe5, 0x00, 0x00, 0x00, 0x00, 0x00, 0x00, 0x00, 0x00, 0xcb,
  0x1f, 0xef, 0xf1, 0x1e, 0x00, 0x00, 0xe4, 0xe8, 0xe2, 0x27, 0x00, 0x00,
  0x00, 0x00, 0x00, 0x1c, 0x00, 0x00, 0xcd, 0x00, 0x00, 0x00, 0xd9, 0xf1,
  0x30, 0x00, 0x00, 0xb3, 0xd0, 0x14, 0xe5, 0x1b, 0x00, 0x00, 0xbe, 0x00,
  0x00, 0x1c, 0x00, 0xab, 0x81, 0x00, 0x00, 0x13, 0xc5, 0x00, 0x00, 0x00,
  0x00, 0xb3, 0x00, 0x00, 0x00, 0x00, 0x21, 0x41, 0x54, 0xc9, 0x00, 0xbe,
  0xe4, 0xd1, 0x2f, 0x35, 0x3b, 0xcd, 0xc8, 0xcf, 0x00, 0x00, 0x00, 0x00,
  0xb5, 0x00, 0x81, 0x00, 0x24, 0x00, 0xc0, 0xa5, 0x00, 0x00, 0xdc, 0x00,
  0x1c, 0xb2, 0xcc, 0x00, 0xdf, 0x25, 0x00, 0x32, 0x00, 0xd9, 0xe2, 0x43,
  0x00, 0x00, 0x1b, 0xc8, 0xa9, 0x00, 0xc3, 0x00, 0x35, 0xad, 0x00, 0x00,
  0x36, 0x00, 0x00, 0x00, 0x00, 0x00, 0xdf, 0x00, 0x00, 0xc8, 0xc6, 0x00,
  0xdc, 0xe2, 0x00, 0x00, 0x00, 0xd1, 0xa5, 0xad, 0xe3, 0x00, 0xb9, 0xca,
  0x00, 0xd6, 0x9e, 0xbf, 0xa2, 0x00, 0x24, 0x00, 0xc4, 0x3c, 0x00, 0xb4,
  0x26, 0xbf, 0x00, 0x00, 0x00, 0x29, 0x25, 0x00, 0x00, 0x1e, 0x00, 0x00,
  0x00, 0xe4, 0x00, 0x1f, 0x26, 0xe4, 0xd0, 0xd0, 0x30, 0x26, 0x00, 0x25,
  0x18, 0x56, 0xb1, 0x00, 0xe6, 0x3f, 0xe1, 0xd0, 0x21, 0x00, 0x9f, 0x00,
  0x46, 0x00, 0x00, 0x00, 0xac, 0x34, 0xc2, 0x00, 0x00, 0x00, 0xa2, 0x00,
  0x00, 0x00, 0x00, 0xb5, 0x83, 0x00, 0x29, 0xca, 0xb5, 0x2f, 0xe1, 0xa9,
  0x1b, 0xcc, 0xcf, 0x00, 0xd2, 0x24, 0x1d, 0x00, 0x2f, 0x00, 0x2d, 0x00,
  0xda, 0x89, 0xdf, 0x46, 0x4d, 0x00, 0xc0, 0xe7, 0x25, 0xd7, 0x00, 0x4b,
  0x00, 0x2d, 0xab, 0x00, 0x00, 0x00, 0x00, 0xbb, 0x00, 0x00, 0xd2, 0x00,
  0x32, 0x00, 0xe1, 0x00, 0x00, 0x62, 0xb5, 0x37, 0xd7, 0x00, 0xbe, 0x00,
  0x00, 0xd3, 0x00, 0x00, 0x00, 0xdc, 0xbc, 0x1d, 0xe6, 0x00, 0xc4, 0x00,
  0x00, 0x00, 0xdf, 0xb2, 0xb9, 0x20, 0x00, 0x00, 0x51, 0x00, 0x00, 0xd6,
  0x2b, 0xdc, 0xc5, 0x29, 0x23, 0x00, 0xe1, 0xcc, 0x00, 0xe1, 0xcf, 0x28,
  0xa2, 0x00, 0xc2, 0x39, 0x00, 0xb3, 0x00, 0xda, 0x00, 0x1e, 0x00, 0xb2,
  0x00, 0x00, 0x00, 0x00, 0x00, 0x41, 0x41, 0xe6, 0x16, 0x2b, 0xc0, 0x00,
  0x00, 0x00, 0x23, 0x3e, 0x00, 0x00, 0x00, 0x00, 0x00, 0x2f, 0x8d, 0x00,
  0x00, 0x00, 0xe5, 0xd8, 0x85, 0x00, 0xd3, 0x00, 0x00, 0x00, 0xac, 0x00,
  0x00, 0x27, 0x29, 0xa4, 0x81, 0xe0, 0xda, 0x30, 0x00, 0x00, 0xd2, 0xe5,
  0x00, 0x00, 0x4f, 0xd9, 0x00, 0x1c, 0x00, 0x00, 0xc2, 0x00, 0x00, 0xe7,
  0x00, 0xdd, 0x00, 0xd1, 0xce, 0x00, 0x00, 0xbc, 0x00, 0x24, 0x00, 0x00,
  0x00, 0x00, 0xe3, 0xe2, 0x00, 0x00, 0x00, 0xb8, 0x00, 0x2a, 0x00, 0x00,
  0x00, 0x00, 0x00, 0x00, 0xe1, 0x00, 0x00, 0xbd, 0x1d, 0x00, 0x00, 0x00,
  0x00, 0x1f, 0x00, 0x00, 0x00, 0xdc, 0x00, 0x00, 0x1b, 0x00, 0x00, 0x00,
  0x00, 0x33, 0x00, 0x00, 0x00, 0x00, 0x00, 0x00, 0x00, 0x45, 0x1c, 0x00,
  0x27, 0x00, 0x00, 0x00, 0x00, 0x39, 0xd3, 0x00, 0x00, 0x1d, 0x35, 0x2c,
  0x00, 0x00, 0x00, 0x00, 0x00, 0x00, 0x23, 0xd7, 0x61, 0xd8, 0x29, 0x1d,
  0x00, 0x60, 0x00, 0x2e, 0x2f, 0x00, 0x1a, 0xb9, 0x00, 0xdc, 0x1e, 0x00,
  0x00, 0x2e, 0xce, 0x20, 0x00, 0xdf, 0x00, 0x00, 0xd3, 0xc5, 0x00, 0xdb,
  0xdc, 0x00, 0xd3, 0xdb, 0x00, 0x00, 0x2b, 0x00, 0xce, 0x15, 0x00, 0x00,
  0x00, 0xd2, 0x00, 0x00, 0x00, 0x35, 0x6a, 0x24, 0x35, 0x00, 0x48, 0x00,
  0xd1, 0xdc, 0x00, 0x32, 0x58, 0xe4, 0x29, 0x00, 0x3d, 0x00, 0x00, 0x00,
  0xd3, 0x00, 0x00, 0x2d, 0x24, 0x00, 0xe7, 0xd7, 0xdb, 0xbd, 0xc8, 0x00,
  0x33, 0xa7, 0x00, 0xbb, 0x00, 0x00, 0xde, 0x3c, 0xc5, 0xb5, 0xb3, 0x00,
  0x00, 0xbf, 0x38, 0x00, 0xbd, 0x00, 0xd9, 0x3c, 0x00, 0xc0, 0x00, 0xd2,
  0x00, 0xc9, 0x22, 0x00, 0x00, 0x00, 0xde, 0x00, 0x82, 0xb9, 0xff, 0xff,
  0x04, 0x00, 0x00, 0x00, 0x40, 0x00, 0x00, 0x00, 0x78, 0x05, 0x00, 0x00,
  0x4d, 0x02, 0x00, 0x00, 0xcf, 0xfb, 0xff, 0xff, 0x28, 0x00, 0x00, 0x00,
  0xae, 0x02, 0x00, 0x00, 0xcb, 0xfa, 0xff, 0xff, 0x5b, 0xf8, 0xff, 0xff,
  0xa7, 0xfd, 0xff, 0xff, 0x46, 0xfe, 0xff, 0xff, 0x4e, 0xf3, 0xff, 0xff,
  0xa7, 0xfc, 0xff, 0xff, 0x0f, 0xf9, 0xff, 0xff, 0x6b, 0xf8, 0xff, 0xff,
  0xc2, 0xfe, 0xff, 0xff, 0xe9, 0xfc, 0xff, 0xff, 0x35, 0xe7, 0xff, 0xff,
  0xce, 0xb9, 0xff, 0xff, 0x04, 0x00, 0x00, 0x00, 0x00, 0x15, 0x00, 0x00,
  0x00, 0x00, 0xc8, 0x00, 0xb9, 0x00, 0x4e, 0x23, 0x1d, 0x00, 0x4c, 0x23,
  0x00, 0x00, 0xac, 0x00, 0x00, 0x00, 0x00, 0x00, 0x97, 0x00, 0x1d, 0xdd,
  0x00, 0x00, 0x35, 0x1b, 0xd5, 0x1b, 0xc5, 0xc3, 0xd5, 0x00, 0x1b, 0x00,
  0x9c, 0x00, 0xdd, 0xde, 0x3e, 0x00, 0x00, 0x00, 0x00, 0x00, 0x15, 0x00,
  0xa4, 0xe5, 0x00, 0x00, 0x00, 0x2d, 0x00, 0xa8, 0x00, 0x00, 0x00, 0xcb,
  0x00, 0xe2, 0x00, 0x00, 0x00, 0x00, 0xd8, 0x19, 0x00, 0x00, 0x00, 0xe5,
  0x00, 0x00, 0x26, 0xdf, 0x29, 0xd4, 0x00, 0xd4, 0x00, 0x00, 0x00, 0x00,
  0xe1, 0xea, 0x00, 0x00, 0xbc, 0x00, 0x00, 0x00, 0x00, 0x00, 0xeb, 0x00,
  0x00, 0xc4, 0x00, 0x00, 0xd2, 0x00, 0x00, 0xe5, 0x00, 0x00, 0xcc, 0x23,
  0xcf, 0xcf, 0xe7, 0x00, 0x23, 0x00, 0x23, 0x25, 0x1e, 0x00, 0x00, 0x00,
  0x24, 0x00, 0x00, 0xe8, 0x00, 0xe5, 0xc2, 0xe0, 0x00, 0x00, 0x00, 0x27,
  0xe6, 0x00, 0x00, 0xe4, 0xca, 0x00, 0x2a, 0xd6, 0x00, 0xc5, 0x35, 0x00,
  0x00, 0xa7, 0x00, 0x2d, 0x00, 0x00, 0x00, 0xd8, 0x1a, 0x00, 0xea, 0x00,
  0x00, 0xeb, 0x00, 0x00, 0xc5, 0xca, 0x00, 0x00, 0x2e, 0x1e, 0x00, 0xd1,
  0xe8, 0x00, 0x00, 0x34, 0xd4, 0x00, 0xe3, 0x24, 0xe0, 0xcb, 0x00, 0x00,
  0x00, 0xe5, 0x00, 0x00, 0xc1, 0x00, 0xd3, 0xec, 0xe9, 0x00, 0xe6, 0x3e,
  0x00, 0x00, 0x33, 0xe9, 0x00, 0xec, 0x00, 0x00, 0x00, 0xe4, 0x32, 0xc2,
  0x54, 0x00, 0x00, 0x00, 0x00, 0x32, 0x3d, 0x00, 0x00, 0xd3, 0xde, 0x00,
  0x23, 0x00, 0xb9, 0xe8, 0x50, 0xe7, 0x2b, 0x00, 0x31, 0x37, 0x00, 0x00,
  0x1d, 0xde, 0x21, 0x1a, 0x3f, 0x00, 0x9f, 0xc1, 0x00, 0x00, 0x00, 0x00,
  0x47, 0x30, 0x25, 0x00, 0x1f, 0x00, 0x00, 0x00, 0xa4, 0x00, 0xcf, 0xdd,
  0xe0, 0xbf, 0x44, 0x00, 0x27, 0xdf, 0x47, 0x3c, 0x00, 0x26, 0xd5, 0x1e,
  0x00, 0x00, 0xd8, 0xbf, 0x00, 0x81, 0x00, 0xd9, 0x00, 0x34, 0x00, 0x29,
  0x41, 0x00, 0x00, 0x00, 0xe7, 0x00, 0xd5, 0xde, 0x00, 0xd6, 0x00, 0xd8,
  0x00, 0x00, 0xe7, 0xd2, 0x34, 0x00, 0x00, 0x00, 0xd5, 0x00, 0xd4, 0xbf,
  0x23, 0x00, 0x00, 0x00, 0x3f, 0x00, 0x00, 0xd6, 0x00, 0x00, 0x00, 0xe9,
  0x2b, 0x00, 0xb1, 0xd4, 0x00, 0x39, 0x00, 0x00, 0x4e, 0xb3, 0x00, 0xb2,
  0x20, 0x00, 0x00, 0xea, 0x00, 0x00, 0x91, 0xaf, 0x00, 0x1d, 0x00, 0xeb,
  0x2d, 0x00, 0x3b, 0x28, 0x25, 0xe0, 0xdd, 0x00, 0x31, 0x00, 0x00, 0x00,
  0xda, 0xe2, 0x27, 0x20, 0x00, 0xde, 0x26, 0x00, 0x27, 0x37, 0x00, 0x00,
  0x00, 0x00, 0x00, 0x00, 0x00, 0x00, 0x40, 0x6e, 0xdc, 0x00, 0xdf, 0x24,
  0x00, 0x3e, 0x22, 0x43, 0x00, 0x00, 0x00, 0x00, 0x2c, 0x4b, 0xe6, 0x00,
  0x00, 0x00, 0x00, 0x00, 0x00, 0x2b, 0x00, 0x5f, 0x00, 0x00, 0x00, 0x3a,
  0x26, 0x1c, 0xda, 0x00, 0x32, 0x00, 0x2b, 0xc4, 0x00, 0x00, 0x00, 0x00,
  0x20, 0x00, 0xc0, 0x37, 0x00, 0x3a, 0x00, 0x36, 0x00, 0x1f, 0x2f, 0x1b,
  0x00, 0x00, 0x00, 0x20, 0x42, 0x00, 0x00, 0x00, 0x00, 0x00, 0xbd, 0x00,
  0x00, 0x24, 0x2e, 0x20, 0x1d, 0x00, 0x00, 0x00, 0x00, 0x00, 0x2a, 0x00,
  0x2c, 0x00, 0x60, 0x00, 0xe2, 0x2d, 0x00, 0x00, 0xe2, 0x00, 0xdf, 0x00,
  0x00, 0x00, 0x00, 0x24, 0x3b, 0x35, 0x44, 0x22, 0x00, 0x00, 0x00, 0xd5,
  0x00, 0x00, 0x00, 0x20, 0x2e, 0x00, 0xd0, 0x48, 0x00, 0x00, 0x00, 0x2c,
  0x34, 0x20, 0x2c, 0x00, 0x00, 0x00, 0x23, 0x00, 0x00, 0x00, 0x00, 0x2c,
  0xd5, 0x20, 0xe3, 0x1d, 0x4a, 0x00, 0x00, 0x28, 0x00, 0x00, 0xe6, 0x00,
  0x23, 0x00, 0x00, 0x00, 0x00, 0x00, 0x00, 0x00, 0x00, 0x35, 0xdd, 0x21,
  0x2b, 0x00, 0x00, 0x00, 0x25, 0x00, 0x3a, 0x3f, 0x20, 0x00, 0x3b, 0xc6,
  0xd9, 0x28, 0x00, 0x00, 0x1c, 0x44, 0x2d, 0xdc, 0x00, 0x00, 0xe5, 0x00,
  0xc2, 0x3b, 0x36, 0x00, 0x27, 0x28, 0x00, 0x00, 0x00, 0x20, 0x37, 0x2d,
  0xb6, 0x00, 0x38, 0x00, 0xaa, 0x46, 0x00, 0x00, 0x1c, 0x00, 0x00, 0x21,
  0x27, 0x2c, 0x00, 0x00, 0x23, 0x00, 0x00, 0x1e, 0x31, 0x00, 0x00, 0x00,
  0xdd, 0x00, 0x00, 0xcf, 0x00, 0x1c, 0x38, 0x00, 0x4e, 0x00, 0x00, 0x5f,
  0x34, 0x35, 0x00, 0x1b, 0xe2, 0x2c, 0x00, 0xe2, 0x31, 0xda, 0x4f, 0x2f,
  0x00, 0x00, 0x00, 0x45, 0x38, 0x2a, 0x16, 0x17, 0x00, 0x00, 0x00, 0xd3,
  0xd7, 0x00, 0x00, 0x4b, 0x00, 0x00, 0x00, 0x40, 0x00, 0x00, 0x45, 0x17,
  0x2b, 0x00, 0x27, 0x00, 0x00, 0x00, 0x00, 0x33, 0x40, 0x00, 0x00, 0x2a,
  0x00, 0x00, 0x00, 0x28, 0x00, 0x00, 0x38, 0x4d, 0x00, 0x00, 0x00, 0x48,
  0xd4, 0xe7, 0x1e, 0x00, 0x00, 0xe2, 0x5d, 0x3a, 0xbc, 0x00, 0x26, 0x79,
  0x00, 0xcb, 0x00, 0x3d, 0x00, 0x00, 0x7f, 0x2a, 0x00, 0x00, 0x1b, 0x2e,
  0x00, 0x00, 0xd5, 0xd4, 0x00, 0x00, 0x00, 0x00, 0xd2, 0x00, 0x00, 0xbc,
  0xd2, 0xb2, 0xa4, 0x00, 0xce, 0x00, 0x85, 0xc7, 0x40, 0xdb, 0x00, 0x1d,
  0xe4, 0x00, 0x00, 0x1f, 0x00, 0x00, 0x23, 0xd7, 0x00, 0x00, 0xe1, 0x00,
  0x00, 0x00, 0x00, 0x00, 0x00, 0x00, 0xd8, 0xdf, 0xd0, 0x00, 0x00, 0xdc,
  0x00, 0xe2, 0x00, 0xc9, 0x00, 0x00, 0x00, 0x00, 0x00, 0x00, 0x00, 0x00,
  0xcc, 0x23, 0x00, 0x00, 0x00, 0x00, 0x00, 0xc9, 0x48, 0xba, 0xd7, 0x00,
  0x30, 0x1d, 0x00, 0x00, 0x00, 0x00, 0x31, 0x00, 0x00, 0xcf, 0xc7, 0xac,
  0xe5, 0xd8, 0x00, 0x33, 0x00, 0x00, 0x1e, 0x00, 0xcb, 0x00, 0x00, 0x00,
  0x35, 0x30, 0x00, 0x00, 0x8a, 0xc6, 0x00, 0x2a, 0xd9, 0x00, 0x94, 0x00,
  0x26, 0x00, 0x29, 0xcf, 0xcd, 0x00, 0x98, 0x22, 0xc8, 0x00, 0x41, 0x00,
  0x00, 0x00, 0xcb, 0xe6, 0x00, 0x4a, 0xc8, 0x00, 0xb2, 0x00, 0x00, 0xe6,
  0x00, 0x00, 0x4f, 0x00, 0x00, 0x00, 0xe2, 0x26, 0xcd, 0x6b, 0x00, 0x00,
  0x9f, 0x00, 0x00, 0x00, 0x2d, 0x00, 0x46, 0xc4, 0x00, 0x00, 0x00, 0x3c,
  0xd9, 0x00, 0x00, 0x00, 0xe5, 0x00, 0x00, 0xd6, 0x00, 0x1f, 0x41, 0xc1,
  0x2e, 0x00, 0x00, 0x00, 0x00, 0x00, 0xd9, 0xb3, 0x00, 0x46, 0x20, 0xd0,
  0x57, 0xe2, 0x00, 0x9d, 0x53, 0x00, 0x00, 0x00, 0x52, 0x00, 0x28, 0x8a,
  0xe5, 0x00, 0xcd, 0xd8, 0x2b, 0x00, 0xca, 0xc8, 0x42, 0x00, 0x30, 0xa7,
  0x00, 0x00, 0xc7, 0x00, 0x1d, 0xdd, 0xc3, 0x86, 0x00, 0xd3, 0x00, 0x00,
  0x4b, 0x00, 0x4b, 0x81, 0xe0, 0x00, 0xb6, 0x00, 0x00, 0xe1, 0xaf, 0x00,
  0x00, 0xcc, 0x00, 0x00, 0x00, 0x00, 0x30, 0xd0, 0x00, 0x00, 0x1f, 0xd7,
  0x00, 0xdd, 0xba, 0x00, 0xc5, 0xc6, 0xa1, 0x25, 0x00, 0x00, 0x30, 0x00,
  0xe0, 0xd2, 0xa2, 0xbe, 0xc6, 0x00, 0xcc, 0xd9, 0x9f, 0x00, 0x00, 0x00,
  0x00, 0x00, 0x36, 0x00, 0xd0, 0x00, 0x00, 0xb2, 0x00, 0xd3, 0x76, 0xcf,
  0x00, 0x00, 0x00, 0x00, 0x00, 0x00, 0x00, 0x24, 0xda, 0x00, 0x00, 0x00,
  0x3b, 0xa5, 0x2f, 0x00, 0x00, 0xd9, 0x00, 0xb4, 0x00, 0x00, 0x00, 0xc5,
  0xdb, 0x00, 0x00, 0x00, 0x00, 0x00, 0xc7, 0x2f, 0x00, 0x00, 0x00, 0x8a,
  0x00, 0x00, 0xd0, 0x64, 0x22, 0x00, 0x00, 0xd8, 0x00, 0x00, 0x00, 0x00,
  0x00, 0x2c, 0x1b, 0x1d, 0xd6, 0x00, 0x00, 0x48, 0xa8, 0x2d, 0x19, 0x00,
  0x00, 0x31, 0x00, 0x00, 0xdd, 0x00, 0x21, 0x00, 0x00, 0x00, 0x65, 0x00,
  0x2c, 0x2e, 0x00, 0xd7, 0xdc, 0x00, 0xc2, 0x00, 0xe2, 0x34, 0x33, 0x00,
  0xdf, 0x00, 0x25, 0x30, 0xc0, 0x00, 0xcf, 0x00, 0x93, 0x00, 0x00, 0xc7,
  0xcf, 0xd3, 0x2c, 0xce, 0x69, 0x1c, 0x00, 0x2d, 0xa1, 0x00, 0xc5, 0x23,
  0x00, 0xc4, 0xde, 0x00, 0x6a, 0xa9, 0x20, 0x00, 0x49, 0x00, 0x42, 0x00,
  0xca, 0xd3, 0x25, 0x00, 0x25, 0xcf, 0xd3, 0x38, 0x3d, 0xca, 0x00, 0x00,
  0x00, 0x00, 0xd0, 0x41, 0x00, 0xcf, 0x32, 0x00, 0x3e, 0x00, 0x00, 0x2f,
  0x4a, 0xdd, 0x00, 0x00, 0x00, 0x00, 0x00, 0x00, 0x2d, 0x37, 0xdc, 0x00,
  0x22, 0xe5, 0x21, 0xdc, 0xa7, 0xd7, 0x28, 0x20, 0x00, 0x00, 0x36, 0xc6,
  0x00, 0x34, 0x00, 0x41, 0x00, 0x00, 0x00, 0x29, 0xbd, 0x00, 0x56, 0x00,
  0x00, 0x00, 0x00, 0xcb, 0x00, 0x00, 0xd5, 0x46, 0x00, 0x49, 0x00, 0x22,
  0x00, 0x00, 0x23, 0x00, 0x00, 0x00, 0x55, 0x2a, 0x00, 0xaf, 0x00, 0x00,
  0xc7, 0x31, 0x36, 0x52, 0x00, 0x00, 0xd9, 0x00, 0x5c, 0x00, 0x00, 0x2f,
  0x33, 0xdb, 0x6b, 0x00, 0x94, 0x00, 0x40, 0x43, 0x21, 0x00, 0x00, 0x5e,
  0x52, 0x00, 0xb2, 0x56, 0x00, 0x00, 0xcc, 0x27, 0xcf, 0xd4, 0xd4, 0xc0,
  0x00, 0x28, 0x00, 0x6b, 0x00, 0x00, 0xa2, 0x5f, 0x00, 0xca, 0x00, 0x29,
  0xd3, 0xc6, 0xc3, 0x00, 0x00, 0xd3, 0xac, 0x00, 0x23, 0xe3, 0x24, 0x58,
  0x2e, 0xb8, 0x00, 0x00, 0x20, 0xda, 0xea, 0x00, 0x00, 0xd9, 0x00, 0x00,
  0xe1, 0x00, 0xb2, 0x00, 0x36, 0x00, 0x00, 0x26, 0x00, 0x00, 0x00, 0x25,
  0x00, 0x00, 0x2c, 0x00, 0xa3, 0x00, 0x27, 0xbd, 0x00, 0xcb, 0x00, 0x00,
  0x20, 0xe0, 0xd1, 0x00, 0x00, 0x27, 0x00, 0x00, 0x81, 0x00, 0xbc, 0x31,
  0x36, 0x00, 0x00, 0x2f, 0x1f, 0x00, 0x00, 0x35, 0x22, 0x2e, 0x00, 0x00,
  0x00, 0x26, 0xb9, 0x00, 0x00, 0x00, 0xd6, 0x22, 0xc3, 0xe5, 0x3a, 0x40,
  0xc4, 0x1e, 0x00, 0xd9, 0x00, 0x00, 0x00, 0xca, 0x00, 0x00, 0x00, 0x00,
  0xd6, 0x2f, 0x66, 0x24, 0x00, 0x00, 0x21, 0x00, 0x22, 0x00, 0x00, 0xbf,
  0x3f, 0x34, 0x00, 0x00, 0x2a, 0x44, 0x00, 0xdc, 0x00, 0x00, 0x00, 0x1e,
  0x00, 0x00, 0x00, 0x24, 0x3e, 0x35, 0xca, 0x38, 0x4d, 0x00, 0x45, 0x93,
  0xb5, 0x48, 0x1e, 0x00, 0x38, 0x00, 0xaf, 0x00, 0x5c, 0xd4, 0x68, 0x00,
  0x00, 0xe3, 0x00, 0x19, 0xde, 0xe4, 0xe7, 0xdb, 0xc3, 0x00, 0xe5, 0x00,
  0x19, 0xd8, 0x00, 0x00, 0x00, 0x00, 0x00, 0x00, 0xda, 0x21, 0xe9, 0xe6,
  0x00, 0x00, 0x00, 0xc2, 0x00, 0x00, 0x00, 0x31, 0xd7, 0xea, 0x1d, 0x00,
  0x00, 0x2b, 0x23, 0x2b, 0xe3, 0x00, 0x19, 0x00, 0x00, 0xea, 0x00, 0x00,
  0x16, 0x00, 0x00, 0x00, 0x00, 0x00, 0x00, 0x00, 0xc9, 0x00, 0x00, 0x00,
  0x22, 0x00, 0x27, 0xc4, 0x00, 0x00, 0x00, 0xc2, 0x00, 0x00, 0xde, 0xdc,
  0x00, 0x00, 0x00, 0x00, 0x00, 0xb8, 0x00, 0x00, 0x00, 0xe1, 0x00, 0xe7,
  0x3c, 0x00, 0x00, 0xde, 0x00, 0x00, 0x17, 0xcd, 0x00, 0x00, 0x00, 0x00,
  0x00, 0x1c, 0x18, 0x18, 0x2d, 0xda, 0xa2, 0x00, 0x00, 0x00, 0x00, 0x00,
  0x00, 0xe3, 0x27, 0x00, 0x19, 0xc8, 0x00, 0x00, 0x15, 0x17, 0xd3, 0x00,
  0x00, 0x00, 0x00, 0xd3, 0x00, 0x00, 0xe4, 0x00, 0x00, 0xbc, 0x00, 0x00,
  0x00, 0x00, 0x00, 0x00, 0xe6, 0x00, 0x00, 0x00, 0xe8, 0x00, 0x00, 0xe1,
  0x00, 0x00, 0x00, 0x00, 0x00, 0xe3, 0x31, 0x00, 0xe2, 0x00, 0x00, 0xd7,
  0xbe, 0x00, 0x00, 0x00, 0x14, 0x19, 0xcb, 0x00, 0x37, 0x00, 0x18, 0x00,
  0xde, 0x00, 0x2b, 0x00, 0x18, 0xe4, 0x14, 0xe4, 0x00, 0x00, 0xd8, 0x19,
  0x1c, 0x00, 0xe6, 0x00, 0xdb, 0x00, 0x15, 0x1a, 0x00, 0x00, 0x45, 0xd5,
  0xc4, 0x00, 0x1c, 0x1a, 0x17, 0x1d, 0x00, 0xe1, 0x00, 0xea, 0xe4, 0x00,
  0x00, 0x00, 0xcb, 0xe6, 0xe3, 0x2f, 0x00, 0x00, 0x2d, 0x00, 0x00, 0x00,
  0x00, 0x00, 0x00, 0x00, 0xe8, 0x00, 0x00, 0xe1, 0xbb, 0xcd, 0x00, 0x00,
  0x00, 0x00, 0x00, 0xd4, 0x00, 0x00, 0x00, 0x00, 0x17, 0x18, 0x22, 0xda,
  0xcc, 0xbc, 0x00, 0xac, 0x00, 0x00, 0x00, 0x00, 0x20, 0x00, 0x00, 0xea,
  0x00, 0x14, 0x00, 0x00, 0x00, 0x00, 0x00, 0xce, 0x00, 0x00, 0x00, 0x00,
  0xd5, 0x00, 0xec, 0xe4, 0x26, 0xd0, 0x4f, 0x23, 0x18, 0x00, 0x00, 0x00,
  0x15, 0x1e, 0x00, 0x18, 0xbb, 0x00, 0x00, 0x00, 0x00, 0xab, 0x1d, 0x00,
  0x14, 0xde, 0xe3, 0xc3, 0x00, 0x00, 0xe2, 0x00, 0x00, 0x00, 0xe4, 0x00,
  0x22, 0x00, 0x00, 0xb0, 0x16, 0xcc, 0x00, 0x00, 0x2d, 0xbf, 0xde, 0x00,
  0xc3, 0x00, 0xd3, 0xee, 0xea, 0xe1, 0x00, 0xce, 0xde, 0xc8, 0x00, 0x30,
  0x1c, 0xd4, 0x00, 0xeb, 0xec, 0x00, 0x00, 0x00, 0x81, 0x00, 0xca, 0x24,
  0x00, 0x00, 0x00, 0xb9, 0xad, 0xe8, 0xaf, 0x00, 0x1a, 0x00, 0x68, 0x00,
  0x00, 0xdd, 0xbd, 0xbf, 0xcc, 0x00, 0x00, 0x00, 0x1a, 0xb6, 0xe3, 0x00,
  0x00, 0x00, 0x21, 0x98, 0x00, 0xc0, 0x4e, 0xbe, 0x8b, 0x2d, 0x00, 0x00,
  0x00, 0x00, 0x00, 0x00, 0x00, 0x00, 0x00, 0xe9, 0xe9, 0x00, 0xe2, 0xab,
  0xc4, 0x27, 0xd0, 0xdb, 0x00, 0x00, 0x00, 0xe5, 0xb7, 0x00, 0xe1, 0x00,
  0xc4, 0xbc, 0xdc, 0x00, 0xde, 0xca, 0xde, 0x00, 0x00, 0xb4, 0xe0, 0x00,
  0xd0, 0x00, 0xd4, 0x00, 0xea, 0xd8, 0x1b, 0x1b, 0x00, 0xdb, 0xe6, 0x00,
  0xc2, 0xd9, 0xe8, 0xe0, 0x00, 0x00, 0x00, 0xd7, 0xde, 0x00, 0x00, 0xe4,
  0xce, 0xcf, 0xd3, 0x00, 0xc4, 0xd2, 0xce, 0x00, 0xe3, 0x00, 0x00, 0xdc,
  0x37, 0xe6, 0x00, 0x00, 0xdb, 0x00, 0xd8, 0x26, 0xd3, 0xdb, 0xe4, 0x00,
  0xcd, 0x00, 0x00, 0xe1, 0x00, 0xc1, 0x00, 0x00, 0xc1, 0xde, 0xe1, 0xda,
  0x00, 0xe0, 0x00, 0x00, 0xe7, 0x00, 0x35, 0x00, 0x00, 0x00, 0xdb, 0x27,
  0xbd, 0xb9, 0x00, 0x00, 0x22, 0xc0, 0x00, 0x2b, 0xd7, 0x27, 0xd8, 0x3e,
  0x00, 0x00, 0x6b, 0x00, 0xc0, 0xcf, 0x25, 0x2f, 0x00, 0xe0, 0x00, 0x36,
  0xe0, 0x00, 0x00, 0x00, 0x00, 0xcf, 0xce, 0xdc, 0xaa, 0x00, 0x30, 0xc9,
  0x00, 0x00, 0xcb, 0x27, 0x00, 0x00, 0x00, 0x3c, 0x3e, 0x00, 0x00, 0x00,
  0xbd, 0xe3, 0x00, 0x00, 0x00, 0xe5, 0xd1, 0x00, 0x00, 0x00, 0x25, 0x00,
  0x36, 0xca, 0x4d, 0xdc, 0x1c, 0x97, 0x00, 0xb4, 0x1f, 0x00, 0x9e, 0x00,
  0x00, 0x00, 0x00, 0xa7, 0xe0, 0xe4, 0x00, 0x1b, 0x29, 0x00, 0x00, 0x00,
  0x00, 0xb7, 0xb1, 0x28, 0xda, 0x00, 0x00, 0xb6, 0x00, 0xb6, 0x00, 0x00,
  0x00, 0x00, 0x00, 0x00, 0x00, 0xd9, 0xc1, 0x00, 0xc5, 0x1a, 0x00, 0x00,
  0x1e, 0x1f, 0x00, 0xd3, 0x27, 0xde, 0x00, 0x17, 0xd5, 0x00, 0x27, 0xe0,
  0xd2, 0x00, 0x1a, 0xe9, 0xb9, 0x38, 0xd8, 0xc9, 0x00, 0x00, 0x37, 0xdf,
  0xe8, 0x00, 0x00, 0xdd, 0x00, 0x00, 0x00, 0x00, 0xa9, 0x39, 0xce, 0x00,
  0x2b, 0x29, 0x66, 0x39, 0xde, 0x00, 0x00, 0xc4, 0x1b, 0x00, 0x1a, 0x00,
  0x1e, 0x00, 0x00, 0x81, 0x29, 0x2a, 0x18, 0x00, 0x00, 0x36, 0xe7, 0x00,
  0x00, 0x1a, 0x23, 0x28, 0x41, 0x29, 0x00, 0xd0, 0xd3, 0x32, 0x49, 0xd6,
  0x21, 0x40, 0x22, 0xcc, 0xcc, 0x00, 0x2d, 0x33, 0xcd, 0x28, 0x26, 0x18,
  0xe8, 0x00, 0x00, 0xe3, 0xc0, 0xda, 0xd9, 0x00, 0xd9, 0x00, 0x37, 0x00,
  0x28, 0xd1, 0x34, 0xe4, 0x00, 0x17, 0xdb, 0xe1, 0xe3, 0xca, 0xd6, 0x00,
  0xdd, 0x00, 0x00, 0x00, 0x00, 0x00, 0x00, 0xe8, 0xb5, 0xcd, 0xe1, 0xe1,
  0x17, 0xdf, 0xc9, 0x00, 0xdb, 0x00, 0x32, 0x00, 0xd1, 0x00, 0x00, 0x00,
  0x81, 0xdd, 0x00, 0x14, 0xea, 0xdd, 0x00, 0x16, 0x00, 0x00, 0x51, 0x00,
  0xbc, 0xdf, 0xcf, 0x00, 0x00, 0x00, 0x00, 0x19, 0x00, 0xed, 0x00, 0xe7,
  0x00, 0x00, 0x19, 0xef, 0xce, 0xda, 0x00, 0x00, 0x00, 0xb4, 0xc6, 0x00,
  0xc7, 0xd5, 0xcc, 0x38, 0xeb, 0x00, 0x00, 0x00, 0x20, 0xe6, 0x00, 0x00,
  0xd1, 0xe0, 0x00, 0xb8, 0x00, 0xc7, 0xd3, 0x1f, 0x21, 0x00, 0x00, 0xe7,
  0x1a, 0x00, 0x1b, 0x00, 0x1f, 0x00, 0xd2, 0xd1, 0x00, 0x00, 0x2b, 0x00,
  0xbd, 0x00, 0x16, 0xe1, 0x00, 0x00, 0x17, 0x00, 0x00, 0x00, 0xc8, 0x00,
  0xcf, 0x00, 0x00, 0x19, 0xab, 0x00, 0x00, 0x00, 0x00, 0x00, 0xe1, 0x00,
  0xe5, 0xae, 0xda, 0x4f, 0xdf, 0x00, 0xee, 0x00, 0xbc, 0x00, 0xc8, 0x1c,
  0x00, 0xdf, 0xe5, 0xc6, 0xa1, 0x00, 0x1e, 0x43, 0x00, 0x00, 0x00, 0x00,
  0x00, 0x00, 0xe0, 0xe0, 0xc9, 0x15, 0x00, 0xe4, 0xdb, 0x15, 0xe7, 0x00,
  0x00, 0x00, 0x14, 0x00, 0x00, 0x00, 0x00, 0x1f, 0xe7, 0x00, 0x00, 0x00,
  0x00, 0x00, 0x00, 0xd7, 0x00, 0x00, 0x00, 0xdd, 0x1f, 0x00, 0x14, 0x00,
  0x00, 0xea, 0x34, 0x00, 0x00, 0x00, 0xea, 0xe3, 0xe4, 0xe6, 0xc6, 0xeb,
  0x1d, 0x00, 0xdf, 0x17, 0x26, 0xe6, 0x31, 0xea, 0x00, 0x00, 0x00, 0xad,
  0x00, 0x00, 0xdc, 0x00, 0xd1, 0x00, 0xe3, 0x00, 0x00, 0x00, 0x14, 0xe4,
  0x1a, 0x00, 0x00, 0xe4, 0xd8, 0xe6, 0x00, 0x00, 0xc4, 0x00, 0x00, 0x30,
  0xd6, 0x00, 0xe6, 0x00, 0x00, 0x14, 0x00, 0x00, 0xd7, 0x00, 0x17, 0x1c,
  0xd9, 0x00, 0xdb, 0x25, 0xd5, 0xe9, 0xc7, 0x00, 0x00, 0x00, 0x00, 0x3c,
  0x00, 0xea, 0x00, 0x00, 0x00, 0x00, 0xd9, 0x00, 0x00, 0x00, 0xe8, 0x00,
  0x99, 0xe7, 0x14, 0xec, 0x00, 0x00, 0x00, 0xda, 0x00, 0x00, 0xeb, 0x00,
  0xe3, 0x00, 0x00, 0x00, 0x00, 0xe4, 0x21, 0x00, 0xd9, 0x00, 0x00, 0x00,
  0x24, 0x00, 0xbc, 0xe6, 0xc8, 0x00, 0xe0, 0x22, 0x1f, 0xd9, 0x16, 0x00,
  0x00, 0x00, 0xd1, 0xe2, 0x00, 0x00, 0xe1, 0x00, 0x00, 0xe1, 0x00, 0x00,
  0x00, 0x00, 0xdd, 0xe0, 0x2b, 0x00, 0x00, 0x00, 0xcf, 0x00, 0x00, 0x00,
  0x00, 0xc2, 0xcd, 0xea, 0xb6, 0x00, 0x00, 0x00, 0x4a, 0xe6, 0x00, 0x00,
  0x00, 0x00, 0x00, 0xdf, 0x00, 0xc8, 0x2d, 0x00, 0xc0, 0x00, 0x2c, 0x00,
  0x00, 0xe6, 0x20, 0x39, 0x00, 0xdf, 0x00, 0x94, 0x00, 0xb3, 0xd7, 0xc1,
  0x00, 0x33, 0xcb, 0xdf, 0x00, 0x00, 0x00, 0xe4, 0x00, 0x00, 0xa7, 0x00,
  0x33, 0x00, 0x00, 0xba, 0x00, 0x00, 0xd1, 0xa8, 0xca, 0x00, 0xb1, 0xca,
  0x3c, 0xe1, 0xdb, 0xcd, 0x1d, 0x99, 0x29, 0x00, 0x00, 0x00, 0x22, 0xc3,
  0x00, 0xdc, 0xde, 0x00, 0x25, 0x00, 0x00, 0x00, 0x00, 0xc0, 0x00, 0xd7,
  0x50, 0x22, 0x00, 0x00, 0xbc, 0xd5, 0xb2, 0xce, 0xe0, 0x00, 0xae, 0xb8,
  0xda, 0x00, 0x1a, 0x00, 0x1e, 0xc6, 0x00, 0x00, 0xdb, 0x00, 0x00, 0xb6,
  0x25, 0x00, 0xbf, 0xd4, 0x00, 0x31, 0xc5, 0xc3, 0x00, 0xda, 0x00, 0x00,
  0x00, 0xa8, 0x31, 0xb9, 0x1a, 0x00, 0x00, 0xd7, 0xdd, 0x60, 0x21, 0x00,
  0xd4, 0x1f, 0xd7, 0xe6, 0x1f, 0xc0, 0x5b, 0xbd, 0xbe, 0x00, 0x00, 0x00,
  0xd4, 0x30, 0x2b, 0x1c, 0x42, 0x21, 0x00, 0xdd, 0xd8, 0x00, 0x00, 0xbe,
  0x1a, 0x00, 0x3d, 0x00, 0x00, 0x00, 0x00, 0xdd, 0x22, 0x42, 0x45, 0x00,
  0x28, 0x00, 0xe4, 0x00, 0x40, 0x00, 0x00, 0x00, 0x5e, 0xe0, 0x00, 0x84,
  0xda, 0x2a, 0x00, 0x00, 0x00, 0x00, 0x00, 0x00, 0x28, 0x00, 0xc3, 0x2f,
  0x00, 0x00, 0xb2, 0xdf, 0xd2, 0x37, 0x00, 0xca, 0x00, 0x00, 0x00, 0x00,
  0x00, 0x00, 0xdb, 0x00, 0xcd, 0x00, 0xc8, 0x19, 0xd0, 0xcc, 0x00, 0x00,
  0xd9, 0xe3, 0xde, 0xc0, 0x45, 0x00, 0x25, 0x23, 0x00, 0x00, 0x7f, 0x18,
  0x00, 0x00, 0xdb, 0x00, 0x00, 0xd0, 0x00, 0x00, 0x6b, 0x00, 0x26, 0x00,
  0xe2, 0xc5, 0xc2, 0xce, 0xda, 0x00, 0xe5, 0x00, 0x00, 0xcc, 0x00, 0x00,
  0x00, 0x00, 0x2b, 0x00, 0x25, 0xd6, 0x2a, 0x26, 0x00, 0x33, 0x00, 0x00,
  0x00, 0x00, 0xdb, 0x00, 0x00, 0x00, 0xc5, 0x00, 0x00, 0x00, 0x00, 0x00,
  0x27, 0xdb, 0x00, 0x00, 0xd2, 0x00, 0x00, 0x00, 0x2c, 0x00, 0x1d, 0xb1,
  0x00, 0x00, 0x00, 0x00, 0x00, 0x00, 0xb5, 0x00, 0x00, 0xa0, 0x00, 0xe6,
  0x00, 0x00, 0x00, 0x2c, 0x23, 0x00, 0x1f, 0xcf, 0xa3, 0xcf, 0xd3, 0x00,
  0x00, 0xda, 0x00, 0x00, 0x26, 0x00, 0x00, 0x00, 0xaf, 0x35, 0x00, 0x00,
  0xd3, 0x00, 0xdd, 0x2b, 0xc1, 0x22, 0x30, 0x00, 0x00, 0x00, 0x00, 0x00,
  0x00, 0x2c, 0xbe, 0x00, 0x00, 0x00, 0xe2, 0xe6, 0xa9, 0x30, 0x2b, 0x00,
  0xac, 0x00, 0x00, 0x00, 0xe2, 0x1a, 0x00, 0x00, 0x00, 0x00, 0x3a, 0xd7,
  0xa3, 0x00, 0x00, 0xde, 0x1d, 0xde, 0x19, 0x00, 0x28, 0xe2, 0x00, 0xe6,
  0xa3, 0x00, 0x00, 0xcd, 0x31, 0x00, 0x00, 0xce, 0x1b, 0x00, 0x00, 0x00,
  0x00, 0xb7, 0x33, 0x00, 0x00, 0x00, 0xe1, 0x19, 0x00, 0x00, 0xcf, 0xe3,
  0x00, 0x00, 0xde, 0x00, 0x2d, 0x85, 0x00, 0xd0, 0x22, 0x00, 0x00, 0x00,
  0xb2, 0xdc, 0xdb, 0x00, 0xe4, 0x00, 0xe5, 0xd5, 0x00, 0x00, 0x00, 0x00,
  0x00, 0xa0, 0x00, 0xb3, 0xc5, 0xd6, 0xb4, 0x00, 0x1d, 0x00, 0xdb, 0x00,
  0x00, 0x00, 0xdc, 0x00, 0x00, 0xb4, 0x00, 0x26, 0x00, 0xe7, 0x1f, 0x00,
  0x1e, 0x00, 0x00, 0x00, 0xc6, 0x00, 0x00, 0x00, 0x00, 0x00, 0x00, 0x28,
  0xb1, 0x00, 0x00, 0x00, 0x00, 0x00, 0x2a, 0x3c, 0x2f, 0xb5, 0x2e, 0xe4,
  0x00, 0xd8, 0x00, 0x37, 0xde, 0x00, 0x00, 0x00, 0x26, 0x00, 0xaa, 0x38,
  0x00, 0x00, 0x00, 0xde, 0xdd, 0xaa, 0x00, 0x00, 0x00, 0x00, 0x00, 0x00,
  0x00, 0x00, 0x00, 0x00, 0xd9, 0x25, 0x00, 0x2a, 0xe8, 0xe0, 0x00, 0x29,
  0x00, 0xc5, 0x2b, 0x34, 0xc2, 0x00, 0x00, 0xe1, 0xe3, 0x00, 0xe8, 0x1d,
  0x00, 0x21, 0x00, 0x00, 0xc7, 0x00, 0x00, 0x00, 0x00, 0x00, 0x00, 0x00,
  0x4f, 0xd1, 0x00, 0x00, 0xdf, 0x16, 0x00, 0xe4, 0x00, 0x00, 0xcd, 0x00,
  0x00, 0x00, 0xe5, 0x00, 0x4d, 0xdd, 0x39, 0xcb, 0xc7, 0x00, 0xd2, 0x00,
  0x00, 0xda, 0xd5, 0x00, 0x00, 0x00, 0xe0, 0x81, 0xdf, 0xe0, 0x00, 0xd3,
  0x33, 0x2b, 0x00, 0x00, 0x23, 0xe5, 0x00, 0x00, 0xbb, 0x00, 0x00, 0xb6,
  0x8a, 0x00, 0x1a, 0x00, 0x34, 0xda, 0x00, 0x23, 0x00, 0xc4, 0xc3, 0x00,
  0x00, 0x00, 0xba, 0x00, 0xd7, 0x00, 0x20, 0x00, 0xbc, 0xb5, 0x28, 0x46,
  0x00, 0xdc, 0x00, 0xbd, 0xe8, 0x00, 0x00, 0xe5, 0x00, 0x00, 0x2f, 0x00,
  0x00, 0x19, 0x1b, 0xd3, 0x21, 0x00, 0x24, 0xc3, 0x00, 0x00, 0xe8, 0xac,
  0x5f, 0x00, 0x00, 0x00, 0x00, 0x00, 0xae, 0x00, 0xe6, 0x00, 0xe5, 0xd0,
  0x00, 0x00, 0xe2, 0xe5, 0x00, 0x00, 0x00, 0x00, 0x00, 0xca, 0x00, 0x00,
  0x00, 0x00, 0xbb, 0xe0, 0x41, 0x00, 0x9a, 0x00, 0xe7, 0xb1, 0xc1, 0x2e,
  0xe7, 0x00, 0x20, 0x19, 0x40, 0x26, 0x00, 0x00, 0x2e, 0x00, 0xd0, 0x29,
  0x3b, 0x00, 0x24, 0x00, 0x48, 0x00, 0x4c, 0x00, 0x00, 0x00, 0x00, 0x00,
  0x33, 0x00, 0x00, 0x27, 0x33, 0x1c, 0x00, 0xe0, 0x62, 0x00, 0x00, 0x1e,
  0x00, 0x00, 0xbd, 0xce, 0x00, 0x00, 0x00, 0x00, 0x00, 0x00, 0x47, 0x22,
  0x47, 0x00, 0x00, 0x00, 0xb7, 0x00, 0xe1, 0xb7, 0x20, 0x00, 0xd4, 0x00,
  0xb2, 0x00, 0xbe, 0x00, 0x00, 0x25, 0x00, 0x00, 0x00, 0x3a, 0x44, 0x00,
  0xcf, 0xe0, 0x79, 0xce, 0x00, 0x00, 0x00, 0x00, 0x00, 0x00, 0x00, 0xe4,
  0xd6, 0x28, 0x23, 0x00, 0x00, 0x00, 0x19, 0x00, 0x36, 0x1e, 0x7f, 0x00,
  0x00, 0x00, 0x00, 0x00, 0x00, 0x32, 0x34, 0x00, 0x00, 0x00, 0x00, 0x37,
  0x00, 0x20, 0xd7, 0x00, 0x00, 0x1b, 0x00, 0xca, 0x3e, 0x00, 0x00, 0x3d,
  0x00, 0x00, 0x00, 0x1e, 0x00, 0x1c, 0x00, 0x00, 0x2d, 0x00, 0x00, 0x00,
  0x00, 0x1f, 0xcc, 0x00, 0x40, 0x00, 0xb2, 0x00, 0x2a, 0x00, 0xb3, 0x00,
  0xe4, 0x00, 0x00, 0xb7, 0x3b, 0x00, 0x00, 0xdb, 0x2d, 0x00, 0x36, 0x00,
  0x28, 0xd4, 0xd6, 0x00, 0x00, 0x00, 0xd1, 0xba, 0x1f, 0x00, 0x00, 0xbc,
  0x00, 0x00, 0x32, 0x1d, 0x25, 0xd4, 0x50, 0xe4, 0x26, 0x00, 0x00, 0xce,
  0x00, 0x00, 0x00, 0xbf, 0x1a, 0x18, 0x18, 0x00, 0x00, 0x22, 0xa4, 0x00,
  0x40, 0xcd, 0x23, 0xb4, 0x19, 0x00, 0xc8, 0x3d, 0x00, 0x00, 0x36, 0xc9,
  0xcb, 0x00, 0xac, 0x00, 0x00, 0xb8, 0x00, 0x2e, 0x28, 0x00, 0x8e, 0x1c,
  0x00, 0x00, 0x30, 0xd6, 0x00, 0x00, 0x21, 0xc6, 0x00, 0x00, 0xbc, 0xc5,
  0xdc, 0x00, 0x1b, 0x00, 0x00, 0x00, 0xbb, 0xe6, 0xd6, 0x41, 0xda, 0x00,
  0x00, 0x00, 0xc6, 0xbd, 0xb3, 0x19, 0x00, 0x00, 0x00, 0x00, 0x00, 0xd8,
  0x9c, 0x00, 0xc6, 0x00, 0x00, 0x00, 0x2a, 0x29, 0xd1, 0x00, 0x00, 0x00,
  0x00, 0x00, 0xa2, 0xd5, 0xac, 0x00, 0xb4, 0xb5, 0x00, 0x41, 0xe3, 0x2e,
  0x28, 0xd2, 0x39, 0x40, 0x00, 0x00, 0x00, 0xe6, 0xd3, 0x00, 0xae, 0xae,
  0xca, 0x19, 0xe2, 0x29, 0x00, 0x00, 0x00, 0x51, 0x00, 0x00, 0x1d, 0x1f,
  0xca, 0x00, 0x29, 0x00, 0xad, 0xe1, 0x00, 0x00, 0x00, 0x00, 0x00, 0x1f,
  0x4b, 0x00, 0x28, 0x00, 0xc0, 0x00, 0xd9, 0x00, 0x1f, 0x00, 0x00, 0xd6,
  0x26, 0xc5, 0x00, 0x20, 0x00, 0x00, 0x1b, 0x00, 0x00, 0x00, 0x86, 0xcf,
  0x00, 0x00, 0x00, 0x00, 0x00, 0xd6, 0x20, 0xce, 0xe3, 0x00, 0xb4, 0x30,
  0x00, 0x26, 0xd4, 0x24, 0x1e, 0x00, 0x00, 0x00, 0x00, 0x2c, 0x1e, 0xe3,
  0x00, 0x00, 0x00, 0x00, 0x00, 0x42, 0xc0, 0x59, 0x00, 0x00, 0x53, 0x00,
  0x00, 0x00, 0x46, 0x2a, 0x00, 0x00, 0x57, 0x00, 0x2b, 0x00, 0xd7, 0x00,
  0xdb, 0x23, 0x00, 0x00, 0x00, 0x26, 0xcc, 0x00, 0x21, 0x00, 0x45, 0x00,
  0x30, 0x00, 0x24, 0x96, 0x00, 0x00, 0x22, 0xcb, 0xe1, 0x1f, 0xdd, 0x00,
  0x3f, 0x00, 0x00, 0xc9, 0x00, 0xbf, 0x00, 0xd6, 0x00, 0x00, 0x22, 0xd7,
  0x49, 0x00, 0xd0, 0x00, 0x00, 0x00, 0x00, 0x00, 0x00, 0xe6, 0x00, 0x00,
  0x00, 0x3d, 0x00, 0x2f, 0x39, 0xd0, 0xbf, 0x00, 0x00, 0x00, 0xc1, 0x00,
  0x00, 0x00, 0xcf, 0x00, 0x00, 0xd4, 0xa9, 0xe0, 0xbd, 0xe3, 0x00, 0x00,
  0x00, 0x00, 0xe7, 0x2a, 0x00, 0x00, 0xdb, 0x00, 0x00, 0xc9, 0x1b, 0x00,
  0xbb, 0xc0, 0xbc, 0x00, 0x00, 0xe4, 0x00, 0x00, 0xda, 0xda, 0x2d, 0x00,
  0x00, 0x00, 0x00, 0x63, 0x00, 0xd3, 0x00, 0xe4, 0x00, 0x00, 0xb3, 0xd6,
  0x94, 0x00, 0xdd, 0x00, 0x2f, 0x1d, 0x00, 0x00, 0xe0, 0x00, 0x00, 0x00,
  0xbf, 0x00, 0xb6, 0xae, 0x00, 0x00, 0x1d, 0x00, 0x00, 0xbf, 0x00, 0x00,
  0x00, 0xe1, 0x00, 0x00, 0xdc, 0x00, 0xd3, 0x00, 0xbd, 0x00, 0x2b, 0x25,
  0xe4, 0xdc, 0x00, 0x00, 0x00, 0x00, 0x00, 0xde, 0xdf, 0xdf, 0x00, 0x1c,
  0x00, 0x00, 0xb7, 0x00, 0x00, 0x4a, 0xd6, 0x00, 0x20, 0xdb, 0x00, 0xd5,
  0xc4, 0x00, 0xe0, 0x00, 0x25, 0x00, 0x00, 0xc3, 0x00, 0xc8, 0x00, 0xda,
  0x00, 0x00, 0xab, 0x00, 0x2c, 0x00, 0xa6, 0x1f, 0x00, 0xb4, 0x00, 0xc6,
  0x00, 0xcb, 0x00, 0xe5, 0x00, 0x00, 0xbd, 0x00, 0x31, 0x00, 0xcf, 0x00,
  0xcb, 0xad, 0x00, 0x00, 0x00, 0x00, 0x00, 0x00, 0x41, 0x00, 0x30, 0xdc,
  0xdc, 0x00, 0xaf, 0x00, 0x00, 0xd4, 0x4c, 0x61, 0x00, 0x00, 0x00, 0x22,
  0x00, 0x00, 0x32, 0xd6, 0x00, 0x00, 0x00, 0x00, 0xd3, 0x00, 0x81, 0x00,
  0xc6, 0xab, 0x00, 0xd7, 0x00, 0xca, 0xa9, 0x00, 0x30, 0x00, 0xa5, 0x00,
  0x53, 0x00, 0x00, 0x00, 0x00, 0xc4, 0x00, 0x00, 0x20, 0xd5, 0xbb, 0x00,
  0x3e, 0x00, 0x9c, 0x32, 0x00, 0x00, 0x00, 0xce, 0x1f, 0xda, 0x00, 0xc9,
  0xd8, 0xe5, 0xb4, 0x00, 0x26, 0x00, 0x00, 0xd5, 0x91, 0xd3, 0xa0, 0x00,
  0x00, 0x00, 0xa6, 0x25, 0xdb, 0x2d, 0x00, 0x19, 0xc9, 0x00, 0x20, 0x00,
  0xb5, 0x00, 0x00, 0xd1, 0x00, 0x00, 0x00, 0x00, 0x00, 0x00, 0x00, 0xbd,
  0x00, 0xe0, 0x00, 0x00, 0x00, 0x00, 0x2d, 0xd1, 0xe1, 0xd6, 0xe5, 0x00,
  0x00, 0x00, 0xc2, 0xb5, 0xe5, 0x00, 0x00, 0xc9, 0x00, 0xb6, 0xdd, 0x00,
  0x25, 0xe4, 0x00, 0x1f, 0x00, 0x00, 0xdd, 0xe1, 0x00, 0x00, 0x00, 0xc8,
  0x27, 0xd8, 0x00, 0x00, 0x00, 0xc8, 0x00, 0x00, 0x00, 0xe2, 0x00, 0x20,
  0x00, 0x00, 0x00, 0xc2, 0x00, 0xe4, 0xd2, 0xd7, 0x00, 0x00, 0x00, 0xe6,
  0x00, 0xcc, 0xd5, 0x3e, 0x00, 0x00, 0xc5, 0x00, 0x1c, 0xe8, 0x14, 0xe2,
  0x00, 0x00, 0x00, 0x00, 0xb0, 0xde, 0xd4, 0x00, 0xda, 0x00, 0xbe, 0xda,
  0x00, 0x00, 0x21, 0xd8, 0xd7, 0xdb, 0xad, 0x33, 0xe1, 0xc0, 0x00, 0x00,
  0xd5, 0x00, 0xd0, 0xd0, 0x00, 0x00, 0x00, 0xb4, 0x00, 0xd5, 0xe0, 0x00,
  0xbe, 0xd7, 0x00, 0x00, 0x00, 0x19, 0x00, 0x00, 0x00, 0x00, 0x22, 0x16,
  0xd1, 0x00, 0xdb, 0x00, 0x00, 0xd8, 0x1d, 0x00, 0xd8, 0x00, 0xd5, 0xe3,
  0xc6, 0xc1, 0x00, 0x00, 0x00, 0xbf, 0xd0, 0xe4, 0x00, 0x2c, 0x1c, 0x00,
  0xbc, 0x00, 0x00, 0xcd, 0x25, 0xd8, 0x00, 0xd3, 0x00, 0x42, 0x26, 0x00,
  0x00, 0xbd, 0xc5, 0x00, 0x00, 0x00, 0x00, 0x00, 0x2e, 0x00, 0x00, 0x9a,
  0x00, 0x00, 0x00, 0xdf, 0x00, 0xd1, 0x00, 0x00, 0x00, 0x00, 0x22, 0xde,
  0xe1, 0x28, 0x00, 0xdf, 0xe3, 0xe6, 0x00, 0xba, 0xe5, 0x00, 0xdb, 0x00,
  0x00, 0x00, 0x1a, 0xde, 0xb1, 0x00, 0x4d, 0x00, 0x00, 0xe5, 0x00, 0x1a,
  0x00, 0x00, 0xcd, 0xbc, 0xe3, 0x00, 0x00, 0x81, 0xd0, 0xc3, 0x3c, 0x00,
  0x00, 0x9b, 0x00, 0x1c, 0x00, 0x00, 0xe1, 0x00, 0x00, 0xe7, 0x00, 0x00,
  0x00, 0x00, 0x00, 0xb7, 0x00, 0x00, 0x00, 0x00, 0x00, 0xe2, 0xdf, 0xe3,
  0x00, 0xd7, 0x00, 0x00, 0x2c, 0x00, 0x2a, 0xcd, 0x00, 0x00, 0x00, 0x00,
  0xa0, 0x2c, 0x00, 0x00, 0xe3, 0x00, 0xd1, 0x00, 0xdb, 0x00, 0x00, 0x00,
  0x33, 0x2a, 0xd8, 0x1c, 0xcd, 0x00, 0x00, 0x00, 0xcb, 0x00, 0x00, 0xce,
  0x00, 0xdf, 0x39, 0xa4, 0x1a, 0x00, 0x00, 0x1d, 0x16, 0x00, 0xd0, 0x00,
  0x00, 0x00, 0x00, 0x1e, 0xd7, 0xc2, 0x41, 0x00, 0xde, 0x00, 0x00, 0x00,
  0x00, 0x2a, 0x20, 0x00, 0x00, 0x00, 0x00, 0x00, 0xd3, 0x00, 0x00, 0x26,
  0x00, 0x00, 0x35, 0xd8, 0x00, 0x00, 0x1e, 0xc1, 0x33, 0x00, 0x2f, 0x37,
  0x24, 0xc8, 0xad, 0xc1, 0xbf, 0x00, 0x64, 0x48, 0x3c, 0x00, 0x00, 0xc4,
  0x55, 0x00, 0x00, 0x00, 0x2d, 0x00, 0x00, 0x00, 0xba, 0xda, 0x00, 0x1d,
  0x24, 0x21, 0x1b, 0xdc, 0x00, 0x00, 0x00, 0x00, 0x00, 0x00, 0x9a, 0xb3,
  0x00, 0x00, 0x00, 0x1b, 0x00, 0x24, 0xc2, 0xc0, 0x00, 0x00, 0x00, 0x00,
  0x2a, 0xae, 0xa8, 0xd5, 0x00, 0xc3, 0x00, 0x00, 0xdf, 0xe2, 0x8a, 0x00,
  0x00, 0x00, 0x00, 0x00, 0xba, 0x96, 0x00, 0x39, 0x00, 0x00, 0x24, 0x00,
  0x29, 0x00, 0xa9, 0x25, 0x00, 0x00, 0x00, 0x81, 0x00, 0xc0, 0x00, 0x00,
  0x00, 0x00, 0x00, 0x00, 0x27, 0xe1, 0xba, 0x00, 0xbf, 0x00, 0xcb, 0xd1,
  0x00, 0x30, 0x00, 0xdb, 0x00, 0x00, 0xc9, 0xd7, 0x1d, 0x00, 0xab, 0xbf,
  0x00, 0x00, 0xaa, 0x00, 0x00, 0x3f, 0xd1, 0x00, 0x00, 0x00, 0x00, 0xc6,
  0x00, 0x00, 0xcd, 0xca, 0x21, 0x00, 0xd3, 0x00, 0xc3, 0x00, 0xcb, 0x00,
  0x00, 0x00, 0x00, 0x00, 0x00, 0xcc, 0x1e, 0xc6, 0x00, 0x00, 0x00, 0x00,
  0xdc, 0x27, 0x00, 0xd6, 0x00, 0x00, 0x00, 0x00, 0x00, 0xaf, 0xda, 0xc9,
  0x00, 0x00, 0x00, 0xc7, 0xda, 0x00, 0x00, 0x23, 0xdf, 0xc1, 0x00, 0x00,
  0x00, 0xcf, 0xd3, 0xd7, 0x00, 0x00, 0x26, 0x00, 0xc7, 0x00, 0x35, 0xdd,
  0x00, 0x00, 0x00, 0x00, 0x00, 0x00, 0xda, 0x00, 0x00, 0x00, 0x00, 0x00,
  0xb9, 0x00, 0xc6, 0xb7, 0x34, 0x00, 0x00, 0x00, 0x00, 0xd8, 0x00, 0x39,
  0x00, 0x00, 0xd9, 0xe2, 0xb2, 0x00, 0x00, 0x00, 0xbc, 0xa2, 0xbb, 0xdb,
  0x00, 0xbd, 0xc2, 0x39, 0x2d, 0x00, 0xcd, 0x00, 0x00, 0xc1, 0x00, 0xd1,
  0x9a, 0xc7, 0x00, 0x00, 0x20, 0x00, 0xba, 0x00, 0x34, 0x00, 0x00, 0x00,
  0x00, 0xb2, 0x00, 0x00, 0xdd, 0x36, 0xc2, 0x00, 0x00, 0x00, 0x20, 0x00,
  0x00, 0x00, 0xd1, 0x00, 0xd9, 0x00, 0x5c, 0x22, 0x00, 0xb6, 0x00, 0x00,
  0x00, 0xbd, 0x00, 0x00, 0x00, 0x00, 0x00, 0x2c, 0xb7, 0xb6, 0xc2, 0x00,
  0xe1, 0xbc, 0x00, 0x00, 0x00, 0xd6, 0x00, 0x00, 0x2f, 0x00, 0x00, 0x00,
  0x00, 0x00, 0x00, 0xd5, 0x00, 0xd9, 0xcb, 0x00, 0x00, 0xcb, 0xd4, 0xe2,
  0x00, 0x00, 0x00, 0x00, 0x00, 0x00, 0x00, 0x1f, 0xbf, 0xbf, 0x00, 0x87,
  0x00, 0xdb, 0x00, 0x00, 0x1e, 0x00, 0x00, 0xd5, 0xa1, 0x22, 0xe4, 0x3f,
  0x34, 0x98, 0x00, 0x3c, 0xbd, 0x8b, 0x00, 0x90, 0x00, 0x00, 0xcc, 0x00,
  0x00, 0x00, 0x00, 0x34, 0x00, 0xde, 0x00, 0xd4, 0xcd, 0x00, 0x1e, 0xe0,
  0x28, 0x00, 0xdf, 0xba, 0x00, 0x00, 0xd3, 0x57, 0x00, 0x00, 0x00, 0x00,
  0xd4, 0x32, 0x4e, 0x29, 0x00, 0x00, 0x41, 0x00, 0x51, 0x00, 0x00, 0x00,
  0x30, 0x4b, 0x00, 0x00, 0xb6, 0x21, 0xde, 0x3b, 0x00, 0x00, 0x2a, 0x00,
  0x49, 0x00, 0x00, 0xba, 0xe2, 0x00, 0x00, 0xa0, 0x00, 0x00, 0xbe, 0x00,
  0x00, 0x00, 0x00, 0xba, 0xde, 0xa5, 0x00, 0x00, 0xbe, 0x00, 0x00, 0xd7,
  0x36, 0x00, 0x00, 0x00, 0x00, 0x00, 0xe4, 0xcd, 0xd4, 0xba, 0x21, 0x00,
  0x00, 0x24, 0x00, 0x35, 0x5a, 0xd2, 0x00, 0x23, 0x00, 0x00, 0xbe, 0x00,
  0x00, 0x00, 0x00, 0x00, 0x00, 0xd0, 0x00, 0x00, 0x00, 0x00, 0xd9, 0xcb,
  0x00, 0x00, 0x00, 0x26, 0x49, 0x32, 0x00, 0xdd, 0x00, 0x9c, 0x00, 0x00,
  0x2b, 0xd5, 0x00, 0xe5, 0x26, 0x00, 0x00, 0x00, 0x00, 0xdf, 0x00, 0x00,
  0x00, 0x1f, 0xd2, 0x00, 0xcf, 0x40, 0x00, 0x00, 0xd6, 0x00, 0x00, 0xc9,
  0x00, 0x29, 0xd4, 0x00, 0x34, 0x23, 0xda, 0x00, 0xd8, 0x00, 0xe0, 0x00,
  0xc7, 0x00, 0x4f, 0xa1, 0x22, 0x00, 0x00, 0x1d, 0xc5, 0xda, 0x9f, 0x00,
  0x00, 0xc3, 0x00, 0x00, 0x00, 0x00, 0x3b, 0x21, 0x00, 0x32, 0x5a, 0xd9,
  0xa1, 0x43, 0xd5, 0x00, 0xca, 0x47, 0x29, 0x00, 0x00, 0x00, 0x00, 0x33,
  0xd6, 0x2e, 0xbc, 0x00, 0x00, 0x39, 0x00, 0x20, 0x00, 0x33, 0x1f, 0x00,
  0xce, 0x00, 0x61, 0x25, 0xc0, 0x2f, 0xb1, 0xd9, 0xac, 0xdf, 0x00, 0x32,
  0x00, 0x00, 0xa8, 0xe2, 0x47, 0x00, 0x00, 0x25, 0x32, 0x3e, 0x31, 0xce,
  0xac, 0xc9, 0x00, 0xd0, 0x00, 0x00, 0x00, 0xb7, 0x45, 0x00, 0x42, 0x00,
  0x3b, 0x00, 0x22, 0x00, 0x00, 0x00, 0x00, 0x00, 0x00, 0xd6, 0x36, 0x00,
  0xdc, 0x00, 0x00, 0x00, 0x3c, 0xb5, 0x7f, 0x22, 0x4b, 0x00, 0xa7, 0xc3,
  0x00, 0x00, 0x00, 0x00, 0x00, 0x00, 0x00, 0x00, 0x1e, 0x00, 0x00, 0x27,
  0x30, 0x00, 0x99, 0xa0, 0xc9, 0x00, 0xb1, 0x00, 0x45, 0x00, 0xc4, 0x00,
  0x38, 0x00, 0x00, 0x00, 0x00, 0xb2, 0x00, 0x00, 0x21, 0x9f, 0x00, 0x00,
  0x00, 0x00, 0xdb, 0x00, 0xbb, 0x00, 0x2b, 0xb6, 0xc0, 0x00, 0x00, 0x59,
  0x00, 0x00, 0x00, 0x00, 0x52, 0x00, 0x1f, 0x29, 0xbd, 0x00, 0x2c, 0x00,
  0xd0, 0x00, 0xc9, 0x87, 0xc6, 0xcc, 0xda, 0x58, 0xd0, 0x00, 0x24, 0x00,
  0x00, 0x00, 0x00, 0x00, 0x00, 0x00, 0x00, 0xcd, 0x00, 0x00, 0xa9, 0x40,
  0xb4, 0x00, 0xdb, 0x00, 0x00, 0xd6, 0x00, 0x00, 0x00, 0xd1, 0x00, 0x00,
  0x00, 0x00, 0xaf, 0x00, 0x00, 0x00, 0x00, 0x00, 0x00, 0xce, 0x00, 0xd5,
  0x00, 0xbd, 0x00, 0x00, 0x37, 0x00, 0x97, 0x00, 0x00, 0x00, 0x00, 0x8e,
  0xad, 0xdb, 0x00, 0xc5, 0x00, 0xa7, 0x00, 0x00, 0x00, 0x31, 0xa8, 0x00,
  0xcf, 0x00, 0x00, 0xb4, 0xce, 0xaa, 0x00, 0x00, 0x65, 0x00, 0xc8, 0x00,
  0x00, 0x00, 0xa4, 0x00, 0xc6, 0x00, 0x00, 0xb6, 0xa5, 0xab, 0xb1, 0xb1,
  0x35, 0xd9, 0x00, 0x00, 0xb8, 0x22, 0xb1, 0x00, 0x9d, 0x00, 0x00, 0xd0,
  0x00, 0xd8, 0x00, 0x00, 0x00, 0x00, 0x00, 0xdb, 0x00, 0x00, 0x00, 0x34,
  0xc3, 0x00, 0x00, 0xcc, 0xd3, 0x00, 0x00, 0x00, 0x00, 0xd5, 0x00, 0x00,
  0xd7, 0x00, 0x00, 0x41, 0xe0, 0x00, 0x00, 0x00, 0x2b, 0x34, 0x37, 0x00,
  0x00, 0x00, 0xbd, 0x00, 0xc9, 0x00, 0x00, 0x00, 0xda, 0x00, 0xb7, 0x2b,
  0x00, 0xe4, 0x3f, 0x00, 0xba, 0x00, 0x00, 0x00, 0xca, 0x32, 0x00, 0x23,
  0xd1, 0x00, 0x00, 0x45, 0x00, 0x00, 0xdc, 0x00, 0xd9, 0x00, 0x34, 0x3a,
  0xb6, 0x00, 0x00, 0x00, 0x00, 0x00, 0x00, 0x38, 0x00, 0xd1, 0x00, 0x00,
  0xe1, 0xbe, 0x00, 0x00, 0x00, 0x00, 0x00, 0xcb, 0x30, 0x00, 0xd3, 0x00,
  0x43, 0x00, 0x00, 0xc8, 0x35, 0xb5, 0x00, 0xce, 0x38, 0x00, 0xd8, 0x00,
  0xe1, 0x00, 0x90, 0x00, 0x00, 0xbc, 0x00, 0x00, 0x28, 0x00, 0x00, 0x00,
  0xde, 0x00, 0x00, 0x29, 0x81, 0x00, 0xd2, 0xd6, 0x00, 0x00, 0x5d, 0xc3,
  0x4a, 0x24, 0xdb, 0x00, 0xdb, 0x00, 0xcc, 0x27, 0xbb, 0x00, 0xb9, 0x00,
  0x00, 0x00, 0x00, 0xcc, 0x00, 0x00, 0xc7, 0x00, 0x00, 0x00, 0xa9, 0x00,
  0xd9, 0x00, 0x91, 0xcc, 0xd0, 0x00, 0x5c, 0xc2, 0xd2, 0xbc, 0x00, 0x33,
  0x00, 0x00, 0xda, 0x00, 0x00, 0x00, 0x00, 0xb9, 0xce, 0x00, 0x00, 0xac,
  0xc7, 0x2f, 0x2b, 0x00, 0x00, 0x41, 0x00, 0xc9, 0xcd, 0x00, 0x00, 0x95,
  0x47, 0x00, 0x00, 0x96, 0x00, 0x00, 0x00, 0x00, 0x00, 0x00, 0xa0, 0xd8,
  0xd0, 0x00, 0x00, 0x00, 0x25, 0x00, 0x00, 0x9d, 0x00, 0x00, 0x00, 0xa6,
  0x25, 0x00, 0xc9, 0xcd, 0x32, 0x00, 0x00, 0xdb, 0x00, 0x00, 0x00, 0x91,
  0x00, 0x00, 0xd1, 0xda, 0x00, 0x6d, 0x39, 0x2a, 0x00, 0x00, 0xb4, 0x00,
  0x00, 0x56, 0xc9, 0x00, 0x23, 0x45, 0xdb, 0x1f, 0x00, 0x00, 0x00, 0xdd,
  0x00, 0x00, 0xd9, 0x29, 0x00, 0x3e, 0x00, 0x00, 0x5a, 0x28, 0x00, 0x00,
  0xd8, 0x00, 0x00, 0xc5, 0x00, 0x00, 0x81, 0x3f, 0x00, 0x3f, 0x65, 0x4d,
  0x29, 0x00, 0x00, 0x00, 0x00, 0x33, 0x22, 0xda, 0x00, 0x00, 0xce, 0x00,
  0x00, 0x00, 0x00, 0x44, 0xd1, 0x00, 0xd9, 0x40, 0x3e, 0x00, 0x62, 0x2b,
  0x00, 0x00, 0x56, 0x4f, 0x40, 0x23, 0x00, 0x00, 0x00, 0x00, 0xd1, 0x00,
  0x00, 0x3a, 0x4a, 0x00, 0x3b, 0x00, 0x00, 0x58, 0x30, 0x52, 0x4a, 0x2a,
  0x00, 0xdc, 0xda, 0x00, 0x00, 0x2f, 0x35, 0x00, 0x3c, 0x28, 0x00, 0x53,
  0x00, 0xde, 0x00, 0x2d, 0x00, 0x00, 0x00, 0x00, 0x2a, 0x00, 0xcf, 0x41,
  0x00, 0x00, 0xda, 0x00, 0x00, 0xbd, 0x00, 0x00, 0x23, 0x00, 0xb6, 0x00,
  0xd0, 0x00, 0xbc, 0x1c, 0x00, 0x00, 0x00, 0x00, 0x29, 0x00, 0xe5, 0x00,
  0x00, 0xcc, 0xd9, 0xd0, 0x00, 0x00, 0x8f, 0x00, 0x00, 0x00, 0x00, 0x00,
  0x50, 0xd1, 0x00, 0x00, 0x00, 0x00, 0xe5, 0xd6, 0x00, 0x2a, 0x00, 0xc0,
  0x00, 0x00, 0x00, 0x32, 0x00, 0x2d, 0xd5, 0x00, 0x40, 0x00, 0x00, 0xa7,
  0x29, 0x00, 0x2e, 0x00, 0x28, 0x00, 0xd9, 0x00, 0xde, 0x36, 0xa3, 0x35,
  0x49, 0x00, 0xe0, 0x96, 0x00, 0xd3, 0xd8, 0x68, 0x00, 0x00, 0x5d, 0x00,
  0x00, 0x32, 0x4f, 0x00, 0x20, 0xd7, 0xd9, 0x00, 0xd4, 0x00, 0x00, 0x48,
  0x3c, 0x00, 0xd2, 0x00, 0x3f, 0xe1, 0x52, 0xdc, 0x00, 0x6d, 0x00, 0xd8,
  0x00, 0x00, 0x3b, 0x00, 0xc4, 0x00, 0xcf, 0x36, 0xe0, 0x32, 0xc2, 0x00,
  0x00, 0x20, 0xdd, 0x00, 0x00, 0x00, 0x00, 0x00, 0xc1, 0x00, 0xb4, 0x00,
  0x00, 0x50, 0x00, 0x00, 0x00, 0x00, 0x00, 0x00, 0x00, 0x22, 0xd8, 0xd5,
  0x3b, 0x00, 0x85, 0x25, 0xb4, 0x53, 0x00, 0x8b, 0xb5, 0x42, 0x00, 0x4a,
  0x00, 0x00, 0x2e, 0xda, 0x00, 0x00, 0x00, 0xc8, 0xde, 0x00, 0xd7, 0xae,
  0xca, 0x3c, 0x00, 0x44, 0x00, 0x00, 0x00, 0xca, 0xda, 0x00, 0xbc, 0x00,
  0x00, 0x00, 0xdf, 0x56, 0xd8, 0x2b, 0x00, 0x9f, 0x00, 0x4b, 0x22, 0xb7,
  0x24, 0x00, 0x9f, 0x00, 0x00, 0x00, 0xc7, 0x23, 0x4c, 0x00, 0x00, 0x97,
  0x61, 0x61, 0x00, 0xd5, 0xb7, 0x00, 0x00, 0x00, 0x66, 0x00, 0x00, 0x00,
  0xda, 0xce, 0xff, 0xff, 0x04, 0x00, 0x00, 0x00, 0x40, 0x00, 0x00, 0x00,
  0xf2, 0x01, 0x00, 0x00, 0xc7, 0xfa, 0xff, 0xff, 0x80, 0x04, 0x00, 0x00,
  0xf2, 0xf9, 0xff, 0xff, 0x9e, 0x01, 0x00, 0x00, 0x86, 0x00, 0x00, 0x00,
  0x67, 0xfd, 0xff, 0xff, 0xf5, 0x03, 0x00, 0x00, 0xfb, 0x00, 0x00, 0x00,
  0xdf, 0xff, 0xff, 0xff, 0x81, 0xfe, 0xff, 0xff, 0x81, 0x05, 0x00, 0x00,
  0x4b, 0x00, 0x00, 0x00, 0x8f, 0x02, 0x00, 0x00, 0x64, 0x02, 0x00, 0x00,
  0x57, 0xfd, 0xff, 0xff, 0x26, 0xcf, 0xff, 0xff, 0x04, 0x00, 0x00, 0x00,
  0x40, 0x00, 0x00, 0x00, 0x00, 0x00, 0x58, 0xbb, 0x00, 0x00, 0x00, 0x53,
  0x00, 0x81, 0x00, 0x51, 0x00, 0x00, 0x44, 0x92, 0x00, 0x00, 0xa9, 0xb1,
  0x59, 0x8b, 0x00, 0x00, 0x50, 0x00, 0x6f, 0x81, 0x00, 0x46, 0x00, 0x9d,
  0x00, 0xa8, 0xb3, 0x00, 0x00, 0x81, 0x84, 0x00, 0x00, 0x76, 0x00, 0x00,
  0x00, 0x00, 0xa8, 0x00, 0x46, 0xb2, 0x98, 0x00, 0xa5, 0x00, 0x00, 0xc7,
  0x64, 0x00, 0x5b, 0x81, 0x8c, 0xc3, 0x00, 0x00, 0x72, 0xcf, 0xff, 0xff,
  0x04, 0x00, 0x00, 0x00, 0x10, 0x00, 0x00, 0x00, 0x87, 0x01, 0x00, 0x00,
  0x21, 0x01, 0x00, 0x00, 0xb4, 0x00, 0x00, 0x00, 0x25, 0x02, 0x00, 0x00,
  0x8e, 0xcf, 0xff, 0xff, 0x04, 0x00, 0x00, 0x00, 0x40, 0x2f, 0x00, 0x00,
  0xee, 0x11, 0xb0, 0xe2, 0xf0, 0x00, 0xb1, 0xe9, 0x00, 0xef, 0xa6, 0x00,
  0x00, 0x00, 0xa1, 0x0d, 0xeb, 0x00, 0xcb, 0x00, 0x00, 0x00, 0xda, 0x00,
  0x00, 0x00, 0xbb, 0x00, 0xdc, 0x00, 0xaa, 0x00, 0xd4, 0xcf, 0xd5, 0x00,
  0xd3, 0x99, 0xdb, 0x0e, 0xdc, 0x8b, 0xe6, 0x1d, 0xdd, 0x89, 0xde, 0x20,
  0xbf, 0x81, 0xe9, 0x00, 0x83, 0xc0, 0xd6, 0x00, 0x9a, 0xb3, 0x00, 0x00,
  0xb6, 0xd1, 0xda, 0x00, 0xdb, 0x00, 0xd3, 0x00, 0xe6, 0x00, 0xe7, 0xe6,
  0xef, 0xef, 0xcb, 0x14, 0x00, 0x00, 0xd2, 0x00, 0x19, 0x00, 0xcc, 0x00,
  0x00, 0x1b, 0x00, 0x00, 0xe0, 0x00, 0xf1, 0x00, 0xea, 0xeb, 0xf1, 0xf1,
  0x00, 0x00, 0x00, 0xed, 0xe5, 0x1f, 0x00, 0xed, 0xcf, 0x10, 0x00, 0x00,
  0xd5, 0xe5, 0x00, 0x00, 0x00, 0xf0, 0x00, 0x00, 0x00, 0x00, 0x00, 0x00,
  0xcf, 0xe9, 0x00, 0x00, 0xd4, 0x00, 0x00, 0x00, 0xc5, 0xce, 0x00, 0x00,
  0xe6, 0xde, 0x00, 0xf2, 0xd9, 0xf0, 0x1a, 0x00, 0x00, 0x00, 0x13, 0xec,
  0x1d, 0x13, 0xda, 0xee, 0x00, 0x00, 0xd5, 0x00, 0x00, 0xe5, 0xef, 0xdb,
  0x00, 0x00, 0xdb, 0xd4, 0x10, 0x00, 0xeb, 0xe5, 0xe9, 0xec, 0x00, 0x00,
  0xe7, 0x00, 0x00, 0x00, 0xde, 0x00, 0xef, 0xdc, 0xcb, 0xed, 0x00, 0xd8,
  0xea, 0xec, 0x00, 0x00, 0x10, 0x00, 0xf0, 0xd9, 0x00, 0x0f, 0xec, 0x00,
  0xdf, 0xe6, 0x00, 0x00, 0x00, 0xf0, 0x00, 0x14, 0x00, 0xea, 0xec, 0xd8,
  0x00, 0x00, 0xd3, 0x00, 0xe1, 0xe4, 0xec, 0x00, 0x00, 0xdb, 0x0c, 0xe7,
  0x11, 0x00, 0x00, 0xec, 0xe1, 0xf1, 0xe7, 0x00, 0x00, 0xf0, 0x00, 0xe9,
  0xee, 0xe8, 0x19, 0x00, 0x00, 0x00, 0x00, 0xe5, 0xee, 0x00, 0x00, 0x0c,
  0xe9, 0x00, 0x00, 0xed, 0xeb, 0xe5, 0x00, 0xdf, 0x00, 0x00, 0x00, 0x00,
  0x00, 0x00, 0x00, 0xc8, 0x00, 0x00, 0x00, 0xca, 0x00, 0xed, 0xea, 0x00,
  0x00, 0x00, 0x0f, 0xf0, 0x00, 0x00, 0x0d, 0xe9, 0x0e, 0x11, 0xef, 0xec,
  0xeb, 0xdf, 0xc2, 0xe7, 0x11, 0x00, 0xd8, 0xef, 0x00, 0x00, 0x00, 0xd8,
  0x00, 0xf0, 0x14, 0xee, 0x11, 0x00, 0x00, 0x00, 0x00, 0x00, 0x0e, 0xed,
  0xe5, 0xe1, 0xea, 0x00, 0x00, 0xd5, 0xe2, 0x00, 0x00, 0xf2, 0x00, 0x00,
  0x00, 0x00, 0xda, 0x00, 0xe5, 0x00, 0x00, 0x15, 0x00, 0xef, 0xd5, 0xf0,
  0x00, 0xf1, 0xf2, 0xf2, 0x00, 0xe8, 0xdb, 0xef, 0x00, 0x00, 0xe5, 0x00,
  0x00, 0x00, 0xc8, 0xdc, 0x0f, 0x12, 0xe6, 0xc3, 0x12, 0x00, 0x00, 0xdc,
  0x00, 0x15, 0x00, 0xeb, 0x15, 0x00, 0xe4, 0xf1, 0x10, 0x00, 0xf2, 0x00,
  0x00, 0x00, 0xe9, 0x00, 0x00, 0x00, 0xd3, 0xdd, 0x00, 0x00, 0x00, 0xe5,
  0x00, 0x00, 0x00, 0xf1, 0x00, 0x00, 0x00, 0x00, 0x00, 0xed, 0xdd, 0xd0,
  0x00, 0xe6, 0xe3, 0x00, 0x00, 0x00, 0xdb, 0x00, 0x00, 0xec, 0xea, 0x00,
  0x00, 0x19, 0x00, 0x00, 0x00, 0x1a, 0x00, 0xea, 0x00, 0x00, 0xe4, 0xeb,
  0x00, 0xef, 0xd1, 0xe3, 0x00, 0x00, 0xe1, 0x00, 0x00, 0x00, 0xee, 0x00,
  0x00, 0x00, 0x00, 0x00, 0x00, 0xf0, 0x00, 0xed, 0x00, 0xe0, 0x00, 0x00,
  0xe0, 0x0f, 0xce, 0x00, 0xc3, 0x00, 0xde, 0xee, 0x89, 0x00, 0xcd, 0xec,
  0xb2, 0x00, 0xc1, 0x00, 0xc5, 0x00, 0xd6, 0x11, 0xcc, 0x00, 0xd3, 0x00,
  0xb4, 0x00, 0xcf, 0x00, 0xac, 0xee, 0xe4, 0x00, 0xb3, 0xb6, 0xc8, 0x00,
  0x8c, 0x97, 0xdb, 0x10, 0xc1, 0x81, 0xec, 0x00, 0xe8, 0x9b, 0xe7, 0x13,
  0xe8, 0xb9, 0xd4, 0x19, 0xcc, 0xdf, 0xda, 0x22, 0xa1, 0xbe, 0xe3, 0x16,
  0xaf, 0xc6, 0xed, 0x00, 0xc5, 0xc1, 0xe8, 0x17, 0xe4, 0xcf, 0xd5, 0x00,
  0xd4, 0xe3, 0xec, 0xed, 0x00, 0x00, 0xe9, 0xf0, 0x00, 0x00, 0xcb, 0x14,
  0x00, 0x00, 0xde, 0x00, 0x2a, 0x3a, 0xe7, 0x00, 0x00, 0x00, 0x00, 0xf0,
  0x00, 0x00, 0x00, 0x0d, 0x00, 0x19, 0x00, 0x00, 0xdc, 0x00, 0xef, 0xdc,
  0xdb, 0xcd, 0x00, 0xf0, 0xce, 0xd5, 0x1d, 0x14, 0x00, 0xe0, 0xe5, 0xe5,
  0x16, 0x00, 0xdc, 0x00, 0xc6, 0xe7, 0x00, 0x1b, 0xc5, 0xdb, 0x23, 0x00,
  0xc2, 0xd3, 0x13, 0xe2, 0xc3, 0xe2, 0xce, 0xca, 0xcb, 0xcd, 0x00, 0x00,
  0x00, 0x00, 0xf1, 0xe3, 0x00, 0x00, 0xf0, 0x00, 0x00, 0x00, 0x00, 0xe1,
  0xe5, 0x00, 0xf1, 0x00, 0x00, 0xeb, 0x00, 0x00, 0x1f, 0x00, 0x00, 0xe6,
  0x0e, 0xf0, 0x00, 0xe2, 0x00, 0xef, 0x00, 0x00, 0xce, 0x00, 0x00, 0xef,
  0xd9, 0x00, 0x00, 0xe0, 0x00, 0x00, 0x00, 0xde, 0x00, 0x00, 0xeb, 0x00,
  0x10, 0x00, 0x00, 0xe5, 0xec, 0x00, 0x00, 0x00, 0x00, 0x00, 0x00, 0x00,
  0xea, 0x00, 0x00, 0x00, 0x00, 0x00, 0xee, 0xe6, 0xeb, 0xf1, 0x00, 0xe2,
  0xce, 0x00, 0x00, 0x00, 0x12, 0x1d, 0xf1, 0x00, 0x17, 0xf1, 0x00, 0x00,
  0x1a, 0xe8, 0x00, 0x00, 0x00, 0x00, 0xce, 0x00, 0x00, 0xe3, 0xf0, 0x00,
  0xf1, 0x00, 0x00, 0x0f, 0xf2, 0x00, 0x00, 0x00, 0xe8, 0xdf, 0xed, 0xeb,
  0x00, 0xdf, 0xf1, 0x00, 0x00, 0xd7, 0x00, 0x00, 0xf1, 0xe6, 0xd7, 0xee,
  0x00, 0x00, 0x00, 0xe5, 0xed, 0x00, 0xdd, 0x00, 0x10, 0x24, 0xe4, 0xe1,
  0xf1, 0x00, 0x00, 0xd4, 0x00, 0x00, 0x00, 0x00, 0x1d, 0x0e, 0xee, 0x00,
  0x00, 0xeb, 0x00, 0x00, 0x00, 0x00, 0x00, 0x00, 0x17, 0x00, 0xdc, 0xf2,
  0x0f, 0x00, 0x00, 0x00, 0x15, 0x0e, 0x10, 0xd2, 0x15, 0x17, 0x00, 0x00,
  0x17, 0x00, 0x00, 0x00, 0x00, 0x00, 0x00, 0x00, 0x00, 0x00, 0x00, 0x00,
  0x00, 0x11, 0xe2, 0xe6, 0x00, 0x00, 0x00, 0xe6, 0x00, 0x00, 0xe7, 0xe9,
  0x00, 0x00, 0xe6, 0xe5, 0x00, 0xf1, 0xee, 0xe7, 0x00, 0x00, 0xe3, 0xe8,
  0x11, 0x00, 0xdf, 0xee, 0x0d, 0x00, 0x00, 0xc8, 0x00, 0xf0, 0xe4, 0xd1,
  0xf1, 0xd9, 0xdf, 0xd1, 0xf0, 0xe4, 0xe3, 0xe3, 0x00, 0x00, 0x00, 0xe9,
  0x00, 0xe6, 0xc6, 0xee, 0x00, 0xd8, 0xe6, 0xe2, 0x00, 0xe3, 0xe2, 0xdd,
  0x00, 0x00, 0xec, 0xc4, 0xf2, 0x00, 0xd2, 0x00, 0xec, 0x00, 0xe5, 0xed,
  0x00, 0x00, 0xce, 0xe6, 0x00, 0x00, 0xd0, 0xee, 0x00, 0x00, 0xd8, 0xed,
  0xf1, 0x12, 0xcd, 0xef, 0x00, 0x14, 0xe4, 0x00, 0x00, 0x00, 0xea, 0x00,
  0x00, 0xe2, 0xeb, 0x00, 0x00, 0xe4, 0xe6, 0xed, 0xea, 0x00, 0xf1, 0xf3,
  0x18, 0x00, 0xcc, 0xe0, 0x00, 0x00, 0xef, 0xd6, 0xed, 0x1c, 0xd7, 0xed,
  0xe4, 0x00, 0xcf, 0x00, 0xe2, 0x00, 0xbb, 0x00, 0xef, 0x00, 0xc7, 0x00,
  0xe4, 0x13, 0xcc, 0x00, 0xe7, 0x00, 0xb3, 0x00, 0xc8, 0xef, 0xde, 0x00,
  0xc2, 0xed, 0xe3, 0x11, 0xcc, 0xca, 0xe7, 0x16, 0xc6, 0x81, 0xcd, 0x00,
  0xe5, 0xa2, 0xcf, 0x19, 0xee, 0x9b, 0xdc, 0x15, 0xbc, 0xb4, 0x00, 0x15,
  0xa1, 0xb8, 0xe4, 0x17, 0xa1, 0xca, 0xe6, 0x00, 0xd1, 0xcf, 0xe8, 0xe6,
  0xc5, 0xd0, 0xe2, 0xec, 0x16, 0x00, 0xc9, 0x00, 0x00, 0x00, 0xca, 0x18,
  0xc5, 0x00, 0xe3, 0x00, 0xeb, 0x00, 0x00, 0xf0, 0x15, 0x2c, 0x00, 0xe9,
  0x1a, 0x27, 0x00, 0x00, 0xee, 0xe9, 0xec, 0xf0, 0xdb, 0xe0, 0x00, 0xdf,
  0xd7, 0x00, 0x00, 0x00, 0x00, 0x1c, 0x00, 0x00, 0xd7, 0xe7, 0x22, 0x00,
  0xee, 0x00, 0x00, 0xed, 0x00, 0xec, 0xdb, 0xe4, 0xb5, 0xe3, 0x00, 0x00,
  0xe8, 0x00, 0x14, 0x12, 0xb8, 0xe4, 0xea, 0x17, 0xa3, 0x00, 0xde, 0xe3,
  0xdb, 0x00, 0x00, 0xc8, 0x00, 0xe9, 0x14, 0xe2, 0x1c, 0xe5, 0x00, 0x00,
  0x00, 0x00, 0xf0, 0xe3, 0x00, 0x00, 0x00, 0xc5, 0x00, 0xe1, 0x00, 0xd5,
  0x00, 0x00, 0x00, 0x00, 0x13, 0x16, 0xef, 0x00, 0x00, 0xd7, 0xa4, 0x00,
  0x00, 0x00, 0x00, 0x00, 0xc0, 0x00, 0xe7, 0xd8, 0xb8, 0x00, 0x13, 0x18,
  0x00, 0x00, 0xea, 0xe3, 0x00, 0x14, 0xdf, 0xba, 0x00, 0x13, 0xe7, 0x00,
  0xba, 0xc7, 0x00, 0x00, 0x00, 0x00, 0x00, 0x1a, 0xf0, 0x00, 0xde, 0xe8,
  0xd6, 0xea, 0x00, 0x00, 0xbb, 0x00, 0xe6, 0xcf, 0xe0, 0x00, 0xe2, 0xc1,
  0xec, 0xe9, 0xc9, 0x00, 0x00, 0x00, 0xee, 0x00, 0x00, 0xd7, 0xe1, 0xca,
  0x00, 0x00, 0x00, 0xd1, 0xe0, 0xd8, 0x00, 0xd7, 0x00, 0x00, 0x22, 0x1c,
  0xde, 0xe7, 0x00, 0xc7, 0x00, 0xe0, 0x00, 0x00, 0xe9, 0x00, 0x00, 0xee,
  0xee, 0xef, 0xd6, 0x00, 0x17, 0x00, 0xec, 0x00, 0x00, 0xe3, 0x00, 0x12,
  0x00, 0xf0, 0x13, 0x00, 0xe6, 0xcc, 0x00, 0xcd, 0x00, 0x18, 0xeb, 0xd6,
  0x00, 0x00, 0xdb, 0xd6, 0x00, 0xe4, 0xdd, 0x00, 0x00, 0x00, 0xda, 0xc2,
  0x00, 0x00, 0xea, 0x00, 0x00, 0x00, 0x00, 0xea, 0x00, 0x00, 0xe6, 0x00,
  0x26, 0x00, 0xe7, 0xed, 0x00, 0xe0, 0xeb, 0xdf, 0x00, 0xe7, 0xee, 0xed,
  0x1e, 0x00, 0xca, 0x00, 0x00, 0xd6, 0xb8, 0x00, 0x00, 0xe8, 0xd1, 0xce,
  0x00, 0xeb, 0x00, 0xd4, 0x00, 0xdb, 0x00, 0x00, 0x00, 0x00, 0x00, 0x00,
  0x00, 0x00, 0xf0, 0xe3, 0x00, 0x00, 0xd4, 0xe4, 0x00, 0xd6, 0x00, 0x00,
  0x12, 0x00, 0x00, 0x00, 0x00, 0x16, 0xd1, 0x00, 0x00, 0xd9, 0xe2, 0xe5,
  0x00, 0xd1, 0xe7, 0x00, 0x18, 0xee, 0x00, 0x00, 0x00, 0xec, 0x00, 0xd2,
  0x13, 0x00, 0xdc, 0xeb, 0x15, 0x00, 0xec, 0xe5, 0x1e, 0xe7, 0xed, 0x00,
  0x1a, 0x00, 0xe7, 0x00, 0x00, 0x00, 0xcd, 0xdd, 0x00, 0x00, 0xd9, 0xef,
  0x00, 0xed, 0x00, 0x00, 0x1e, 0xe4, 0x00, 0x15, 0x1e, 0xe6, 0xd9, 0xe0,
  0x15, 0x00, 0xe0, 0x00, 0x00, 0xeb, 0xe7, 0x00, 0x00, 0x00, 0x00, 0x00,
  0x12, 0x00, 0xd2, 0x00, 0x12, 0x00, 0xd0, 0x00, 0x00, 0x00, 0xd4, 0xd9,
  0xdd, 0xee, 0xc8, 0xd4, 0xac, 0x00, 0xf1, 0xe9, 0x97, 0x00, 0xe1, 0x13,
  0x86, 0x00, 0xd2, 0x19, 0x97, 0xf2, 0xba, 0x0c, 0xbf, 0x00, 0xb9, 0x00,
  0xc4, 0x00, 0xd2, 0x00, 0x99, 0xd4, 0xd2, 0x00, 0x81, 0xb3, 0xd7, 0x00,
  0xb1, 0xbb, 0xd2, 0x10, 0xe4, 0xc0, 0xcd, 0x10, 0x00, 0xc7, 0x00, 0x0e,
  0x00, 0xee, 0x00, 0x18, 0xc8, 0xdb, 0x00, 0x0f, 0xa8, 0xb6, 0x00, 0x17,
  0xbf, 0xae, 0xe7, 0x00, 0xdd, 0xde, 0x00, 0x00, 0x9c, 0xd1, 0xd6, 0xd8,
  0x93, 0xcc, 0xdf, 0xc6, 0xce, 0xf0, 0x00, 0xde, 0x00, 0x00, 0xe7, 0xe6,
  0x12, 0x13, 0x00, 0xc4, 0x24, 0x22, 0x00, 0xcf, 0x16, 0xde, 0x00, 0xe6,
  0x00, 0xcd, 0x0e, 0x00, 0xd6, 0xed, 0xe8, 0xe7, 0xaa, 0x00, 0x00, 0x00,
  0xd3, 0xb5, 0x1a, 0x00, 0x13, 0xe5, 0x14, 0x00, 0x00, 0xe6, 0x00, 0xd1,
  0x00, 0x00, 0xdf, 0x00, 0x00, 0x0d, 0x00, 0x00, 0x00, 0x00, 0xe4, 0x0e,
  0x00, 0xe2, 0x00, 0x00, 0x00, 0x00, 0xd8, 0xa3, 0x00, 0x00, 0x13, 0xe8,
  0x00, 0x00, 0x13, 0xe2, 0x21, 0x00, 0xeb, 0xe7, 0xf1, 0x00, 0xf0, 0xe4,
  0x00, 0xea, 0x00, 0xe1, 0x00, 0xeb, 0xee, 0xed, 0x00, 0xf0, 0x00, 0xdf,
  0x00, 0xd2, 0xf1, 0x00, 0xd1, 0xbd, 0x00, 0x00, 0xca, 0xc8, 0x00, 0xc8,
  0xf2, 0x00, 0x00, 0xc0, 0xe7, 0x00, 0x00, 0x00, 0x00, 0x00, 0xb8, 0x00,
  0x00, 0x00, 0xbd, 0xe4, 0xe8, 0x00, 0xec, 0x00, 0x11, 0xde, 0x00, 0x00,
  0x00, 0xca, 0xe4, 0xef, 0x00, 0xdb, 0x00, 0xea, 0x00, 0xe7, 0xe6, 0xce,
  0xf0, 0x00, 0xee, 0xd9, 0x00, 0x00, 0xee, 0xe2, 0x00, 0xec, 0x00, 0x12,
  0x00, 0xea, 0xea, 0xe2, 0x16, 0x00, 0xd3, 0xe1, 0x0d, 0xe6, 0xd4, 0xe1,
  0x00, 0x00, 0x00, 0x00, 0x00, 0x00, 0x00, 0x00, 0x00, 0x00, 0xee, 0xde,
  0x00, 0x00, 0x00, 0x00, 0xef, 0xde, 0x00, 0x00, 0x00, 0x00, 0xce, 0xf3,
  0x00, 0x00, 0xd3, 0x00, 0xf1, 0xf1, 0x00, 0x1a, 0xed, 0x00, 0x00, 0x00,
  0x00, 0x00, 0x0f, 0x1a, 0x00, 0x00, 0xdf, 0x00, 0x00, 0xe4, 0xe6, 0x00,
  0x00, 0xcb, 0x00, 0x00, 0x00, 0x00, 0xe7, 0x1c, 0x00, 0xee, 0xe7, 0xed,
  0x00, 0x00, 0x00, 0xef, 0x00, 0x00, 0xd1, 0x00, 0x00, 0x00, 0x00, 0x15,
  0xee, 0x00, 0x00, 0xea, 0x00, 0x27, 0x00, 0xea, 0x13, 0x00, 0x00, 0x00,
  0x00, 0xe0, 0x00, 0xe6, 0x00, 0x0d, 0xee, 0xd2, 0x13, 0x00, 0xea, 0x00,
  0x00, 0x00, 0x00, 0x00, 0x00, 0x00, 0x00, 0x00, 0x0e, 0x12, 0xea, 0xec,
  0x11, 0xe2, 0x13, 0xe4, 0x0d, 0x00, 0x19, 0xe3, 0x0f, 0x0f, 0xd7, 0xdc,
  0x00, 0x00, 0x14, 0xdb, 0x00, 0x00, 0xe7, 0xdd, 0x0e, 0x12, 0xda, 0xe6,
  0x17, 0x00, 0xee, 0xeb, 0x00, 0x00, 0xe7, 0xe9, 0x00, 0xe6, 0x00, 0xed,
  0x00, 0xee, 0x00, 0xdf, 0x00, 0x00, 0x00, 0xd5, 0x00, 0x00, 0x00, 0x00,
  0x00, 0xe0, 0xef, 0x00, 0x00, 0xde, 0x00, 0x00, 0x00, 0xea, 0x00, 0x00,
  0x00, 0xd9, 0x00, 0x00, 0x00, 0x00, 0xd8, 0xf0, 0x00, 0x00, 0xe6, 0x00,
  0x00, 0xe9, 0xb0, 0xe9, 0x00, 0x00, 0xa9, 0xd5, 0x00, 0x15, 0xe0, 0xb5,
  0x17, 0x00, 0x81, 0x92, 0x1d, 0xea, 0xae, 0x92, 0x00, 0xdb, 0xe9, 0xee,
  0x17, 0xd4, 0x00, 0x10, 0x1c, 0xd4, 0xb2, 0x14, 0x14, 0x00, 0xb0, 0x15,
  0x00, 0xe7, 0xc8, 0x00, 0x00, 0x00, 0xbd, 0xee, 0xed, 0x00, 0xa7, 0x00,
  0xd6, 0xdf, 0xaa, 0x10, 0x99, 0xda, 0x9d, 0x00, 0xba, 0xce, 0xdd, 0x14,
  0xee, 0xdb, 0xda, 0x00, 0x00, 0x00, 0xe4, 0x00, 0xdd, 0xe3, 0xee, 0x11,
  0xb9, 0xb9, 0xe7, 0x00, 0x9e, 0xd6, 0xe3, 0x0e, 0xae, 0x00, 0x00, 0x00,
  0xa9, 0x00, 0x00, 0x00, 0xbb, 0xeb, 0x00, 0x1d, 0xd3, 0x00, 0xd3, 0x00,
  0x00, 0x00, 0xd9, 0x00, 0x00, 0x00, 0xdd, 0x11, 0x1b, 0x18, 0xee, 0x00,
  0x25, 0x00, 0xee, 0x00, 0x00, 0x00, 0x00, 0x00, 0x00, 0x00, 0x10, 0x00,
  0x00, 0x0e, 0x00, 0xda, 0xda, 0xd6, 0x11, 0xe3, 0xef, 0xee, 0x0f, 0xed,
  0xd4, 0x00, 0xe8, 0x00, 0xf0, 0x00, 0x00, 0xbe, 0x00, 0x00, 0x0f, 0xe6,
  0x00, 0x00, 0xf1, 0x00, 0xf1, 0xce, 0xf1, 0x00, 0xed, 0xeb, 0x00, 0xde,
  0xe9, 0x00, 0x00, 0x00, 0xbc, 0x00, 0x00, 0x00, 0xbe, 0xf1, 0xef, 0x00,
  0x00, 0x00, 0x00, 0x00, 0x00, 0x00, 0x00, 0xf0, 0x00, 0xed, 0x00, 0xd6,
  0x00, 0x00, 0xd2, 0xe3, 0x00, 0x00, 0xe3, 0xed, 0xed, 0xe3, 0xf3, 0x00,
  0x00, 0x00, 0xea, 0xef, 0x00, 0xe7, 0x00, 0xb6, 0x00, 0xda, 0x00, 0xf3,
  0xee, 0x00, 0x00, 0x00, 0x00, 0x00, 0x00, 0xd3, 0x00, 0x00, 0x00, 0x12,
  0xed, 0xe2, 0xcd, 0xf1, 0x19, 0xf3, 0x00, 0x00, 0x00, 0x0f, 0x17, 0x00,
  0x00, 0x00, 0x00, 0x00, 0x00, 0x00, 0xde, 0x00, 0x00, 0x00, 0x00, 0xeb,
  0x14, 0xeb, 0x00, 0x00, 0x00, 0x00, 0xea, 0xdb, 0x00, 0xee, 0xde, 0xc9,
  0xee, 0x00, 0xf1, 0x00, 0xeb, 0xed, 0x00, 0x00, 0x00, 0x00, 0x0d, 0x00,
  0x00, 0xec, 0x00, 0x00, 0x00, 0x00, 0x00, 0x00, 0x00, 0x0f, 0x00, 0xe9,
  0x00, 0x00, 0x00, 0x00, 0x00, 0xe7, 0xc5, 0xf2, 0xe2, 0x00, 0x00, 0x00,
  0x13, 0xed, 0x00, 0xdc, 0x00, 0xef, 0x11, 0xea, 0xe2, 0xdf, 0xd9, 0xee,
  0xef, 0xea, 0x00, 0xdb, 0x00, 0x00, 0x16, 0x00, 0x00, 0xf0, 0x00, 0xe1,
  0x00, 0x00, 0xba, 0xe9, 0xec, 0xf0, 0x00, 0x00, 0x00, 0xe4, 0x00, 0x00,
  0x00, 0x00, 0xe9, 0x00, 0xef, 0xf2, 0xea, 0xed, 0x00, 0x00, 0x00, 0x00,
  0x00, 0x00, 0x00, 0x00, 0x00, 0x00, 0x00, 0xd2, 0x00, 0xec, 0xe7, 0xed,
  0x00, 0xeb, 0x00, 0xe8, 0x00, 0x00, 0xe6, 0x00, 0x18, 0x1a, 0xda, 0xe5,
  0x11, 0xe2, 0x00, 0xec, 0x00, 0x00, 0xda, 0xee, 0x00, 0x00, 0xeb, 0xef,
  0x00, 0xf0, 0x00, 0x00, 0x00, 0xf2, 0xf0, 0xe5, 0x00, 0xf0, 0xdf, 0xe7,
  0x00, 0xed, 0x1a, 0xd2, 0x00, 0xe8, 0x00, 0xd9, 0x17, 0x1c, 0x00, 0xe4,
  0x00, 0x00, 0xee, 0xe8, 0x00, 0x00, 0x00, 0xf0, 0x11, 0x00, 0x00, 0xe7,
  0x0f, 0xe2, 0xec, 0xed, 0x00, 0xe2, 0xf1, 0x00, 0x00, 0x00, 0xec, 0x00,
  0x00, 0x00, 0xed, 0xeb, 0x00, 0x00, 0x13, 0xe4, 0x00, 0x00, 0x10, 0xee,
  0x00, 0x00, 0x00, 0x00, 0x00, 0xec, 0xd8, 0x00, 0x00, 0x00, 0xbd, 0x00,
  0x00, 0x1c, 0xa9, 0xc7, 0x13, 0x13, 0xb5, 0x83, 0x1e, 0xd7, 0xd0, 0xc1,
  0x00, 0xd0, 0xe4, 0xec, 0x8e, 0xca, 0x00, 0x00, 0x81, 0xc7, 0xdf, 0x00,
  0xb6, 0x00, 0xea, 0x00, 0xd8, 0x00, 0xb7, 0x00, 0xde, 0x00, 0x96, 0x00,
  0xec, 0x16, 0xa7, 0x00, 0xde, 0xc6, 0xa3, 0x00, 0x93, 0x92, 0xd8, 0x00,
  0xbf, 0xb4, 0xce, 0x17, 0xed, 0x00, 0xe4, 0x00, 0x00, 0x00, 0xd8, 0x00,
  0x00, 0x00, 0xda, 0x00, 0xcd, 0xd3, 0x00, 0x00, 0xd1, 0x00, 0x00, 0x1c,
  0xb1, 0x00, 0x00, 0x00, 0xa9, 0xb1, 0x00, 0x12, 0xd6, 0xc2, 0x00, 0x00,
  0xcd, 0xd4, 0xcb, 0x00, 0x00, 0x00, 0xe7, 0xaa, 0xe8, 0x00, 0x00, 0x00,
  0x12, 0x19, 0x00, 0x00, 0x31, 0x12, 0xc8, 0x00, 0x23, 0x00, 0xd8, 0x00,
  0x11, 0xc1, 0xdf, 0xea, 0xec, 0xd3, 0x00, 0xb0, 0xce, 0x00, 0x00, 0xd1,
  0xcc, 0xcf, 0x00, 0xde, 0x00, 0x00, 0x1e, 0x00, 0xdb, 0x00, 0xdc, 0xed,
  0x00, 0x00, 0x00, 0xe7, 0xe7, 0x00, 0x13, 0x00, 0x00, 0xe6, 0x00, 0x00,
  0x00, 0x00, 0x00, 0xe8, 0x00, 0xea, 0x00, 0xc5, 0xd9, 0x9e, 0x00, 0xc6,
  0x92, 0xdf, 0xec, 0x00, 0xea, 0x00, 0x00, 0xd3, 0x00, 0x00, 0x00, 0x00,
  0x00, 0xe9, 0x00, 0x00, 0x1d, 0xe6, 0xcc, 0x00, 0x1c, 0xe8, 0x00, 0xcf,
  0x00, 0xc6, 0xc6, 0x00, 0xed, 0x00, 0x00, 0x00, 0xc9, 0x19, 0x00, 0xaf,
  0xd8, 0xd6, 0x00, 0xe0, 0xd8, 0x00, 0x11, 0x2b, 0xbf, 0xe3, 0xa5, 0x9d,
  0x00, 0x10, 0x9b, 0xe3, 0xee, 0x00, 0x00, 0xea, 0x00, 0xb4, 0x00, 0x00,
  0xec, 0x00, 0x00, 0x00, 0x00, 0xe5, 0x00, 0xb2, 0xe5, 0x00, 0x00, 0xca,
  0x00, 0xda, 0x00, 0xd8, 0x00, 0x00, 0xe1, 0xdc, 0x14, 0x00, 0x00, 0x00,
  0x00, 0x00, 0x00, 0xdf, 0x13, 0xe8, 0xeb, 0xbf, 0xec, 0x00, 0x00, 0xa9,
  0x00, 0x00, 0xed, 0x00, 0x00, 0x00, 0xd7, 0xde, 0x00, 0x00, 0x00, 0x00,
  0x00, 0xda, 0x00, 0x00, 0x00, 0xe7, 0x00, 0x28, 0x00, 0xe4, 0xd6, 0xda,
  0x00, 0xe5, 0xe6, 0xe8, 0xec, 0x00, 0xea, 0x00, 0x00, 0xe5, 0xe6, 0x00,
  0x00, 0xea, 0x00, 0x00, 0x00, 0x00, 0xed, 0x16, 0x19, 0xe7, 0xb3, 0x00,
  0x19, 0x00, 0xe8, 0x00, 0x00, 0x00, 0xc5, 0x00, 0x13, 0x00, 0x00, 0x00,
  0x00, 0x00, 0xdb, 0xd9, 0x00, 0x00, 0xcd, 0xc8, 0x00, 0x00, 0x00, 0x00,
  0x00, 0x00, 0x00, 0xed, 0x00, 0x00, 0xea, 0xeb, 0x00, 0x00, 0x00, 0xcc,
  0x00, 0xea, 0x00, 0xd1, 0x00, 0xee, 0xed, 0x00, 0x14, 0x00, 0x00, 0xda,
  0x00, 0x00, 0x00, 0xe7, 0x11, 0x00, 0x00, 0xc7, 0x00, 0x00, 0x2b, 0xbf,
  0x00, 0xe7, 0x2e, 0xe3, 0x00, 0x00, 0x00, 0x00, 0x1b, 0x17, 0xc8, 0xe8,
  0xed, 0xda, 0xcf, 0xe4, 0x00, 0xe8, 0x00, 0x00, 0x00, 0xd0, 0x00, 0x00,
  0x00, 0xe0, 0x00, 0x00, 0x00, 0x00, 0xdb, 0xd1, 0x00, 0x00, 0xce, 0xe5,
  0x00, 0x00, 0xd6, 0xef, 0x00, 0x00, 0x00, 0x00, 0x17, 0x00, 0x00, 0x00,
  0x1b, 0x00, 0xd1, 0x00, 0x00, 0x00, 0xd2, 0x00, 0x00, 0x00, 0xed, 0x1b,
  0x1d, 0x11, 0xd7, 0xd0, 0x00, 0x00, 0x00, 0x00, 0x1f, 0xdf, 0x00, 0x00,
  0x00, 0xcf, 0xd7, 0x00, 0x00, 0x00, 0xdf, 0x16, 0x17, 0x24, 0xbb, 0x00,
  0x00, 0xdd, 0xb3, 0xc8, 0x00, 0xe1, 0x00, 0xee, 0xde, 0x00, 0x19, 0x00,
  0xeb, 0x00, 0x00, 0x00, 0xd9, 0xd1, 0x00, 0x17, 0xb5, 0x00, 0xd9, 0x18,
  0xcb, 0x10, 0xb6, 0x00, 0xc7, 0x00, 0xbb, 0x00, 0xc6, 0x00, 0xb7, 0x00,
  0xaa, 0xc7, 0xb6, 0x00, 0x84, 0xc0, 0xb5, 0x22, 0x00, 0xde, 0xb5, 0x29,
  0x1f, 0x00, 0xbe, 0x0f, 0x00, 0x14, 0xc6, 0x00, 0xe6, 0xe8, 0xe9, 0x00,
  0xd3, 0xd8, 0xed, 0x12, 0x81, 0x9f, 0xe7, 0x19, 0xae, 0x00, 0x00, 0x00,
  0xda, 0xee, 0x00, 0x00, 0x00, 0x00, 0xe0, 0xd4, 0x00, 0x00, 0xe1, 0x00,
  0xd5, 0x00, 0xe2, 0x00, 0x00, 0x13, 0x18, 0x00, 0x00, 0x00, 0x00, 0x00,
  0x11, 0xe3, 0x00, 0x00, 0x00, 0x00, 0x18, 0xd8, 0x00, 0x00, 0xec, 0xaa,
  0xe3, 0xd3, 0xf1, 0xca, 0xc4, 0x00, 0x1d, 0xbc, 0xc4, 0x00, 0x1a, 0x00,
  0x00, 0xc6, 0x00, 0xcb, 0x00, 0x00, 0x00, 0x00, 0x00, 0x17, 0xef, 0x00,
  0x00, 0xe8, 0x00, 0x00, 0xc4, 0xe6, 0x00, 0x1c, 0xe7, 0x00, 0x00, 0xe4,
  0xb7, 0x00, 0xe4, 0x00, 0x00, 0x00, 0x1b, 0xd6, 0x00, 0xdb, 0xde, 0xc2,
  0x11, 0x14, 0xea, 0xed, 0x00, 0x10, 0x14, 0x00, 0x00, 0xeb, 0xee, 0xc2,
  0x00, 0x00, 0x00, 0xd0, 0x13, 0x00, 0xea, 0xcf, 0x00, 0xa6, 0xd9, 0x00,
  0x00, 0x00, 0x00, 0xd2, 0x18, 0x00, 0x00, 0xd9, 0xe4, 0x00, 0x00, 0x00,
  0xda, 0xd9, 0xdf, 0x00, 0xe9, 0x00, 0xdb, 0x00, 0xe8, 0x00, 0x00, 0xd3,
  0x00, 0x00, 0xe6, 0x10, 0x00, 0x00, 0xe9, 0x00, 0xda, 0x00, 0xdf, 0x00,
  0xd0, 0xbf, 0x00, 0x00, 0x00, 0xcd, 0x00, 0x00, 0xbf, 0xe6, 0x00, 0xd2,
  0x00, 0x00, 0x00, 0xea, 0x00, 0xce, 0x00, 0xe7, 0x00, 0xc7, 0x00, 0xdc,
  0x00, 0xdc, 0x00, 0x00, 0x00, 0x00, 0x00, 0x00, 0x00, 0xef, 0x00, 0x11,
  0x00, 0x00, 0xe3, 0xd3, 0x14, 0x00, 0x00, 0x00, 0x21, 0xe3, 0x00, 0x00,
  0xee, 0xe7, 0xe9, 0x00, 0x00, 0xe8, 0x00, 0xc1, 0x00, 0x00, 0x1f, 0x00,
  0x00, 0xd9, 0x00, 0x00, 0xde, 0x00, 0x00, 0xe3, 0x00, 0x1f, 0xe4, 0x00,
  0x00, 0x1e, 0x00, 0xe3, 0x13, 0x00, 0xe1, 0x1c, 0x1a, 0x00, 0xe0, 0xcd,
  0x00, 0x00, 0xd7, 0xed, 0x00, 0x00, 0xec, 0xe8, 0x00, 0xe1, 0x00, 0xe2,
  0x13, 0x00, 0x00, 0xed, 0x29, 0x14, 0x00, 0xdc, 0x12, 0x00, 0xe5, 0xe2,
  0x22, 0xe7, 0xc8, 0xd3, 0x00, 0xe8, 0xed, 0xe3, 0x00, 0x00, 0xe8, 0xd7,
  0xe4, 0xe4, 0xcf, 0xde, 0x00, 0xce, 0x00, 0xc8, 0x00, 0xe2, 0xe9, 0xcc,
  0x15, 0x18, 0x00, 0xc1, 0x00, 0x00, 0xd0, 0xc9, 0xec, 0x00, 0x00, 0x00,
  0x00, 0xea, 0xd9, 0xde, 0x16, 0x00, 0xd3, 0x00, 0x00, 0x00, 0xd8, 0xe6,
  0x00, 0xee, 0xdd, 0xdb, 0x00, 0x00, 0xd5, 0xd8, 0x00, 0xe6, 0xed, 0xec,
  0x00, 0x00, 0xc1, 0xd9, 0x00, 0x00, 0xd0, 0x13, 0x00, 0xdf, 0x00, 0x00,
  0x00, 0xdb, 0xc5, 0x13, 0x00, 0xe1, 0xda, 0x00, 0x00, 0xe4, 0xc4, 0xe0,
  0x00, 0xef, 0xcd, 0xed, 0x00, 0x00, 0xe4, 0x00, 0x00, 0xee, 0x00, 0x00,
  0x00, 0x00, 0x00, 0x00, 0x00, 0x00, 0x00, 0x00, 0x00, 0x00, 0x00, 0x00,
  0x00, 0x00, 0xda, 0x00, 0x11, 0x0e, 0xde, 0x00, 0x13, 0xde, 0x00, 0x11,
  0x00, 0xde, 0x00, 0x00, 0xc4, 0xdb, 0x00, 0x0c, 0xd2, 0xed, 0x00, 0x00,
  0xd0, 0x00, 0xe0, 0x00, 0xe8, 0x1a, 0xe6, 0x00, 0xd2, 0x2e, 0xe3, 0xc4,
  0xe7, 0x22, 0xc7, 0xad, 0xdb, 0x00, 0xb2, 0xd7, 0xe1, 0x00, 0xd5, 0x0e,
  0xee, 0x00, 0xdf, 0x24, 0x00, 0x00, 0x00, 0x00, 0x00, 0x00, 0xd0, 0x00,
  0x00, 0x00, 0x00, 0x00, 0xbc, 0xeb, 0x00, 0x00, 0xb9, 0x00, 0x00, 0x00,
  0x81, 0xe7, 0x00, 0x00, 0xd9, 0xc3, 0x00, 0x00, 0xaf, 0xd4, 0x0f, 0xec,
  0xa3, 0xe4, 0x00, 0x00, 0xe2, 0x00, 0xe6, 0x00, 0x00, 0x0f, 0xca, 0xec,
  0x00, 0x00, 0x00, 0xe1, 0x0e, 0x00, 0x00, 0x00, 0x00, 0xf3, 0x00, 0x00,
  0x10, 0x19, 0x00, 0x00, 0xe9, 0x00, 0x00, 0x00, 0xf3, 0xf3, 0x00, 0xf1,
  0xeb, 0x00, 0x00, 0xe5, 0xea, 0x00, 0x00, 0x00, 0x00, 0x00, 0x00, 0xce,
  0xf0, 0x00, 0x00, 0xc6, 0xd1, 0xd0, 0xf2, 0xe9, 0xe7, 0x10, 0xe0, 0x00,
  0xe6, 0xe7, 0x00, 0x00, 0xe9, 0xf2, 0xf0, 0xda, 0x00, 0x12, 0x00, 0xe8,
  0xed, 0xda, 0x00, 0xea, 0x00, 0x00, 0x00, 0x00, 0x00, 0x00, 0x00, 0x00,
  0x00, 0xe6, 0x00, 0x00, 0x00, 0xea, 0xd9, 0xe8, 0x00, 0x12, 0xd1, 0xd9,
  0x00, 0xeb, 0x00, 0xf0, 0xe8, 0xe3, 0x00, 0x00, 0xee, 0x00, 0x00, 0x00,
  0x00, 0xef, 0x00, 0xd8, 0xee, 0xeb, 0xee, 0xe7, 0x0d, 0x00, 0xca, 0xdc,
  0x00, 0x00, 0xd8, 0xc9, 0xe8, 0xf2, 0xe0, 0x00, 0x13, 0xeb, 0x00, 0x00,
  0x00, 0xe1, 0x00, 0x00, 0xef, 0x00, 0xe5, 0xd3, 0x00, 0xde, 0xdf, 0xdd,
  0xdc, 0x00, 0xf4, 0xd2, 0x00, 0x00, 0x00, 0xe5, 0x00, 0x00, 0x00, 0x00,
  0xe7, 0xee, 0xeb, 0xea, 0x00, 0x00, 0x00, 0xe6, 0x00, 0xdf, 0x00, 0xea,
  0x00, 0xee, 0xe5, 0x00, 0x18, 0x12, 0xea, 0x00, 0x00, 0xd9, 0xe8, 0xcb,
  0x00, 0x00, 0x00, 0xdd, 0x00, 0x00, 0x00, 0x00, 0x00, 0x00, 0xef, 0x00,
  0x00, 0x0d, 0x00, 0x00, 0x00, 0xef, 0xdd, 0x00, 0x0f, 0xed, 0x00, 0xee,
  0x00, 0xf0, 0xde, 0x00, 0x00, 0x0e, 0x00, 0xec, 0x00, 0x00, 0x00, 0x00,
  0x00, 0x00, 0x00, 0xef, 0x0d, 0xec, 0xd8, 0x00, 0x0f, 0xf1, 0xda, 0x00,
  0x00, 0x00, 0x00, 0xf2, 0xf2, 0x00, 0xe2, 0xeb, 0x00, 0x00, 0xea, 0xf2,
  0x00, 0x00, 0x0d, 0xd4, 0x14, 0x0e, 0x00, 0xcf, 0x0d, 0x0d, 0x00, 0xd0,
  0x00, 0x00, 0xec, 0x0f, 0x14, 0x00, 0xe7, 0x00, 0x00, 0x00, 0xf3, 0xde,
  0x00, 0xe4, 0x00, 0xec, 0x00, 0xdd, 0x00, 0x00, 0x00, 0xef, 0xe7, 0xdb,
  0x00, 0x00, 0xea, 0x00, 0x0d, 0x00, 0x00, 0xe9, 0xf3, 0xf1, 0x00, 0xe7,
  0x00, 0x00, 0xf1, 0xf1, 0x0f, 0x00, 0x00, 0x00, 0x00, 0x00, 0xd8, 0xe0,
  0x00, 0x00, 0xe8, 0xe5, 0x00, 0xf0, 0xeb, 0xef, 0x00, 0xef, 0x00, 0x00,
  0x00, 0x00, 0xd5, 0xf3, 0x12, 0x14, 0x00, 0xeb, 0x00, 0xec, 0x00, 0x00,
  0x00, 0x00, 0xd5, 0xdb, 0x00, 0x00, 0xc8, 0x00, 0x00, 0x00, 0xca, 0x00,
  0x00, 0x00, 0xca, 0x00, 0x00, 0x00, 0xd2, 0xea, 0x00, 0x00, 0xd8, 0xe5,
  0x00, 0x00, 0xd4, 0x00, 0x00, 0x00, 0xc4, 0xeb, 0x00, 0xe9, 0xd5, 0x00,
  0x10, 0xde, 0xdf, 0x00, 0x23, 0x00, 0x00, 0x00, 0x1a, 0x00, 0xe7, 0x00,
  0x00, 0x00, 0xee, 0x00, 0x00, 0x00, 0x00, 0x00, 0x00, 0x12, 0xd0, 0x00,
  0x00, 0x00, 0xb7, 0x00, 0x00, 0x00, 0xb2, 0x00, 0xd9, 0x00, 0xd4, 0xf0,
  0x00, 0x00, 0xdc, 0xf0, 0x00, 0x11, 0xdd, 0x25, 0x00, 0x00, 0xd5, 0x1b,
  0x13, 0x00, 0xbb, 0x00, 0x00, 0xc6, 0xee, 0x00, 0xcf, 0xae, 0x00, 0x00,
  0xcb, 0xb0, 0x00, 0x1a, 0xb2, 0xdb, 0x00, 0x00, 0xdb, 0xe4, 0x00, 0x00,
  0x00, 0xee, 0xe9, 0x00, 0x00, 0xb9, 0xaf, 0x00, 0xe0, 0x17, 0xb3, 0x00,
  0x00, 0x12, 0x8d, 0xcb, 0xee, 0x00, 0xdd, 0xd5, 0x00, 0x00, 0xde, 0x00,
  0x15, 0x00, 0x00, 0x00, 0x00, 0x00, 0xcb, 0xd9, 0xec, 0x00, 0xeb, 0x00,
  0x00, 0x00, 0x00, 0xd9, 0x00, 0x00, 0x00, 0xed, 0xdd, 0xec, 0x00, 0x00,
  0xe8, 0x00, 0x00, 0xea, 0x00, 0xe0, 0x00, 0xa7, 0xb3, 0xcf, 0x00, 0xec,
  0x92, 0xd0, 0x00, 0x00, 0xa7, 0xd9, 0x00, 0x26, 0xa5, 0xd0, 0x00, 0xec,
  0xc6, 0x00, 0xe3, 0xe6, 0x81, 0xd0, 0x00, 0xe7, 0xea, 0x00, 0x00, 0xdf,
  0x14, 0x00, 0xaf, 0xd6, 0x00, 0x00, 0xde, 0x12, 0xf0, 0x00, 0x00, 0xb2,
  0x00, 0x00, 0x00, 0xe7, 0x00, 0x00, 0x1b, 0xe2, 0x00, 0xd2, 0xef, 0x00,
  0xed, 0xee, 0xe8, 0x00, 0xe0, 0x00, 0x00, 0xd3, 0xce, 0xe8, 0x00, 0xd2,
  0x00, 0x00, 0x00, 0x00, 0x00, 0x10, 0xe1, 0xca, 0x00, 0x14, 0xc6, 0xe3,
  0x00, 0x00, 0x00, 0x00, 0xd8, 0x00, 0xd8, 0x12, 0xe4, 0xe8, 0x00, 0x00,
  0x00, 0xe5, 0xd8, 0x00, 0x00, 0xea, 0xef, 0xe5, 0xea, 0xde, 0x00, 0xe5,
  0x11, 0x00, 0x00, 0xd7, 0xeb, 0x00, 0x00, 0x00, 0xee, 0x00, 0xee, 0x00,
  0x1b, 0x00, 0x00, 0xeb, 0xe8, 0x12, 0x00, 0xeb, 0xd5, 0x00, 0xd5, 0x00,
  0x00, 0xe9, 0x00, 0x00, 0x00, 0xe2, 0xe2, 0xde, 0x00, 0xda, 0x11, 0xd6,
  0xe7, 0xea, 0x19, 0xd5, 0xee, 0x00, 0xed, 0xcb, 0x00, 0x00, 0x00, 0xcb,
  0xea, 0xf0, 0xee, 0xef, 0x00, 0xe8, 0x00, 0xed, 0x00, 0xdf, 0xd4, 0xcb,
  0x00, 0xe3, 0x00, 0xbd, 0x00, 0xeb, 0x00, 0xdd, 0xec, 0x00, 0x00, 0xe9,
  0x00, 0x00, 0x00, 0x00, 0x00, 0xf0, 0x00, 0x12, 0x1b, 0x00, 0x00, 0x00,
  0x17, 0x11, 0xd8, 0x00, 0x00, 0x00, 0xe1, 0xef, 0x00, 0x00, 0xd1, 0x00,
  0x00, 0x18, 0xd7, 0x00, 0x00, 0x00, 0xe3, 0x11, 0x00, 0x00, 0xd5, 0xd4,
  0x23, 0xef, 0xd6, 0xdd, 0x00, 0x00, 0x00, 0xe2, 0x00, 0x00, 0xe4, 0xd1,
  0x1c, 0x12, 0xba, 0xa5, 0x00, 0x1b, 0x00, 0xcb, 0x00, 0xe2, 0xeb, 0xed,
  0x00, 0xe5, 0xcf, 0xde, 0x00, 0xe8, 0xb5, 0xc1, 0x00, 0x00, 0xef, 0xd9,
  0x00, 0x00, 0x00, 0xca, 0xea, 0x00, 0x00, 0xe0, 0x00, 0x00, 0x00, 0xe9,
  0x00, 0xee, 0x00, 0xd8, 0x19, 0x12, 0xcd, 0x1e, 0x12, 0x1b, 0xc4, 0x00,
  0x00, 0x00, 0xe5, 0x00, 0x00, 0x00, 0xe9, 0xf1, 0x00, 0x00, 0xdd, 0xde,
  0x00, 0x00, 0xdd, 0x00, 0x00, 0x00, 0xdc, 0x00, 0xf0, 0xf0, 0xe3, 0xdd,
  0xec, 0x00, 0x00, 0xf1, 0xeb, 0x00, 0xe7, 0xe9, 0x00, 0x00, 0xed, 0xee,
  0x00, 0x00, 0x00, 0x00, 0x00, 0x00, 0x00, 0x00, 0x00, 0x00, 0x00, 0x14,
  0x00, 0x00, 0x00, 0x00, 0x00, 0xef, 0xe5, 0x00, 0xcc, 0xe6, 0x00, 0x00,
  0x00, 0x00, 0xcc, 0x00, 0x00, 0x1e, 0xdf, 0xf1, 0x00, 0x00, 0xd9, 0x00,
  0xed, 0x00, 0xca, 0x00, 0x00, 0x00, 0xc7, 0xc4, 0x00, 0x00, 0xdc, 0x00,
  0x00, 0x00, 0xe8, 0x20, 0xe9, 0x00, 0xea, 0x00, 0x00, 0x00, 0xd4, 0x00,
  0xe7, 0xf1, 0x00, 0x00, 0xc3, 0xc9, 0x00, 0x15, 0xdc, 0xcf, 0x00, 0x00,
  0xd5, 0xda, 0xe4, 0x00, 0xee, 0xe9, 0xbc, 0x00, 0xf1, 0x00, 0x00, 0xd8,
  0x00, 0x00, 0xce, 0xa4, 0x00, 0x13, 0xad, 0xe6, 0x00, 0x12, 0xb4, 0x91,
  0x00, 0x00, 0xca, 0xdb, 0x15, 0x00, 0xbb, 0x10, 0x00, 0xf3, 0x00, 0x00,
  0x11, 0x00, 0x10, 0x81, 0xe8, 0x00, 0x00, 0xbe, 0xcb, 0x00, 0x17, 0xdd,
  0xba, 0x00, 0x00, 0x00, 0xc0, 0xe8, 0x00, 0xe6, 0x00, 0xe4, 0x00, 0xee,
  0x00, 0x00, 0xe8, 0x00, 0x8b, 0x00, 0x00, 0x00, 0xad, 0xd6, 0x00, 0x0d,
  0xd4, 0x00, 0x00, 0x00, 0x00, 0x00, 0xed, 0x00, 0x00, 0x00, 0x00, 0xd5,
  0xbf, 0xef, 0x00, 0x00, 0x00, 0x00, 0xf4, 0x00, 0x00, 0x12, 0xb8, 0x1b,
  0x00, 0x00, 0xd7, 0xcb, 0x00, 0x00, 0x00, 0xea, 0x00, 0xe1, 0x00, 0xc5,
  0x00, 0x00, 0xed, 0x00, 0xe2, 0xd5, 0x00, 0x12, 0xbf, 0xbd, 0xf0, 0x00,
  0x00, 0x00, 0xed, 0xd8, 0xbf, 0x00, 0x00, 0xda, 0x00, 0x00, 0xee, 0xf3,
  0x00, 0x1a, 0xe3, 0x00, 0x00, 0x00, 0x00, 0x00, 0x00, 0x00, 0x0f, 0x00,
  0xf0, 0x00, 0x00, 0x00, 0x00, 0x00, 0x00, 0x00, 0xf2, 0xed, 0x00, 0xd2,
  0xe2, 0x00, 0xe3, 0xde, 0x00, 0x0b, 0xdc, 0xce, 0xdd, 0x00, 0x00, 0x00,
  0x00, 0xe8, 0x00, 0xf3, 0x22, 0xe8, 0xea, 0xf1, 0x00, 0x00, 0xd8, 0x00,
  0x00, 0xee, 0xe4, 0x18, 0x00, 0xef, 0xed, 0x00, 0xf1, 0x00, 0xef, 0x00,
  0x00, 0xe6, 0xf2, 0xe0, 0xd2, 0xf1, 0x00, 0x00, 0x00, 0x00, 0x00, 0xd7,
  0x00, 0x00, 0xeb, 0x00, 0x00, 0xec, 0xde, 0xd6, 0xdf, 0xec, 0x00, 0xed,
  0xf0, 0x00, 0xe8, 0x00, 0xf0, 0x00, 0xed, 0x11, 0xee, 0xf2, 0xf0, 0xe5,
  0x0f, 0x00, 0x00, 0x00, 0x00, 0x00, 0x00, 0x00, 0x00, 0x00, 0xc6, 0xed,
  0x11, 0x00, 0x00, 0x00, 0x00, 0xf0, 0xdb, 0xe3, 0x00, 0x00, 0xee, 0x00,
  0x00, 0x00, 0x00, 0xef, 0x00, 0xe0, 0xd9, 0xd1, 0x14, 0x00, 0x00, 0xe1,
  0xe9, 0x00, 0xde, 0xed, 0x00, 0xf3, 0xea, 0xe4, 0x00, 0x00, 0x00, 0xe3,
  0xe9, 0xf1, 0x00, 0xf3, 0x00, 0x12, 0x00, 0x00, 0x00, 0x12, 0xd3, 0xdf,
  0x10, 0x15, 0xe8, 0x00, 0x0e, 0x19, 0x00, 0x15, 0x00, 0x00, 0x00, 0x00,
  0x00, 0x00, 0xec, 0x00, 0x00, 0x00, 0x00, 0xda, 0x14, 0xeb, 0xe3, 0xe9,
  0x00, 0x18, 0x00, 0xe1, 0x00, 0x00, 0x00, 0x00, 0x00, 0x00, 0x00, 0x00,
  0x00, 0x00, 0x23, 0xe6, 0x00, 0x00, 0x12, 0xe9, 0x00, 0xe3, 0x00, 0x00,
  0x00, 0x00, 0xda, 0xe2, 0x00, 0x15, 0x00, 0xca, 0x00, 0x16, 0x00, 0xcf,
  0xe0, 0x00, 0xdd, 0xdb, 0x00, 0x00, 0x00, 0x00, 0xe9, 0x00, 0xde, 0x00,
  0x00, 0x00, 0xe6, 0x00, 0x15, 0x00, 0xda, 0xea, 0x00, 0x30, 0xd3, 0xe9,
  0x00, 0x00, 0x00, 0x00, 0x00, 0x00, 0x00, 0x00, 0x00, 0x00, 0x00, 0xe1,
  0x00, 0x13, 0x00, 0x00, 0x00, 0x0f, 0x00, 0xec, 0x00, 0x00, 0xdf, 0xe2,
  0xe3, 0x00, 0x00, 0xbe, 0xe6, 0x00, 0x00, 0xb6, 0x00, 0x22, 0xea, 0xc7,
  0x00, 0x00, 0x00, 0x1d, 0x10, 0x00, 0x00, 0x00, 0x00, 0x00, 0xdd, 0x00,
  0xec, 0xc0, 0xbc, 0xe9, 0x00, 0xd1, 0x00, 0xed, 0x00, 0xea, 0x00, 0x18,
  0xe2, 0xe2, 0xe9, 0x00, 0xd6, 0xd6, 0xdd, 0x00, 0x00, 0x00, 0x00, 0x00,
  0x00, 0x13, 0xe3, 0xd1, 0xe6, 0xaf, 0x00, 0x94, 0xd9, 0xe0, 0xc4, 0x81,
  0x00, 0x00, 0x00, 0xb9, 0xf0, 0x00, 0x16, 0xb6, 0x00, 0x00, 0xd2, 0xbb,
  0x00, 0x00, 0x00, 0xde, 0x00, 0x13, 0x00, 0xae, 0x00, 0x00, 0xb8, 0x00,
  0xc1, 0x00, 0x00, 0xc5, 0xd0, 0x00, 0x00, 0xcc, 0xe5, 0xe7, 0x00, 0x00,
  0xe8, 0x00, 0x00, 0x00, 0x00, 0x00, 0xdb, 0x00, 0x11, 0x00, 0x15, 0x00,
  0xa2, 0xde, 0x00, 0x00, 0xb5, 0xd6, 0xe9, 0x00, 0xd1, 0x1e, 0x00, 0xa3,
  0xd9, 0x00, 0x00, 0x00, 0xa9, 0xe0, 0x00, 0x00, 0x00, 0x00, 0xd0, 0xb4,
  0x00, 0x00, 0xdf, 0x00, 0xeb, 0x00, 0xe7, 0x00, 0x00, 0xe4, 0x00, 0xdb,
  0x00, 0x00, 0x00, 0xc9, 0x00, 0x00, 0x00, 0xce, 0xe8, 0xdc, 0xe9, 0x00,
  0xdb, 0xd8, 0x00, 0x13, 0x00, 0xed, 0x00, 0xee, 0xe4, 0xda, 0x00, 0x00,
  0xe0, 0x00, 0xe4, 0x00, 0x00, 0x00, 0xb2, 0xdf, 0x00, 0x00, 0xa9, 0x00,
  0xd7, 0xe6, 0xd6, 0x00, 0xd9, 0x00, 0xd9, 0x00, 0xe3, 0x00, 0x00, 0xe3,
  0x00, 0x00, 0x00, 0xc8, 0x00, 0x00, 0xee, 0x00, 0x00, 0x00, 0x00, 0xd6,
  0x16, 0x00, 0x00, 0x00, 0xd4, 0x00, 0x00, 0xe4, 0x14, 0xe1, 0x00, 0xe5,
  0x00, 0x00, 0x00, 0x00, 0x00, 0x00, 0x00, 0x00, 0x00, 0x00, 0x00, 0x00,
  0x00, 0x20, 0x00, 0x00, 0xeb, 0xd2, 0x00, 0xcd, 0xeb, 0xdc, 0x00, 0xe3,
  0x00, 0x1e, 0x00, 0xda, 0x00, 0x00, 0xe0, 0x00, 0x2b, 0x00, 0xe6, 0x00,
  0x00, 0x00, 0x00, 0x00, 0x00, 0x00, 0x1c, 0xe0, 0xe5, 0x1e, 0xdc, 0x00,
  0x00, 0x22, 0x00, 0xe4, 0x00, 0xe5, 0x00, 0x00, 0x00, 0xed, 0x00, 0xc9,
  0x00, 0x00, 0xcb, 0xdf, 0x00, 0x00, 0xea, 0xe2, 0x00, 0x00, 0x00, 0xe2,
  0x00, 0x00, 0x00, 0x00, 0x00, 0x00, 0x1d, 0x00, 0x00, 0xdc, 0xca, 0xdf,
  0x00, 0x00, 0xe9, 0xdd, 0x00, 0x22, 0x00, 0xe5, 0x11, 0x1a, 0x00, 0xe0,
  0x00, 0x00, 0xe1, 0x00, 0x2b, 0xec, 0xdb, 0xea, 0x00, 0xcd, 0x00, 0xd2,
  0x00, 0x00, 0x00, 0xdb, 0x1f, 0x13, 0xdf, 0xd1, 0x18, 0x27, 0x00, 0x00,
  0x00, 0x00, 0x26, 0x00, 0x00, 0x00, 0x00, 0xd6, 0x11, 0x17, 0x16, 0xc4,
  0x00, 0xeb, 0x00, 0xe5, 0x00, 0x00, 0xc4, 0x00, 0x1a, 0x19, 0xbf, 0xdd,
  0xe2, 0x00, 0x00, 0x00, 0xee, 0x00, 0xe8, 0x00, 0x00, 0x00, 0x00, 0xeb,
  0x00, 0x2b, 0x00, 0x00, 0xe9, 0x1e, 0xeb, 0xd5, 0x00, 0x00, 0xda, 0xe7,
  0x00, 0x00, 0xe3, 0x00, 0x00, 0x00, 0xdf, 0x00, 0x00, 0x22, 0xe3, 0x00,
  0x00, 0x00, 0xec, 0x00, 0x00, 0x00, 0xe6, 0x00, 0x00, 0x00, 0x00, 0x00,
  0x00, 0x00, 0x00, 0xe6, 0x15, 0x1f, 0x00, 0xab, 0x00, 0x18, 0x00, 0xb8,
  0x17, 0xeb, 0xdb, 0xe6, 0xe3, 0x00, 0xe4, 0x00, 0x00, 0x00, 0x00, 0xcf,
  0x00, 0x00, 0x00, 0xd0, 0xd8, 0x00, 0x00, 0xe1, 0x00, 0x10, 0x16, 0x00,
  0x00, 0x00, 0xec, 0x00, 0xdf, 0x00, 0xe9, 0x00, 0xc3, 0x00, 0x00, 0xec,
  0xdd, 0xde, 0x00, 0x00, 0xb6, 0xd8, 0x00, 0x17, 0x00, 0x00, 0x00, 0x00,
  0x00, 0x00, 0x17, 0x00, 0xdc, 0xd6, 0x00, 0x00, 0x00, 0x00, 0xe8, 0x1b,
  0xed, 0x00, 0x00, 0x15, 0xe5, 0xd9, 0xe6, 0xbc, 0xe1, 0x00, 0x00, 0xea,
  0xd7, 0x00, 0x00, 0xe4, 0xc1, 0x00, 0xca, 0x9d, 0xe4, 0x00, 0x00, 0xa7,
  0x00, 0x00, 0xe4, 0xbd, 0xe6, 0x00, 0xd1, 0x00, 0x00, 0x00, 0x00, 0xe4,
  0x25, 0x00, 0x00, 0xa9, 0xb9, 0xc6, 0x00, 0xdb, 0xb9, 0x00, 0x00, 0xba,
  0xc3, 0x00, 0x00, 0xe2, 0x88, 0xe4, 0x00, 0x00, 0x00, 0x00, 0xde, 0x81,
  0xcb, 0xdd, 0xc6, 0xd8, 0x18, 0xd9, 0xd8, 0x00, 0xe5, 0x00, 0xe4, 0x00,
  0xa1, 0xc5, 0x00, 0x00, 0xbf, 0x00, 0x00, 0x9b, 0xe3, 0xed, 0x11, 0xb8,
  0x00, 0x00, 0x23, 0x00, 0x24, 0x00, 0x9a, 0xb7, 0x00, 0x1f, 0xc9, 0xd3,
  0xe0, 0xe6, 0xb3, 0x00, 0x00, 0x00, 0x00, 0x00, 0x00, 0x00, 0x00, 0xd5,
  0x00, 0x00, 0xed, 0x00, 0x00, 0x00, 0x00, 0x00, 0x00, 0xe7, 0xe9, 0xcc,
  0xc3, 0x00, 0x00, 0x00, 0x00, 0x00, 0x00, 0x00, 0x00, 0x1a, 0xd7, 0xcf,
  0x00, 0x00, 0xe0, 0xdb, 0xe6, 0x2a, 0x00, 0x00, 0x00, 0xe5, 0x24, 0x00,
  0x00, 0x00, 0xdb, 0x00, 0xeb, 0x00, 0x00, 0xda, 0x00, 0xe9, 0xd2, 0xa6,
  0xd7, 0xe0, 0x00, 0xdc, 0x00, 0x00, 0xdf, 0xb9, 0x00, 0x00, 0x00, 0x00,
  0xe3, 0xd9, 0x00, 0x00, 0x00, 0x00, 0xcd, 0xc1, 0x00, 0x00, 0x00, 0xc4,
  0x11, 0xe7, 0x00, 0x00, 0x00, 0x00, 0x00, 0x00, 0xd9, 0x00, 0xdc, 0xe1,
  0xde, 0x00, 0x00, 0x00, 0xe9, 0x00, 0x12, 0xee, 0x00, 0x00, 0xda, 0x00,
  0x00, 0x19, 0xd4, 0xe8, 0x12, 0x16, 0x00, 0x00, 0x00, 0x00, 0x15, 0xe8,
  0x00, 0xe6, 0x00, 0xd2, 0xe1, 0x00, 0xe7, 0xe7, 0x00, 0x00, 0x00, 0x00,
  0x00, 0x00, 0x15, 0xdd, 0x00, 0x00, 0x00, 0x00, 0x00, 0x00, 0xbb, 0xe9,
  0x00, 0x21, 0xdf, 0xc6, 0x22, 0x00, 0xe2, 0xd1, 0x2c, 0x00, 0x00, 0xe1,
  0x00, 0x00, 0xdb, 0xc8, 0x00, 0x00, 0xba, 0xb7, 0x1f, 0x00, 0xe2, 0x00,
  0x00, 0x00, 0x00, 0xcf, 0x00, 0x00, 0x00, 0xdc, 0xe6, 0x18, 0xe9, 0xda,
  0x00, 0x00, 0x00, 0xe5, 0x00, 0x00, 0x19, 0x00, 0x19, 0x00, 0x00, 0x00,
  0x00, 0xdb, 0x00, 0x00, 0xe5, 0xed, 0x00, 0x12, 0x00, 0x17, 0x00, 0xe6,
  0x00, 0x14, 0x00, 0x00, 0x00, 0x12, 0x00, 0xcd, 0x00, 0x11, 0xcd, 0x00,
  0xeb, 0x15, 0x00, 0xd8, 0x00, 0x0f, 0x00, 0xe0, 0x00, 0x0f, 0xf1, 0xce,
  0x00, 0x16, 0x00, 0xe8, 0x00, 0x00, 0x00, 0x00, 0x00, 0xf2, 0x00, 0x00,
  0x00, 0xe2, 0x00, 0x00, 0x0e, 0x00, 0x00, 0xec, 0x00, 0x00, 0x00, 0xf0,
  0x00, 0x00, 0x00, 0xef, 0x00, 0x00, 0xe3, 0xed, 0xed, 0xed, 0xf1, 0x00,
  0xe5, 0x00, 0x00, 0xe5, 0xe4, 0xee, 0xe5, 0xeb, 0x00, 0x00, 0x00, 0x00,
  0x00, 0x23, 0x00, 0xd7, 0x1f, 0xef, 0x00, 0xc0, 0x00, 0x00, 0xd4, 0xe4,
  0xc3, 0x00, 0x15, 0xaf, 0xc7, 0xde, 0x00, 0xdf, 0x00, 0x00, 0xd5, 0xeb,
  0x00, 0x00, 0xc9, 0xf1, 0xe0, 0x00, 0x00, 0xf2, 0xd6, 0x1a, 0x00, 0x00,
  0x16, 0xe3, 0xe5, 0xeb, 0xf1, 0xf0, 0x00, 0x00, 0xc3, 0xca, 0x00, 0x16,
  0xef, 0x00, 0x00, 0x00, 0x0d, 0x19, 0x00, 0xf2, 0xda, 0xc5, 0x1d, 0xed,
  0xe4, 0xb5, 0x00, 0x22, 0xd7, 0xb8, 0xd2, 0x00, 0xd8, 0xf0, 0x00, 0x94,
  0xcb, 0x00, 0x00, 0xbd, 0xd5, 0x00, 0x14, 0xb5, 0xb7, 0xef, 0xc4, 0x00,
  0xca, 0x00, 0xc5, 0x00, 0x00, 0x00, 0xa8, 0xd5, 0x0f, 0x00, 0xd7, 0xce,
  0x12, 0x00, 0xee, 0xcc, 0x1d, 0x00, 0x00, 0xe8, 0x00, 0x00, 0x00, 0xe8,
  0xbe, 0xa6, 0x00, 0xc1, 0x8b, 0xca, 0x00, 0xd7, 0x81, 0xe0, 0x00, 0x00,
  0xf1, 0xf2, 0x00, 0xd5, 0x00, 0x00, 0xf0, 0xca, 0x00, 0x00, 0xeb, 0x00,
  0xdd, 0xe6, 0xe6, 0x00, 0xdb, 0xd9, 0xd9, 0x00, 0xd3, 0xdb, 0x00, 0xe7,
  0xa4, 0xe1, 0xef, 0x00, 0xcc, 0x00, 0x1b, 0x00, 0xe0, 0x00, 0x00, 0x00,
  0x00, 0x00, 0x00, 0x19, 0xef, 0x00, 0x00, 0x00, 0x00, 0x00, 0x00, 0xd7,
  0x00, 0x18, 0xec, 0xe4, 0x00, 0x00, 0xd5, 0x00, 0x00, 0xef, 0x00, 0xda,
  0xe8, 0xf1, 0x00, 0xcf, 0xd2, 0xdc, 0x00, 0xc1, 0xf0, 0xea, 0x00, 0x00,
  0x00, 0x00, 0x13, 0xdd, 0x00, 0x00, 0x00, 0x0f, 0x00, 0x00, 0x00, 0x00,
  0x00, 0x00, 0x00, 0x00, 0xf1, 0x00, 0xe1, 0x00, 0x00, 0xe5, 0x00, 0xe6,
  0x00, 0x00, 0x00, 0xe9, 0x00, 0x00, 0x00, 0xce, 0x00, 0x00, 0xf0, 0xf0,
  0xec, 0x00, 0x00, 0xeb, 0x00, 0x00, 0x00, 0x00, 0x00, 0x00, 0xee, 0xe9,
  0xf1, 0x00, 0xeb, 0xee, 0x00, 0xed, 0x10, 0x00, 0x00, 0x0f, 0xe6, 0x00,
  0x00, 0x00, 0x00, 0xe4, 0xee, 0xf2, 0x00, 0xdd, 0x00, 0x00, 0x00, 0xe6,
  0x00, 0x12, 0x00, 0xe4, 0x00, 0x00, 0xd8, 0xdb, 0xf1, 0x00, 0xdf, 0xe5,
  0x00, 0x26, 0xf1, 0x13, 0x00, 0x00, 0x00, 0xe3, 0x00, 0xea, 0xee, 0xde,
  0xdf, 0xea, 0xc9, 0xce, 0x00, 0x00, 0x00, 0x00, 0xdb, 0xf0, 0x21, 0x00,
  0x00, 0x1a, 0x00, 0x0d, 0x00, 0x17, 0x00, 0xf2, 0x00, 0x00, 0x00, 0x00,
  0x00, 0x15, 0x00, 0x18, 0x00, 0xe9, 0x18, 0x13, 0xe7, 0xec, 0xe9, 0x00,
  0x00, 0x10, 0xdd, 0x00, 0xef, 0x00, 0x10, 0xe5, 0x00, 0xee, 0xf2, 0xe4,
  0x1a, 0x0f, 0x00, 0xe4, 0x00, 0x00, 0xd8, 0xea, 0xef, 0x00, 0xe8, 0xed,
  0x00, 0x15, 0x00, 0xe5, 0x23, 0x11, 0xe9, 0xe0, 0x00, 0x0f, 0x00, 0x00,
  0x00, 0x00, 0x00, 0xe8, 0x00, 0x15, 0xe3, 0x00, 0x00, 0x1a, 0x1a, 0x00,
  0xee, 0x00, 0xda, 0xc9, 0x00, 0x00, 0xd9, 0xc6, 0x00, 0x12, 0x00, 0xe6,
  0x00, 0x00, 0x00, 0x00, 0x00, 0x00, 0x00, 0x00, 0x00, 0xda, 0x00, 0xeb,
  0x00, 0xbc, 0x00, 0xec, 0x00, 0xdb, 0x00, 0x1b, 0x00, 0x00, 0x00, 0x00,
  0x00, 0x00, 0x00, 0x00, 0x00, 0x00, 0x14, 0xe0, 0x00, 0xce, 0x00, 0xb9,
  0xf0, 0xe7, 0x00, 0xb0, 0xe6, 0x00, 0xe2, 0xcb, 0xdb, 0x00, 0xe2, 0x00,
  0x00, 0x00, 0xe9, 0x00, 0x00, 0x00, 0xc7, 0xad, 0x1f, 0xdd, 0xec, 0xd1,
  0x00, 0xe6, 0x00, 0xee, 0xe1, 0x00, 0x00, 0x11, 0xdc, 0x00, 0x32, 0x00,
  0x00, 0xee, 0xda, 0xe8, 0x00, 0xe6, 0xe6, 0x00, 0xe5, 0xe1, 0x00, 0xe5,
  0xd9, 0x1a, 0x00, 0x00, 0xe5, 0xdc, 0x00, 0x00, 0xbe, 0x9c, 0x14, 0x00,
  0xbc, 0xd5, 0x00, 0x12, 0xd1, 0xd3, 0xcc, 0x17, 0x00, 0x00, 0xbf, 0xe2,
  0x00, 0x00, 0xd5, 0x00, 0xec, 0x00, 0x00, 0x15, 0x9a, 0x81, 0x00, 0x00,
  0x8a, 0xeb, 0xe0, 0xe4, 0xd3, 0xca, 0xcb, 0x87, 0xa3, 0xc6, 0xea, 0xdd,
  0xeb, 0x00, 0x00, 0xdb, 0x00, 0x00, 0xeb, 0xb0, 0x00, 0x00, 0x9a, 0x8a,
  0x00, 0x00, 0x20, 0xa9, 0x00, 0x00, 0x00, 0xcb, 0x10, 0x00, 0xe3, 0xbd,
  0x00, 0xe4, 0x00, 0x96, 0xba, 0xc7, 0xed, 0xc2, 0xb0, 0xb9, 0x14, 0xe3,
  0x8c, 0x9e, 0x1b, 0xdb, 0xc2, 0xdb, 0x00, 0xe0, 0x00, 0x00, 0x00, 0xeb,
  0x00, 0xeb, 0xbe, 0xdd, 0xe1, 0xdf, 0x00, 0x00, 0xbd, 0x00, 0xee, 0x23,
  0xb6, 0x00, 0x00, 0x00, 0x00, 0x00, 0xe3, 0x91, 0x00, 0xcd, 0x00, 0x9f,
  0x00, 0xee, 0x00, 0xef, 0x00, 0x00, 0xea, 0xdb, 0x00, 0x00, 0x00, 0x00,
  0x00, 0x1b, 0x13, 0x00, 0x00, 0x1b, 0x00, 0xca, 0x00, 0xec, 0x00, 0xa1,
  0x00, 0x00, 0x00, 0xe4, 0x00, 0x00, 0x00, 0xde, 0xde, 0xe8, 0x13, 0xd7,
  0xdc, 0xd7, 0x00, 0x00, 0x00, 0xd7, 0x1e, 0xe9, 0xef, 0xeb, 0x00, 0x00,
  0x00, 0x14, 0x00, 0x00, 0xc4, 0x00, 0x16, 0x00, 0x00, 0xe0, 0x00, 0xef,
  0x00, 0xeb, 0x00, 0x00, 0xd3, 0x00, 0x1a, 0x00, 0x00, 0x00, 0xe5, 0xad,
  0xde, 0x00, 0x00, 0x00, 0xe7, 0x00, 0x00, 0x00, 0xdc, 0x00, 0x16, 0x00,
  0xeb, 0x12, 0x00, 0xd2, 0x00, 0xdd, 0xdf, 0xcf, 0xee, 0x00, 0xe5, 0xa8,
  0x00, 0x00, 0x00, 0x00, 0x00, 0x00, 0xd1, 0x00, 0x00, 0x00, 0xeb, 0x00,
  0x29, 0x00, 0x00, 0xe3, 0x00, 0xed, 0x00, 0x00, 0x00, 0x00, 0x00, 0x00,
  0xe4, 0x00, 0x00, 0xae, 0xeb, 0x00, 0x00, 0x00, 0x00, 0x00, 0x00, 0x00,
  0xee, 0x00, 0x00, 0xe0, 0xe3, 0x00, 0xec, 0x00, 0x00, 0x00, 0x00, 0xdd,
  0x00, 0xdd, 0x23, 0xec, 0x00, 0x22, 0xea, 0xe8, 0xe5, 0x00, 0xe4, 0xe0,
  0xea, 0x00, 0x00, 0x00, 0x00, 0x20, 0x00, 0xe2, 0x00, 0x00, 0x00, 0xc9,
  0x00, 0x00, 0x18, 0xe3, 0x00, 0x00, 0xc4, 0x00, 0x00, 0x1f, 0x1b, 0xd7,
  0xca, 0x00, 0x00, 0xdc, 0x00, 0x00, 0x00, 0xe3, 0x00, 0x00, 0x00, 0xd2,
  0x00, 0x12, 0xed, 0xe1, 0x00, 0x00, 0xdf, 0xef, 0x00, 0x00, 0xda, 0x00,
  0x00, 0x00, 0x00, 0x00, 0xe8, 0xea, 0x21, 0xec, 0x00, 0x00, 0x19, 0xdd,
  0x00, 0x00, 0x00, 0x00, 0xf0, 0x00, 0x00, 0x00, 0x00, 0x00, 0x00, 0xed,
  0x00, 0x00, 0xed, 0x00, 0x00, 0x15, 0xeb, 0x00, 0xf3, 0x15, 0x00, 0xec,
  0xe5, 0x00, 0x00, 0x00, 0x00, 0x00, 0x0e, 0x00, 0x00, 0x00, 0x11, 0x00,
  0x00, 0x14, 0x0e, 0x00, 0x00, 0x23, 0x00, 0xec, 0x00, 0x00, 0xef, 0xdd,
  0x00, 0x00, 0x00, 0xbe, 0x00, 0xf1, 0x00, 0xd3, 0x00, 0xf0, 0x16, 0xd9,
  0x00, 0xf0, 0x00, 0xf0, 0x00, 0x00, 0x00, 0xdb, 0x00, 0x00, 0x00, 0xd2,
  0x00, 0x00, 0xe9, 0xbb, 0x00, 0x00, 0x00, 0xb5, 0x00, 0x00, 0x00, 0xbe,
  0xd5, 0xdd, 0x0d, 0xe7, 0xab, 0xa9, 0x00, 0xe6, 0xed, 0xe7, 0xe0, 0x00,
  0x00, 0x00, 0xeb, 0x00, 0xcd, 0x00, 0x00, 0x00, 0xd9, 0x00, 0xf0, 0x00,
  0xb1, 0xe8, 0x10, 0x00, 0xab, 0xe1, 0x00, 0x10, 0x93, 0xf3, 0x00, 0x00,
  0x00, 0xf1, 0xca, 0x00, 0x00, 0x15, 0xd4, 0x00, 0xd5, 0xea, 0x00, 0x00,
  0x81, 0xc1, 0x00, 0x00, 0x99, 0xc4, 0x00, 0xed, 0xab, 0xf0, 0xe3, 0xeb,
  0xcf, 0xdc, 0xee, 0xd0, 0x00, 0xeb, 0x10, 0xd5, 0x00, 0x00, 0xc8, 0x9b,
  0xef, 0x00, 0x90, 0xb1, 0x00, 0x00, 0xe9, 0xb8, 0x00, 0x10, 0x00, 0xe2,
  0x00, 0x00, 0x00, 0xd3, 0x00, 0x00, 0x00, 0xb5, 0x00, 0xe6, 0x00, 0xb8,
  0x97, 0xe1, 0x00, 0xea, 0xca, 0x00, 0x13, 0xef, 0xc0, 0xf0, 0x00, 0x00,
  0xe9, 0x00, 0x00, 0xd1, 0x00, 0x00, 0x13, 0x00, 0x00, 0xdc, 0x00, 0xce,
  0xea, 0x00, 0xed, 0x11, 0x9b, 0x00, 0x00, 0x00, 0xcb, 0xe7, 0xf4, 0xca,
  0xda, 0x00, 0x00, 0xd0, 0xd8, 0x00, 0x1e, 0xd3, 0x00, 0x00, 0xe9, 0xed,
  0x00, 0x00, 0x00, 0x00, 0x00, 0xd8, 0x00, 0x00, 0x00, 0x00, 0x00, 0xd7,
  0x00, 0x19, 0xe8, 0xdd, 0x16, 0x00, 0x00, 0xeb, 0xe4, 0x00, 0x16, 0x00,
  0xdf, 0x00, 0x0d, 0xcc, 0x00, 0x00, 0x00, 0xb7, 0x00, 0x00, 0x00, 0x0e,
  0x00, 0xdf, 0xe8, 0x00, 0x00, 0x00, 0x00, 0x00, 0xee, 0x00, 0x00, 0x00,
  0x00, 0x00, 0x00, 0x00, 0xe4, 0x00, 0x00, 0x00, 0xee, 0xe3, 0x00, 0xf2,
  0x0f, 0x00, 0xe4, 0xd2, 0xe4, 0xe9, 0x00, 0xd8, 0xde, 0xe5, 0xe8, 0xcd,
  0x0e, 0x00, 0x00, 0xe7, 0x00, 0x00, 0x14, 0xe3, 0x00, 0x00, 0x00, 0x00,
  0x00, 0xec, 0x00, 0xd1, 0xec, 0x00, 0xec, 0xf1, 0x10, 0x00, 0xd0, 0x00,
  0x1a, 0xef, 0x00, 0x00, 0x00, 0xe9, 0x00, 0xd8, 0x00, 0x00, 0x00, 0xda,
  0x00, 0xdd, 0x00, 0xed, 0x00, 0x00, 0x00, 0x00, 0x00, 0x00, 0x00, 0x00,
  0x00, 0xeb, 0x00, 0x00, 0x00, 0xef, 0x00, 0xf1, 0x00, 0x00, 0x11, 0xed,
  0x00, 0x00, 0x00, 0xef, 0x00, 0x00, 0x00, 0x00, 0xee, 0xeb, 0xea, 0x00,
  0x00, 0x00, 0xe7, 0x00, 0x0d, 0x17, 0x00, 0x00, 0x00, 0x00, 0xf1, 0xe2,
  0x00, 0x00, 0x00, 0x00, 0x00, 0x00, 0x13, 0x00, 0x00, 0x18, 0x00, 0x00,
  0xee, 0x00, 0x00, 0xee, 0x00, 0x00, 0x0f, 0xe7, 0x00, 0x12, 0xea, 0x0d,
  0x00, 0x00, 0xf0, 0x00, 0x00, 0xeb, 0x0f, 0x00, 0x00, 0x00, 0x00, 0xe9,
  0x00, 0x00, 0x00, 0xd8, 0x00, 0x00, 0x00, 0x00, 0xe7, 0x15, 0x00, 0x00,
  0xed, 0x00, 0x0c, 0x00, 0x00, 0x00, 0x0f, 0x00, 0x00, 0x00, 0x00, 0x00,
  0xf2, 0x00, 0x0e, 0x00, 0xf1, 0x00, 0x00, 0xeb, 0x00, 0xf2, 0xf2, 0x00,
  0xf2, 0x00, 0x00, 0x00, 0x00, 0x11, 0x00, 0x00, 0x00, 0x10, 0xf2, 0xee,
  0x00, 0x00, 0x00, 0x00, 0xf0, 0x00, 0x00, 0xea, 0x00, 0x00, 0x00, 0xd8,
  0x00, 0x00, 0x13, 0xdb, 0x00, 0x0c, 0x00, 0xdb, 0x00, 0x00, 0x00, 0x00,
  0x00, 0x00, 0xee, 0x00, 0x00, 0x0c, 0x00, 0xf4, 0x00, 0x00, 0x00, 0xdc,
  0x00, 0x00, 0xf1, 0xe2, 0x00, 0x00, 0x00, 0x00, 0x00, 0x0e, 0x00, 0x00,
  0x00, 0xd6, 0xee, 0xe8, 0x00, 0xe0, 0x17, 0x00, 0x9b, 0xc4, 0x12, 0x00,
  0xc5, 0xe1, 0xeb, 0x13, 0xe3, 0x00, 0xe4, 0x12, 0xd3, 0x00, 0xdb, 0x00,
  0xd7, 0x00, 0xe2, 0x00, 0xd0, 0x00, 0xc6, 0x00, 0xdb, 0xe2, 0xe7, 0x00,
  0xad, 0xe5, 0x00, 0x00, 0x00, 0xf1, 0xdf, 0x10, 0x00, 0xea, 0xe6, 0x00,
  0x00, 0x00, 0x11, 0x00, 0xc4, 0xf4, 0x0f, 0x00, 0xdd, 0x00, 0x00, 0x12,
  0x94, 0xd0, 0x00, 0x00, 0xdd, 0xd0, 0xe7, 0xbb, 0x00, 0x0e, 0x17, 0xe3,
  0x00, 0x00, 0x14, 0xca, 0x00, 0x15, 0xde, 0x81, 0xf2, 0x0d, 0xef, 0x91,
  0x00, 0x00, 0x00, 0xe3, 0x00, 0x00, 0x16, 0xf4, 0x00, 0xf3, 0x00, 0xb5,
  0x00, 0x00, 0x00, 0xc1, 0x00, 0x00, 0x00, 0xe7, 0xe1, 0xd9, 0x00, 0xe6,
  0xd3, 0x00, 0x12, 0x00, 0xcf, 0xc9, 0x10, 0x00, 0xf0, 0xf3, 0x00, 0x00,
  0x00, 0xe4, 0x00, 0x00, 0x00, 0xd7, 0xe3, 0x00, 0xd3, 0xf3, 0x00, 0x00,
  0xc9, 0xe1, 0x00, 0x00, 0xc6, 0xf1, 0x00, 0xdb, 0xd9, 0x0d, 0x00, 0xea,
  0xea, 0xe8, 0x00, 0xd6, 0x00, 0x00, 0xd2, 0xf3, 0x00, 0x00, 0xe9, 0x00,
  0x0d, 0x00, 0xeb, 0xeb, 0x00, 0x00, 0x00, 0xe9, 0x00, 0x00, 0x00, 0xf2,
  0x00, 0x00, 0x00, 0x00, 0xee, 0xf0, 0xf3, 0x00, 0x00, 0x00, 0x0f, 0xea,
  0xef, 0x00, 0x00, 0xef, 0x00, 0x00, 0x00, 0x00, 0x0c, 0x00, 0x00, 0x13,
  0x00, 0x00, 0x0e, 0x00, 0x00, 0x00, 0x15, 0x00, 0xe8, 0xd0, 0x00, 0x00,
  0x00, 0x00, 0xf1, 0x00, 0x00, 0xe0, 0x00, 0xe9, 0x00, 0xe7, 0x14, 0xce,
  0xd5, 0xe7, 0x00, 0xeb, 0xf0, 0x0d, 0xed, 0xf0, 0x00, 0x00, 0xf0, 0x17,
  0xe3, 0x00, 0x00, 0x17, 0x00, 0x00, 0xea, 0x10, 0xeb, 0xee, 0x00, 0xef,
  0xe5, 0x00, 0x00, 0x00, 0x00, 0x00, 0x00, 0x00, 0x00, 0xeb, 0x00, 0xda,
  0x00, 0xdc, 0x00, 0x00, 0xf1, 0xda, 0x00, 0xe7, 0xed, 0x00, 0x00, 0xf1,
  0x00, 0x00, 0x11, 0xf4, 0x00, 0x00, 0x00, 0x00, 0x00, 0x00, 0x00, 0x0d,
  0xef, 0x00, 0x00, 0xe9, 0xf3, 0xf1, 0x00, 0xea, 0x00, 0x00, 0xee, 0x00,
  0x00, 0x00, 0x00, 0x00, 0xee, 0x00, 0x00, 0xf0, 0xf1, 0xf3, 0x00, 0x0e,
  0x00, 0xe9, 0x00, 0xf3, 0xef, 0x12, 0x00, 0xe2, 0x00, 0x00, 0xef, 0xde,
  0x00, 0x00, 0x00, 0xe9, 0xf0, 0x18, 0x00, 0x00, 0x00, 0xf4, 0x00, 0x00,
  0xf1, 0x00, 0x00, 0xf3, 0x00, 0xf3, 0x00, 0x00, 0xec, 0x00, 0x00, 0x00,
  0x00, 0x00, 0x0f, 0x00, 0xee, 0x00, 0x11, 0x00, 0x00, 0x00, 0x00, 0x00,
  0xed, 0x00, 0x00, 0x00, 0x00, 0x25, 0x00, 0xdf, 0x00, 0x18, 0x00, 0x00,
  0x00, 0xe8, 0x00, 0x00, 0x00, 0x00, 0x13, 0x22, 0x00, 0x00, 0x14, 0x00,
  0x20, 0x00, 0x00, 0xec, 0x00, 0x18, 0xd1, 0x00, 0x00, 0x18, 0x00, 0xeb,
  0x00, 0x00, 0x00, 0x00, 0x00, 0x00, 0x11, 0x00, 0x00, 0x11, 0x00, 0xd9,
  0x13, 0x00, 0x00, 0xe2, 0x1f, 0x00, 0x00, 0xd4, 0x22, 0x00, 0x00, 0xcd,
  0x19, 0x24, 0x00, 0xc2, 0x00, 0x00, 0x00, 0xe7, 0x00, 0x00, 0x00, 0xc3,
  0x00, 0x00, 0x00, 0xbb, 0x00, 0x00, 0xd5, 0xca, 0x00, 0x00, 0xd3, 0xb7,
  0x00, 0xf0, 0xe5, 0xd1, 0x00, 0xd8, 0x00, 0xdf, 0x00, 0xce, 0x17, 0x00,
  0xc7, 0xb8, 0x00, 0xe5, 0x8c, 0xce, 0xe4, 0x00, 0x00, 0x00, 0x00, 0x00,
  0x15, 0x1e, 0x00, 0x12, 0x95, 0xed, 0x00, 0x11, 0xbe, 0xd2, 0xc1, 0x00,
  0x9f, 0xaa, 0xb7, 0x00, 0x81, 0xc0, 0xe7, 0x00, 0x00, 0xe1, 0xed, 0x00,
  0x00, 0x00, 0xce, 0x00, 0x21, 0x14, 0xb9, 0xe8, 0xcc, 0x00, 0xd6, 0x00,
  0xdc, 0xcf, 0x18, 0x17, 0xba, 0xe3, 0x1f, 0x00, 0xbc, 0xdc, 0xd2, 0xa1,
  0x00, 0x00, 0xcb, 0xd1, 0x14, 0x00, 0x1e, 0x8e, 0xe9, 0xe8, 0xe2, 0x98,
  0x00, 0x14, 0xbd, 0x8f, 0x00, 0x20, 0x00, 0xb8, 0x00, 0x00, 0x00, 0x00,
  0x00, 0x00, 0x00, 0x00, 0x00, 0x00, 0x00, 0xd6, 0x00, 0xcf, 0x00, 0x00,
  0xdf, 0xbc, 0x00, 0x00, 0xa7, 0x91, 0x00, 0x00, 0xac, 0xd3, 0x00, 0x1e,
  0xe0, 0xd9, 0x00, 0xde, 0x00, 0x00, 0x00, 0xeb, 0xcc, 0x00, 0x12, 0x0e,
  0xd2, 0x00, 0x00, 0x00, 0xbb, 0xce, 0x00, 0x00, 0xcc, 0xe3, 0x00, 0xe6,
  0x00, 0xd1, 0x00, 0x19, 0xdf, 0x00, 0x00, 0x00, 0x00, 0x00, 0x00, 0x00,
  0x00, 0x00, 0x00, 0x00, 0xe5, 0x00, 0x00, 0x14, 0x00, 0x00, 0x00, 0xe0,
  0x00, 0x00, 0x00, 0xea, 0x1d, 0x17, 0x00, 0xe8, 0x20, 0x1b, 0xed, 0xe8,
  0xea, 0x00, 0x00, 0x00, 0xce, 0xdd, 0x00, 0xd1, 0x00, 0x00, 0x00, 0x00,
  0x00, 0x00, 0x00, 0xca, 0x00, 0x00, 0xc2, 0xe3, 0x00, 0x00, 0x00, 0x00,
  0x00, 0xda, 0x00, 0xee, 0xd8, 0xc7, 0x00, 0x0e, 0x00, 0x00, 0x1f, 0xec,
  0x00, 0xeb, 0x00, 0xc2, 0xe9, 0x00, 0x1b, 0x00, 0xef, 0x00, 0x00, 0xb4,
  0xe3, 0x00, 0x00, 0xdd, 0x00, 0x00, 0x00, 0xe8, 0x00, 0x1b, 0x00, 0x00,
  0xdf, 0x00, 0x2d, 0xc2, 0xd5, 0xe7, 0x00, 0x00, 0x00, 0xdf, 0x1b, 0x18,
  0xe6, 0xe7, 0x00, 0xee, 0xdd, 0x00, 0x00, 0xe6, 0x00, 0x00, 0x00, 0x00,
  0xe1, 0x00, 0x00, 0x00, 0x00, 0x22, 0x16, 0x00, 0xdb, 0x00, 0x00, 0x00,
  0xe6, 0xdb, 0x00, 0x00, 0xe2, 0xd9, 0x00, 0x00, 0x1e, 0x00, 0x17, 0xed,
  0x00, 0x00, 0x00, 0x00, 0xe7, 0x00, 0x1f, 0x00, 0x00, 0x00, 0x00, 0xeb,
  0x00, 0x00, 0x00, 0xe7, 0x00, 0x00, 0x00, 0xe9, 0x00, 0x00, 0x00, 0x00,
  0xf0, 0x00, 0x00, 0x00, 0xec, 0xd8, 0x00, 0x00, 0x00, 0x14, 0x00, 0xe7,
  0x00, 0x00, 0xeb, 0xcc, 0x00, 0x00, 0x00, 0xe5, 0xde, 0x00, 0x00, 0x00,
  0x00, 0x00, 0xec, 0xea, 0x00, 0x00, 0x11, 0x00, 0x00, 0xe8, 0x13, 0xeb,
  0x00, 0x00, 0x00, 0x00, 0x00, 0x00, 0x00, 0x00, 0x00, 0x00, 0x00, 0x00,
  0x00, 0xf0, 0x00, 0x00, 0x00, 0x00, 0x00, 0xe4, 0x00, 0x00, 0x00, 0x00,
  0x00, 0x00, 0x00, 0xe9, 0x00, 0x00, 0x00, 0x00, 0x00, 0x00, 0x10, 0x00,
  0x00, 0x00, 0x18, 0x00, 0x00, 0x0f, 0x00, 0xee, 0x00, 0x00, 0x00, 0x00,
  0x00, 0x00, 0x00, 0xf0, 0xf2, 0x2d, 0x00, 0xcd, 0x10, 0x1a, 0x00, 0xe4,
  0x0f, 0x00, 0x00, 0xdb, 0x00, 0x00, 0x00, 0xc1, 0x00, 0xec, 0xed, 0xc3,
  0x00, 0x00, 0x00, 0xd4, 0x00, 0x00, 0x00, 0xe2, 0x00, 0x00, 0x10, 0xd0,
  0xf1, 0xce, 0x00, 0xe5, 0x00, 0x00, 0x00, 0xd2, 0x0e, 0xed, 0x00, 0xd6,
  0x16, 0x00, 0x00, 0xef, 0xd8, 0xf0, 0x00, 0x00, 0xb5, 0xd6, 0x00, 0xe1,
  0xea, 0xe8, 0xc8, 0x00, 0x00, 0x00, 0xc8, 0x00, 0xdc, 0xe8, 0xd8, 0xe8,
  0xe7, 0x00, 0xec, 0x00, 0xe1, 0xf0, 0xd6, 0x12, 0xd6, 0xd5, 0xe9, 0x00,
  0xe6, 0xd4, 0x00, 0x10, 0x00, 0xea, 0xe7, 0x00, 0x12, 0x00, 0xe4, 0xed,
  0x00, 0x00, 0x00, 0x13, 0xa1, 0xd0, 0x00, 0x00, 0xea, 0x94, 0x1b, 0x00,
  0xe3, 0xd9, 0xc8, 0xd7, 0xe8, 0xc7, 0x00, 0xe4, 0xb6, 0xb7, 0x00, 0x00,
  0xb7, 0x00, 0x00, 0xd2, 0x00, 0x10, 0xd0, 0xaf, 0x00, 0x19, 0xd3, 0xc1,
  0x1d, 0x13, 0x00, 0xf0, 0xe6, 0xed, 0x00, 0xe4, 0x10, 0x00, 0xdd, 0xce,
  0x00, 0xe3, 0x00, 0xd2, 0xe1, 0x9d, 0x00, 0x00, 0xd2, 0xbe, 0x00, 0xcf,
  0x86, 0xb6, 0x0e, 0x00, 0x9c, 0xcb, 0x00, 0x00, 0x00, 0x00, 0xdd, 0xdc,
  0x00, 0x00, 0x16, 0xec, 0xc0, 0xc7, 0x00, 0x00, 0x81, 0xc8, 0x00, 0x12,
  0xab, 0xcf, 0x00, 0x00, 0x00, 0xdd, 0xee, 0xc4, 0xd6, 0xd4, 0x00, 0xc3,
  0x00, 0x00, 0x0e, 0xdb, 0x15, 0x00, 0xe9, 0xd4, 0x15, 0x00, 0xdf, 0x00,
  0x0f, 0x00, 0xe7, 0xe7, 0x00, 0x00, 0xee, 0xbc, 0x00, 0x00, 0x00, 0xe8,
  0x28, 0xbf, 0x0e, 0x00, 0x00, 0xb7, 0x00, 0x00, 0xc1, 0xad, 0x00, 0xbc,
  0xcb, 0xc6, 0x00, 0x00, 0xdd, 0xee, 0x10, 0x00, 0x00, 0x00, 0x00, 0x00,
  0x00, 0x00, 0x20, 0x00, 0x00, 0x00, 0x00, 0x00, 0xdb, 0xdc, 0x00, 0x12,
  0xe9, 0xe8, 0x00, 0x00, 0x12, 0xe8, 0xef, 0xf1, 0x00, 0x00, 0x00, 0xd5,
  0xe7, 0x00, 0x00, 0xe7, 0x00, 0x00, 0x00, 0xd4, 0xf1, 0x00, 0x18, 0xd9,
  0xed, 0xd7, 0xf2, 0x00, 0x00, 0xef, 0xcb, 0x00, 0x00, 0xea, 0x00, 0x00,
  0xe8, 0xc0, 0x00, 0x00, 0x00, 0x00, 0x17, 0x00, 0xe4, 0x00, 0x00, 0xe7,
  0xda, 0x00, 0x00, 0x00, 0xc3, 0xb3, 0x15, 0x00, 0xe5, 0xdb, 0x20, 0x00,
  0x11, 0x0f, 0x0f, 0x12, 0x00, 0x00, 0x00, 0x00, 0xe8, 0xef, 0x1d, 0x00,
  0x00, 0x0f, 0x15, 0x00, 0x14, 0x00, 0x00, 0x00, 0x00, 0x00, 0x00, 0x00,
  0x00, 0x00, 0x1e, 0x00, 0xed, 0x00, 0x00, 0x00, 0x00, 0x00, 0x00, 0xd0,
  0xe3, 0xe3, 0x15, 0x00, 0xe0, 0x00, 0x00, 0xe8, 0x00, 0x00, 0x17, 0x00,
  0xdc, 0xe4, 0x1b, 0x00, 0x00, 0xf2, 0x00, 0xdb, 0x00, 0x00, 0x00, 0xef,
  0xf0, 0x00, 0xee, 0x11, 0xee, 0x20, 0x00, 0x1d, 0x00, 0x00, 0x18, 0x00,
  0xec, 0x00, 0xe7, 0x00, 0x00, 0xeb, 0x00, 0xeb, 0xe8, 0x00, 0x00, 0x00,
  0xe5, 0x00, 0x00, 0x00, 0xe5, 0xe6, 0x00, 0xe2, 0xd8, 0xe4, 0x00, 0xea,
  0xe2, 0xde, 0x00, 0x00, 0x00, 0x00, 0x00, 0x00, 0x13, 0x19, 0xd9, 0xe7,
  0x00, 0x19, 0xec, 0x00, 0x00, 0x00, 0xea, 0x00, 0x00, 0x00, 0x00, 0xe6,
  0xdb, 0x00, 0x18, 0xcf, 0xec, 0x00, 0x18, 0xe1, 0xe4, 0x00, 0x00, 0x00,
  0xe6, 0xe0, 0x16, 0xe6, 0xcf, 0xdd, 0xd2, 0xed, 0xe8, 0xe4, 0x00, 0xe6,
  0x00, 0x00, 0x00, 0xd0, 0x00, 0x00, 0xeb, 0xc4, 0x00, 0x00, 0x00, 0xc8,
  0x1d, 0x00, 0xec, 0xda, 0x1d, 0x00, 0xec, 0xdf, 0x00, 0x19, 0x00, 0xd9,
  0x16, 0xe0, 0x00, 0xe4, 0x1f, 0xd3, 0x00, 0x00, 0x00, 0xe6, 0x00, 0x00,
  0xa7, 0xad, 0x00, 0xeb, 0x81, 0xae, 0x2d, 0x00, 0xd5, 0xdc, 0xd4, 0x00,
  0xaf, 0x00, 0xc2, 0x12, 0xc0, 0xcc, 0xba, 0xbe, 0xe4, 0x15, 0xb1, 0xe2,
  0xd9, 0xb1, 0xd0, 0x00, 0x92, 0xd5, 0x00, 0x00, 0xea, 0x00, 0xea, 0x1c,
  0x00, 0x00, 0xba, 0x00, 0x00, 0xe8, 0x00, 0xad, 0xea, 0x00, 0xe8, 0x00,
  0xc8, 0xb7, 0x14, 0x15, 0x92, 0xa8, 0x00, 0x16, 0xa8, 0x96, 0x00, 0xdf,
  0x00, 0x9b, 0x00, 0xc1, 0x9d, 0xc3, 0x1b, 0xd1, 0xb0, 0xe4, 0xc1, 0xe0,
  0x00, 0x00, 0xe0, 0xc6, 0x00, 0x1b, 0x00, 0xeb, 0x00, 0xe4, 0xdf, 0xd5,
  0x00, 0x00, 0x00, 0xd4, 0x00, 0xd1, 0xaf, 0xcb, 0x00, 0xea, 0x00, 0xcc,
  0xd6, 0x00, 0x00, 0xd9, 0x99, 0xd2, 0x00, 0x00, 0xc5, 0x8e, 0x19, 0xea,
  0x00, 0xed, 0x00, 0xd6, 0x00, 0x00, 0xc8, 0xd3, 0xe9, 0xd8, 0xd8, 0x00,
  0xa5, 0xad, 0x00, 0x00, 0xba, 0xc6, 0x11, 0x00, 0xc9, 0xdc, 0x18, 0xbf,
  0xc2, 0xc7, 0x00, 0x00, 0xc6, 0x00, 0x00, 0xd3, 0x00, 0x15, 0x00, 0x00,
  0x00, 0x00, 0x00, 0x00, 0x00, 0x00, 0x00, 0x00, 0x00, 0xde, 0x00, 0x12,
  0xeb, 0x00, 0x00, 0x00, 0x00, 0xbf, 0x00, 0xea, 0x00, 0xe2, 0xde, 0xeb,
  0xb6, 0xce, 0x00, 0x00, 0xd0, 0xc6, 0x00, 0x00, 0x00, 0xcc, 0x00, 0x1e,
  0x1c, 0x00, 0x00, 0xd3, 0x13, 0xed, 0x00, 0xbb, 0x00, 0x00, 0x00, 0x00,
  0xe1, 0x00, 0xd3, 0x00, 0x00, 0x00, 0xeb, 0x17, 0xd3, 0xe8, 0x00, 0x00,
  0x00, 0xca, 0x00, 0xe0, 0x00, 0xe0, 0x00, 0xe8, 0x00, 0xeb, 0x00, 0x23,
  0x00, 0xe6, 0x00, 0x00, 0x16, 0xeb, 0x00, 0x25, 0xe6, 0xe7, 0x00, 0x00,
  0x00, 0xe8, 0x1d, 0xea, 0xec, 0xd7, 0x24, 0x00, 0x00, 0x00, 0x00, 0x00,
  0x00, 0x00, 0xe4, 0x00, 0x00, 0xdd, 0x00, 0xe4, 0x00, 0xdd, 0x00, 0xec,
  0x00, 0x00, 0x00, 0x00, 0x00, 0x24, 0x00, 0x00, 0x00, 0x00, 0x00, 0x00,
  0xe2, 0x15, 0x1d, 0x00, 0xea, 0xbe, 0x18, 0x00, 0xee, 0xe8, 0xdf, 0x11,
  0xea, 0xea, 0xd2, 0x00, 0x00, 0x00, 0x26, 0xda, 0xea, 0x00, 0x00, 0x00,
  0x00, 0x00, 0x00, 0xe6, 0xe7, 0xdb, 0xd9, 0xda, 0xea, 0xcd, 0xeb, 0xd0,
  0x00, 0xdd, 0xd2, 0x00, 0xd5, 0xdd, 0x00, 0x00, 0x00, 0x00, 0xed, 0x00,
  0x11, 0x30, 0xe8, 0xce, 0xd9, 0xdf, 0x00, 0xd7, 0x00, 0x1a, 0x00, 0x00,
  0xe7, 0xe0, 0x00, 0xe8, 0x00, 0xd2, 0x00, 0xe8, 0xe8, 0xcc, 0x00, 0x00,
  0xf0, 0xf1, 0x00, 0xe9, 0xe3, 0xdd, 0x00, 0x00, 0x00, 0xd6, 0x00, 0x00,
  0x00, 0xe3, 0x00, 0x00, 0x00, 0xef, 0xdb, 0x00, 0xe3, 0x00, 0x00, 0x00,
  0x00, 0x00, 0x00, 0x00, 0x00, 0x00, 0x00, 0xd9, 0x00, 0x00, 0xea, 0xda,
  0x00, 0x00, 0x00, 0xe0, 0x00, 0x00, 0x00, 0xee, 0x00, 0x00, 0x00, 0xed,
  0x00, 0x00, 0x00, 0xe7, 0x00, 0x00, 0x00, 0xe2, 0x00, 0x00, 0x00, 0xe2,
  0x00, 0x00, 0x00, 0xde, 0x00, 0x00, 0x00, 0xef, 0xec, 0xe6, 0xe9, 0xda,
  0x12, 0xc9, 0x00, 0xd6, 0x0e, 0xdf, 0xe9, 0xe5, 0x00, 0xe9, 0x00, 0xe7,
  0x00, 0xd5, 0x00, 0xb3, 0x00, 0xec, 0x00, 0x97, 0x13, 0x00, 0x11, 0xee,
  0x28, 0xae, 0x00, 0x00, 0xec, 0x9b, 0x00, 0x00, 0xad, 0xb8, 0xe2, 0x10,
  0xc7, 0xb2, 0x00, 0x12, 0x00, 0xe8, 0x00, 0x00, 0xd9, 0xd2, 0xdd, 0x14,
  0xe1, 0xf2, 0xc6, 0x00, 0xd8, 0xe4, 0xdc, 0x11, 0x00, 0xcf, 0xe8, 0x00,
  0x00, 0xeb, 0x00, 0x12, 0x00, 0xe8, 0xd4, 0x00, 0x00, 0xc2, 0xe7, 0x00,
  0x00, 0x00, 0x00, 0xee, 0xca, 0x00, 0x00, 0x00, 0xc2, 0xd9, 0x00, 0x00,
  0xe3, 0x81, 0xea, 0x00, 0x00, 0xc5, 0xd8, 0xad, 0xef, 0xe2, 0x18, 0x00,
  0xee, 0xec, 0x00, 0x00, 0x00, 0x00, 0xd8, 0x95, 0x00, 0x11, 0xe1, 0xb5,
  0x00, 0x00, 0x23, 0xed, 0xee, 0xe0, 0x00, 0x00, 0x00, 0x00, 0x00, 0xe6,
  0x00, 0x00, 0x00, 0xd1, 0x00, 0xde, 0x15, 0x00, 0xbd, 0xdd, 0x13, 0xf0,
  0x00, 0xf1, 0x00, 0xf1, 0xeb, 0xb0, 0x00, 0x00, 0x00, 0xd8, 0xf0, 0x00,
  0x00, 0xc7, 0x00, 0x00, 0x00, 0x00, 0x00, 0x14, 0xba, 0x00, 0x00, 0x00,
  0xcc, 0xde, 0x15, 0x00, 0xeb, 0xef, 0x00, 0xe0, 0x0f, 0x00, 0x00, 0x00,
  0x00, 0xeb, 0x00, 0x00, 0x1b, 0x0f, 0xea, 0xee, 0x10, 0x1a, 0x00, 0x00,
  0x00, 0xf2, 0x18, 0x00, 0x00, 0xec, 0x00, 0xf2, 0x00, 0x00, 0xed, 0x00,
  0x00, 0xe5, 0x00, 0x1c, 0xc9, 0xef, 0x00, 0x17, 0x00, 0x00, 0x00, 0x00,
  0xc5, 0xf2, 0x00, 0x27, 0xd7, 0x00, 0x1b, 0x15, 0x00, 0xee, 0x00, 0x10,
  0x00, 0x00, 0x10, 0x00, 0x00, 0x00, 0x00, 0x00, 0xcb, 0x00, 0x00, 0x00,
  0xeb, 0xe9, 0x00, 0x00, 0x00, 0x00, 0x00, 0x00, 0xea, 0xea, 0xe5, 0x00,
  0x00, 0x00, 0x00, 0x00, 0xe0, 0x00, 0xee, 0xcb, 0x00, 0x00, 0x00, 0x1d,
  0xd8, 0xe3, 0x18, 0xeb, 0x00, 0xe5, 0x00, 0xcf, 0xdb, 0xea, 0x14, 0x00,
  0xe3, 0xd0, 0x1f, 0x00, 0x17, 0x00, 0x00, 0x00, 0xe6, 0xef, 0x00, 0x00,
  0xdf, 0xc0, 0x00, 0x00, 0xce, 0xc2, 0x00, 0x00, 0xeb, 0xde, 0x00, 0x00,
  0xe6, 0x00, 0x00, 0xec, 0x00, 0x14, 0xe2, 0xd9, 0x00, 0x00, 0x00, 0x1f,
  0x00, 0x00, 0x00, 0x00, 0x00, 0xef, 0xe6, 0x21, 0x00, 0x00, 0x00, 0x00,
  0x00, 0x00, 0x00, 0x10, 0x00, 0x11, 0x00, 0x25, 0x00, 0xef, 0x00, 0xea,
  0x00, 0x00, 0x00, 0xd1, 0x00, 0xf0, 0x00, 0xee, 0xe5, 0xc9, 0x00, 0xec,
  0x00, 0x00, 0x00, 0x00, 0xed, 0x00, 0x00, 0x00, 0xde, 0xd3, 0x00, 0x00,
  0xf0, 0xf2, 0x11, 0xee, 0x00, 0x00, 0x00, 0xf1, 0xf3, 0x00, 0x00, 0xe5,
  0xf3, 0x00, 0x14, 0x00, 0x00, 0x00, 0x00, 0x00, 0x00, 0x00, 0x00, 0x00,
  0x00, 0x00, 0x0f, 0x00, 0x00, 0x00, 0x00, 0x00, 0x00, 0x00, 0x00, 0x00,
  0x00, 0xf5, 0x00, 0x00, 0x00, 0x00, 0x00, 0xf5, 0x00, 0x00, 0x0c, 0xea,
  0x10, 0x00, 0x00, 0xf0, 0x00, 0x00, 0x00, 0xe7, 0x00, 0xec, 0x00, 0x00,
  0x00, 0xea, 0x00, 0x00, 0x00, 0xf5, 0x00, 0x00, 0x00, 0x00, 0x00, 0x00,
  0x14, 0x0d, 0x0c, 0xf2, 0x00, 0x00, 0x00, 0xf1, 0x00, 0xf0, 0x00, 0xe1,
  0xf3, 0x00, 0xf4, 0xf1, 0xe3, 0x00, 0x00, 0x00, 0xf1, 0xe9, 0x00, 0xf5,
  0x00, 0xf5, 0x0c, 0xed, 0x00, 0x00, 0x00, 0xe9, 0x00, 0xf0, 0x00, 0x00,
  0x00, 0x11, 0x00, 0x00, 0x00, 0xe9, 0x00, 0x00, 0x21, 0xdc, 0x00, 0xf2,
  0xf2, 0xca, 0x00, 0xf0, 0xb1, 0xc9, 0xef, 0x00, 0x00, 0x00, 0xde, 0x0c,
  0xd5, 0xf3, 0xcc, 0xf1, 0xe7, 0xf2, 0xb8, 0xf6, 0xe3, 0x00, 0xb9, 0x00,
  0xe9, 0xd6, 0xd3, 0x0d, 0xf3, 0xcd, 0xeb, 0x00, 0xcf, 0xe2, 0xf5, 0x12,
  0x00, 0xe0, 0xda, 0x00, 0x0a, 0xe9, 0x00, 0xf2, 0x00, 0xbf, 0x1f, 0x00,
  0xc5, 0x81, 0x00, 0x00, 0xa1, 0x93, 0x00, 0x00, 0xc9, 0xdd, 0x00, 0xeb,
  0xc9, 0xd3, 0xef, 0xca, 0x94, 0xd3, 0x0b, 0x00, 0x00, 0x00, 0x00, 0xf1,
  0x00, 0x00, 0xbb, 0x8e, 0x00, 0x00, 0xde, 0xd6, 0x00, 0x00, 0xf3, 0x00,
  0x00, 0x00, 0xee, 0x00, 0x00, 0xf1, 0x00, 0x00, 0xed, 0xdd, 0xec, 0x00,
  0xe8, 0xe9, 0x00, 0xde, 0xae, 0xd1, 0x00, 0xe5, 0xad, 0xb4, 0x00, 0x00,
  0xee, 0xd5, 0x00, 0x00, 0x00, 0xe3, 0xf6, 0x00, 0xe2, 0xcf, 0x0c, 0x00,
  0xcb, 0xd5, 0x0d, 0x00, 0xc9, 0xe9, 0x00, 0x00, 0xd9, 0xf2, 0x16, 0x00,
  0xe2, 0xef, 0xf5, 0x00, 0xf2, 0x0e, 0x00, 0x00, 0xf3, 0xf1, 0x00, 0x00,
  0x0c, 0x00, 0x00, 0xf5, 0x00, 0x00, 0x00, 0x00, 0x00, 0xe5, 0xe9, 0x00,
  0x00, 0x00, 0x00, 0x00, 0x00, 0xe1, 0x0e, 0xf2, 0x00, 0xdb, 0x00, 0x00,
  0xce, 0xdd, 0x17, 0xee, 0xdf, 0xe5, 0xee, 0xe5, 0xdb, 0xf5, 0x00, 0x00,
  0xe8, 0x00, 0x10, 0x00, 0x00, 0x00, 0xe6, 0x00, 0x00, 0x00, 0x00, 0x00,
  0xee, 0xe2, 0x18, 0x00, 0xf4, 0x00, 0x00, 0x00, 0x00, 0x00, 0x0e, 0x00,
  0x00, 0x00, 0xed, 0x00, 0x13, 0xcb, 0x00, 0x00, 0xe5, 0xe1, 0x00, 0xe1,
  0xe6, 0x00, 0x00, 0x00, 0xd5, 0xf6, 0x11, 0x00, 0x0c, 0x00, 0x00, 0x00,
  0x00, 0x00, 0xee, 0xf1, 0x00, 0x0c, 0x00, 0x00, 0xf1, 0x00, 0x00, 0x00,
  0xf6, 0x00, 0x00, 0x00, 0x00, 0x00, 0x13, 0x00, 0x00, 0x00, 0x00, 0x00,
  0x00, 0xe8, 0x00, 0x00, 0x00, 0x00, 0x13, 0x10, 0x00, 0x00, 0xf5, 0xf0,
  0x00, 0x00, 0x00, 0x00, 0x00, 0x00, 0x0b, 0x00, 0x0c, 0x14, 0x0c, 0x00,
  0x00, 0x00, 0x00, 0x00, 0xf4, 0xdd, 0x00, 0xea, 0xf4, 0xdf, 0x00, 0x00,
  0x00, 0x00, 0x00, 0x00, 0xd0, 0xf3, 0x00, 0x00, 0xe3, 0xf6, 0x18, 0x00,
  0xe5, 0x00, 0x0f, 0x00, 0x00, 0x00, 0x0c, 0x00, 0x00, 0xdd, 0x19, 0x00,
  0x00, 0x00, 0x00, 0x00, 0x00, 0x00, 0x00, 0x00, 0x00, 0x00, 0x00, 0x00,
  0x00, 0x0e, 0x0d, 0xee, 0x00, 0x11, 0x00, 0x00, 0x00, 0x12, 0x00, 0x00,
  0x00, 0xf5, 0xf3, 0x00, 0x00, 0x00, 0xf5, 0x00, 0x00, 0x00, 0x00, 0x00,
  0x00, 0x00, 0xf0, 0xf3, 0x00, 0x00, 0x00, 0xe3, 0xf3, 0xf0, 0x00, 0x00,
  0x00, 0x00, 0x00, 0x00, 0x00, 0x00, 0x00, 0xf0, 0x0e, 0x12, 0x00, 0xe0,
  0x00, 0x00, 0x12, 0x00, 0x00, 0xf0, 0x17, 0x00, 0x00, 0x0e, 0x00, 0x00,
  0x0e, 0x00, 0x00, 0x00, 0x00, 0xe6, 0x00, 0x00, 0x00, 0xf4, 0x0e, 0xf0,
  0x00, 0x00, 0x00, 0xdb, 0x0f, 0x00, 0x0e, 0x00, 0x0c, 0xe5, 0x12, 0x10,
  0x00, 0xde, 0x00, 0x00, 0x00, 0xf2, 0x00, 0xf2, 0x00, 0x00, 0x00, 0x00,
  0x00, 0xee, 0xe0, 0x00, 0x00, 0x00, 0xce, 0xea, 0x00, 0x00, 0xea, 0xe8,
  0x00, 0xd9, 0xe8, 0xe7, 0xf3, 0xd6, 0x00, 0xec, 0xc7, 0xb8, 0x00, 0x10,
  0x00, 0x00, 0xe3, 0x0f, 0xf0, 0x00, 0xd7, 0x12, 0xe9, 0x00, 0xc1, 0x00,
  0xed, 0xf3, 0x90, 0xe8, 0xc3, 0xdb, 0x00, 0x15, 0xc1, 0xe8, 0x00, 0x00,
  0xc5, 0xe4, 0xe4, 0x00, 0xef, 0xbc, 0xde, 0x00, 0x00, 0xcf, 0xd9, 0x00,
  0x00, 0xe5, 0xf4, 0x00, 0x00, 0xa8, 0xf5, 0xeb, 0x95, 0xde, 0xe4, 0x10,
  0xc8, 0x00, 0xdc, 0x00, 0xea, 0xe6, 0xdb, 0x00, 0x00, 0xf4, 0x00, 0xe7,
  0x00, 0xf2, 0x00, 0xe6, 0x13, 0x00, 0xeb, 0xc1, 0x00, 0x00, 0xe2, 0xc8,
  0x00, 0x00, 0x14, 0x00, 0x00, 0xec, 0x00, 0x00, 0x00, 0xe5, 0x00, 0xe2,
  0x00, 0xc8, 0xec, 0x00, 0xf1, 0xb3, 0x00, 0xf2, 0x00, 0xcf, 0x00, 0x00,
  0xa4, 0xdf, 0x00, 0xe5, 0x81, 0xe3, 0x00, 0x00, 0x00, 0xd9, 0x00, 0xe0,
  0xe2, 0xd4, 0xed, 0xed, 0xd2, 0xd9, 0x00, 0x00, 0xcb, 0x00, 0xf0, 0x0e,
  0xd6, 0xe9, 0x10, 0x00, 0x00, 0xe6, 0x00, 0x00, 0x00, 0xe4, 0x00, 0x00,
  0xf4, 0xcf, 0x00, 0x0b, 0x00, 0x00, 0x00, 0x00, 0x00, 0x00, 0x00, 0xf4,
  0x1b, 0xf2, 0x0d, 0x00, 0x00, 0x00, 0x00, 0x00, 0x00, 0x00, 0xee, 0x00,
  0x14, 0xf3, 0x1d, 0x00, 0xea, 0xf3, 0x10, 0x00, 0x00, 0x00, 0x00, 0x00,
  0x00, 0x00, 0x00, 0x00, 0xe2, 0x00, 0x00, 0x00, 0x00, 0x00, 0x00, 0xf2,
  0x00, 0x00, 0x00, 0x00, 0xf2, 0x00, 0x00, 0x0d, 0x00, 0x11, 0xf1, 0x00,
  0x00, 0xe5, 0xee, 0x00, 0x00, 0xf3, 0x00, 0x00, 0x00, 0xe6, 0x13, 0xde,
  0x00, 0x00, 0x12, 0xee, 0x00, 0xe4, 0x00, 0x0c, 0xe9, 0xf1, 0xf2, 0x15,
  0x00, 0xe5, 0x00, 0x00, 0xed, 0xe8, 0x00, 0xe8, 0x00, 0x00, 0x00, 0x00,
  0xe7, 0xd9, 0x0f, 0x00, 0x00, 0x00, 0x00, 0x00, 0xea, 0x00, 0x10, 0x00,
  0x00, 0xde, 0x0e, 0x00, 0xdf, 0xc9, 0x00, 0x0e, 0x00, 0x0c, 0x00, 0x00,
  0x00, 0x10, 0x00, 0x00, 0x00, 0x11, 0x00, 0x00, 0x0f, 0x00, 0x00, 0x00,
  0x00, 0xf2, 0x00, 0x00, 0x00, 0xec, 0x00, 0xee, 0xf4, 0x00, 0x00, 0x00,
  0xe6, 0xe9, 0x0e, 0x0e, 0xec, 0x00, 0x00, 0x10, 0x00, 0x00, 0x00, 0xf1,
  0xdf, 0xd7, 0x00, 0xe1, 0xe0, 0xd5, 0x11, 0xf2, 0xf3, 0x00, 0x00, 0x00,
  0x00, 0x00, 0x00, 0x00, 0x00, 0x00, 0xf1, 0xeb, 0x00, 0x00, 0x00, 0x00,
  0x00, 0x00, 0x00, 0x00, 0x00, 0x00, 0xf1, 0x00, 0x00, 0x00, 0x00, 0x00,
  0x13, 0x00, 0x00, 0x00, 0x18, 0x00, 0xe8, 0x00, 0x00, 0x00, 0xee, 0x00,
  0xf0, 0x00, 0x00, 0x00, 0x00, 0x00, 0x00, 0x00, 0x00, 0x00, 0x00, 0xf0,
  0x00, 0x00, 0xf0, 0xe8, 0x00, 0x00, 0x00, 0xe4, 0x00, 0x00, 0xf1, 0xde,
  0x00, 0x00, 0x1a, 0xe1, 0x00, 0x16, 0x00, 0x00, 0x00, 0x00, 0x00, 0x00,
  0x00, 0x00, 0x00, 0x00, 0x00, 0x00, 0x00, 0x00, 0x00, 0x00, 0xea, 0x00,
  0xd9, 0xe9, 0x15, 0x00, 0xdf, 0x00, 0x00, 0xeb, 0x00, 0x00, 0x00, 0x00,
  0xee, 0x00, 0xe0, 0x00, 0xf1, 0xe8, 0x00, 0x00, 0x00, 0xf0, 0x00, 0x23,
  0x00, 0xe8, 0x00, 0x14, 0x13, 0xed, 0xde, 0x00, 0x00, 0x00, 0xcf, 0x00,
  0x0f, 0xf3, 0xc1, 0xea, 0x00, 0xd9, 0xde, 0xe0, 0x00, 0xe4, 0xd2, 0xc4,
  0xb8, 0x00, 0xe5, 0xdd, 0xdc, 0x11, 0xd1, 0xea, 0x00, 0xea, 0x95, 0x00,
  0xd1, 0xee, 0x9d, 0x00, 0xef, 0x00, 0xa2, 0xd4, 0xe2, 0xd2, 0x88, 0x00,
  0xe0, 0xde, 0xb5, 0x12, 0x96, 0xb5, 0xe4, 0x00, 0x00, 0xda, 0xc6, 0x00,
  0x00, 0xe5, 0x92, 0x00, 0x0e, 0xc1, 0xb1, 0xee, 0x00, 0xc0, 0xdb, 0x00,
  0x90, 0x82, 0xcb, 0x00, 0x81, 0x8a, 0xd5, 0x00, 0xaf, 0xab, 0xd8, 0xe6,
  0xd8, 0x8c, 0xe4, 0xdb, 0xe3, 0xef, 0x00, 0x00, 0x00, 0x00, 0xe8, 0x9b,
  0x00, 0x00, 0xda, 0xc6, 0x00, 0x00, 0xba, 0xdf, 0x00, 0xee, 0xea, 0x00,
  0x00, 0x00, 0xd7, 0xe7, 0x00, 0xda, 0xab, 0xc6, 0x00, 0xdb, 0xef, 0xe6,
  0xcb, 0x11, 0x00, 0xcc, 0xc7, 0x00, 0x00, 0xd8, 0xda, 0xe8, 0x00, 0x00,
  0x00, 0xda, 0x00, 0xed, 0x00, 0xd4, 0xa9, 0x00, 0x00, 0xc2, 0xe3, 0x00,
  0xa4, 0xdb, 0xdf, 0x00, 0xaf, 0xb6, 0x00, 0x00, 0xcf, 0xdb, 0x00, 0x00,
  0x00, 0x00, 0x00, 0xaf, 0xb2, 0xa4, 0x18, 0x00, 0x00, 0x00, 0xef, 0x00,
  0x00, 0x16, 0xd1, 0x00, 0x00, 0x00, 0x00, 0x19, 0x00, 0x00, 0x00, 0xeb,
  0x00, 0x00, 0x00, 0xca, 0x00, 0xb7, 0x00, 0xe8, 0x00, 0xb3, 0x00, 0x00,
  0xeb, 0x00, 0x1d, 0xde, 0x00, 0x00, 0x00, 0x00, 0x00, 0x00, 0x00, 0x11,
  0xf2, 0x00, 0x14, 0x00, 0x00, 0x00, 0x00, 0x00, 0x00, 0x00, 0x00, 0x00,
  0xe9, 0x00, 0xe7, 0x00, 0xe3, 0x00, 0x12, 0x00, 0x00, 0xe6, 0x28, 0x00,
  0x00, 0xcd, 0x23, 0x00, 0x00, 0x00, 0x00, 0x00, 0xe8, 0xd9, 0x00, 0x00,
  0xee, 0x15, 0x00, 0x00, 0xe6, 0x00, 0x00, 0x00, 0xf1, 0xec, 0x12, 0x18,
  0xee, 0xee, 0xef, 0xee, 0xd9, 0xe3, 0x00, 0x0e, 0x00, 0x00, 0x18, 0x12,
  0xdb, 0x00, 0x00, 0x00, 0xdb, 0x11, 0x12, 0x00, 0xf1, 0xd0, 0x00, 0x00,
  0x16, 0x00, 0x00, 0x21, 0x00, 0xed, 0x10, 0x19, 0xf0, 0xe5, 0x00, 0x00,
  0x00, 0x00, 0x00, 0x13, 0x00, 0x00, 0x00, 0x17, 0xef, 0x00, 0x1c, 0x10,
  0xe8, 0x00, 0x00, 0x00, 0xe8, 0xea, 0x00, 0x00, 0xe5, 0x00, 0x00, 0x00,
  0x00, 0x13, 0x00, 0x11, 0xed, 0x00, 0x00, 0x00, 0xe6, 0x00, 0x00, 0x1f,
  0x0b, 0xdb, 0xe3, 0x00, 0x00, 0xe5, 0x00, 0x14, 0x00, 0xf4, 0x00, 0x0e,
  0x00, 0x00, 0xf0, 0x00, 0x0f, 0x00, 0x00, 0xf0, 0x13, 0xe4, 0x00, 0x0c,
  0x00, 0xe7, 0x00, 0x14, 0x00, 0x00, 0x00, 0x00, 0x16, 0x00, 0xeb, 0xec,
  0x00, 0x00, 0x00, 0x00, 0x00, 0x00, 0x0b, 0x00, 0x00, 0x00, 0x00, 0x00,
  0x00, 0xed, 0x00, 0xda, 0x00, 0x00, 0x00, 0xdb, 0x00, 0xea, 0x0d, 0xeb,
  0x00, 0xe9, 0x0b, 0x00, 0x00, 0xf2, 0x00, 0x00, 0x00, 0xee, 0x00, 0x00,
  0x00, 0x00, 0x00, 0xed, 0x00, 0x00, 0xf0, 0xf4, 0x00, 0xdf, 0xf0, 0xea,
  0x00, 0xec, 0xef, 0x00, 0x00, 0xe1, 0xf3, 0x00, 0x00, 0xf0, 0x00, 0x00,
  0x00, 0xed, 0x00, 0x00, 0x13, 0xea, 0x00, 0x00, 0x00, 0xd8, 0xee, 0xf4,
  0x00, 0xe3, 0xe4, 0xf4, 0xea, 0xf3, 0x00, 0x00, 0x00, 0x00, 0x00, 0x00,
  0x00, 0xe2, 0x00, 0xde, 0x00, 0x00, 0xf5, 0xcd, 0x00, 0x00, 0xce, 0x0c,
  0x17, 0xe1, 0xb3, 0x0d, 0x00, 0xde, 0xd4, 0xdb, 0xdf, 0x00, 0x00, 0xe3,
  0x00, 0xf6, 0xe2, 0x00, 0x00, 0xee, 0xbf, 0x00, 0xe3, 0xe3, 0xc6, 0xf2,
  0x00, 0xf1, 0xa6, 0x00, 0xe6, 0xd5, 0x81, 0x0b, 0xc5, 0xa0, 0xcf, 0x00,
  0x00, 0xc1, 0x00, 0x0a, 0xec, 0xcb, 0xf0, 0x0c, 0x00, 0xcc, 0xa0, 0xf4,
  0x00, 0xd6, 0xdf, 0x00, 0xec, 0xb5, 0xea, 0x00, 0xa0, 0xac, 0xdf, 0x00,
  0xa1, 0xb1, 0x9e, 0x00, 0xe4, 0xd7, 0xaa, 0xd2, 0xc2, 0xea, 0x00, 0xe7,
  0xdc, 0xf0, 0x0f, 0xe3, 0x00, 0x00, 0xf1, 0xcc, 0x13, 0x00, 0xaf, 0x00,
  0x00, 0x00, 0xdc, 0x00, 0x00, 0x00, 0xef, 0x15, 0x00, 0xe1, 0xec, 0xe4,
  0x0e, 0x00, 0xdf, 0x00, 0x00, 0xe9, 0x16, 0x00, 0xe6, 0xda, 0x00, 0xc6,
  0x9b, 0xa4, 0x00, 0xf6, 0xad, 0xc9, 0x0c, 0x00, 0x00, 0xf4, 0x00, 0xa6,
  0xee, 0x00, 0xf6, 0x00, 0xac, 0xd3, 0x00, 0x00, 0xac, 0xe9, 0xf0, 0x00,
  0xcb, 0x10, 0x00, 0x00, 0xe8, 0xed, 0xf1, 0xf5, 0xdd, 0xe9, 0x00, 0xe9,
  0xed, 0x00, 0x00, 0x00, 0x00, 0x00, 0xdc, 0x00, 0x11, 0x00, 0xda, 0x00,
  0x00, 0xeb, 0xe0, 0x00, 0x00, 0x00, 0x0e, 0x00, 0x10, 0xe2, 0x00, 0xe5,
  0x00, 0xf1, 0xf2, 0x0d, 0xcd, 0xc8, 0x14, 0x00, 0xda, 0xce, 0x0b, 0x00,
  0xe2, 0xe2, 0x00, 0x00, 0x00, 0x00, 0x17, 0x00, 0x00, 0x00, 0x00, 0xed,
  0x19, 0x16, 0x00, 0xd4, 0x00, 0x00, 0xe9, 0x00, 0x00, 0x00, 0xec, 0x1d,
  0x00, 0xe1, 0x00, 0x00, 0x00, 0xd6, 0xdf, 0x00, 0xf1, 0xbe, 0x00, 0x00,
  0x00, 0xda, 0x00, 0x00, 0x00, 0xf4, 0x00, 0xf0, 0x00, 0x15, 0xf2, 0x11,
  0xeb, 0xde, 0xe8, 0x10, 0x00, 0xd4, 0x00, 0x00, 0x00, 0xd9, 0x00, 0x00,
  0xf4, 0x0e, 0x00, 0x00, 0x0f, 0x00, 0x00, 0xf4, 0xf4, 0x00, 0x16, 0xd3,
  0x00, 0x00, 0xf1, 0xee, 0x00, 0x00, 0x00, 0x15, 0xf3, 0x00, 0xe4, 0x17,
  0x1b, 0x00, 0xd1, 0x00, 0x00, 0x00, 0x00, 0xe9, 0x00, 0xf5, 0x13, 0x16,
  0xed, 0xf0, 0x00, 0x00, 0x00, 0x15, 0x00, 0xec, 0xf4, 0xe7, 0xf4, 0xf2,
  0xe4, 0xea, 0x00, 0x23, 0xf2, 0xf5, 0x00, 0x25, 0x00, 0x12, 0xee, 0x00,
  0x00, 0xf5, 0x00, 0x13, 0x00, 0xf2, 0x00, 0x0c, 0x00, 0xec, 0x00, 0x0e,
  0x00, 0xee, 0x12, 0x0a, 0x00, 0x00, 0x00, 0x00, 0x00, 0x00, 0x00, 0x00,
  0x00, 0x00, 0x00, 0x00, 0x0c, 0x0b, 0x00, 0x00, 0x00, 0x00, 0x00, 0x00,
  0x00, 0x00, 0xf5, 0x00, 0x00, 0x00, 0x00, 0x00, 0x00, 0x00, 0x00, 0x00,
  0x00, 0x19, 0x0d, 0x00, 0x00, 0x0f, 0x00, 0x00, 0x00, 0x00, 0x00, 0x00,
  0x00, 0x0b, 0x00, 0x00, 0x00, 0x00, 0xf8, 0xf4, 0x0b, 0x00, 0x00, 0x00,
  0x0c, 0x00, 0x00, 0x0b, 0x00, 0x00, 0x00, 0x00, 0x0c, 0x00, 0x00, 0x00,
  0x09, 0xf7, 0x00, 0xf7, 0x00, 0x00, 0x00, 0x0b, 0x00, 0x00, 0x00, 0x11,
  0x00, 0x00, 0x00, 0x15, 0x00, 0xf7, 0xf5, 0x00, 0x0c, 0x00, 0x00, 0x00,
  0x00, 0x00, 0x00, 0xf1, 0xf1, 0xf2, 0x00, 0x00, 0x00, 0x00, 0x00, 0x00,
  0xf5, 0x00, 0xf1, 0x00, 0x00, 0xea, 0xd9, 0xe4, 0x00, 0x00, 0xde, 0xd6,
  0x00, 0x00, 0xe0, 0xd6, 0x00, 0xdb, 0xe0, 0xda, 0x00, 0xd3, 0xc9, 0xe2,
  0xf2, 0x00, 0xeb, 0x00, 0xe8, 0xf7, 0xd6, 0xe8, 0xe9, 0xf6, 0xb6, 0x00,
  0xe3, 0x00, 0xa6, 0x00, 0xe7, 0x00, 0xdc, 0xd5, 0xe6, 0x00, 0xef, 0x00,
  0xf1, 0xb8, 0xd6, 0x00, 0xd0, 0xce, 0xd3, 0x00, 0xe3, 0xe0, 0xe9, 0x00,
  0x00, 0xd6, 0xf5, 0x00, 0x0a, 0xdb, 0xa7, 0x00, 0x00, 0xb6, 0xf0, 0x00,
  0xbc, 0x81, 0xbd, 0x00, 0xb1, 0x9a, 0xc5, 0x00, 0xeb, 0xe2, 0xc4, 0xca,
  0xe9, 0xe1, 0xe2, 0xf4, 0xd1, 0xef, 0x00, 0x1a, 0x0c, 0x00, 0xf2, 0xe8,
  0x00, 0x00, 0xa8, 0xa0, 0x0c, 0x00, 0xc2, 0xda, 0x00, 0x00, 0xd7, 0x00,
  0x00, 0xf2, 0xe3, 0x00, 0x00, 0xe9, 0xb1, 0xd3, 0x00, 0xc9, 0x00, 0x00,
  0x00, 0xcb, 0x00, 0x00, 0xdb, 0xe5, 0x00, 0x00, 0x00, 0x00, 0x00, 0x10,
  0x00, 0x00, 0x00, 0xe9, 0x00, 0xf6, 0xe4, 0x00, 0xef, 0x00, 0x00, 0x00,
  0x00, 0xea, 0xe5, 0x00, 0xf4, 0xf0, 0xd8, 0x00, 0xf4, 0xef, 0x00, 0x00,
  0xeb, 0xe9, 0x00, 0xf5, 0xef, 0x00, 0x00, 0x00, 0x00, 0x00, 0x00, 0xf1,
  0x00, 0x00, 0xe9, 0x00, 0x00, 0x00, 0x00, 0x00, 0x00, 0xe9, 0xe7, 0x0a,
  0x0d, 0x00, 0xf3, 0x00, 0x0f, 0xf6, 0xd8, 0x00, 0x00, 0xeb, 0x00, 0x00,
  0xee, 0xda, 0x1a, 0x00, 0x00, 0x0d, 0x00, 0x00, 0xf2, 0x00, 0x00, 0x00,
  0xf6, 0xea, 0x0c, 0x00, 0x00, 0x00, 0xce, 0xe3, 0x00, 0x0d, 0xea, 0x00,
  0xeb, 0xee, 0x00, 0x0e, 0xf0, 0xe1, 0xe6, 0x00, 0x00, 0xdb, 0x00, 0x00,
  0xf5, 0xe2, 0x0f, 0x00, 0xf6, 0xe2, 0x0f, 0x00, 0xf4, 0xf1, 0x0e, 0xe9,
  0x00, 0x0a, 0x12, 0x00, 0xde, 0xe6, 0x0b, 0x0c, 0x00, 0xe5, 0xe8, 0x0b,
  0x00, 0x00, 0x00, 0xf3, 0x00, 0xe9, 0x00, 0x0c, 0x0b, 0x00, 0x00, 0x00,
  0x13, 0x09, 0x18, 0xf4, 0x00, 0x00, 0x00, 0xe5, 0xf3, 0xf0, 0x00, 0x0d,
  0xee, 0x00, 0xde, 0x00, 0x0a, 0x00, 0xe0, 0xe5, 0xf4, 0x00, 0xd1, 0x00,
  0x00, 0xf1, 0x00, 0x00, 0x00, 0xf0, 0x00, 0x00, 0x11, 0x00, 0x00, 0x00,
  0x12, 0x00, 0xf7, 0xf6, 0x00, 0x00, 0x23, 0x00, 0x00, 0xf0, 0x00, 0x00,
  0x00, 0x00, 0xec, 0x00, 0x0f, 0x1a, 0x00, 0x00, 0x00, 0x13, 0x00, 0xec,
  0x00, 0x21, 0x00, 0x00, 0x00, 0x00, 0x00, 0xef, 0x0f, 0xd6, 0x00, 0x00,
  0x00, 0xcd, 0xe6, 0x00, 0x00, 0xe8, 0x00, 0xef, 0x00, 0xf0, 0xdc, 0x00,
  0x00, 0x00, 0x00, 0x00, 0x00, 0x00, 0x00, 0xf1, 0x00, 0x00, 0x00, 0xf1,
  0x00, 0x00, 0xdd, 0x00, 0x00, 0x00, 0xca, 0x1c, 0x00, 0x00, 0xef, 0x00,
  0x00, 0x00, 0x00, 0xe0, 0x00, 0x00, 0x1b, 0xe1, 0x11, 0x00, 0x00, 0xc7,
  0x00, 0x00, 0x00, 0xd0, 0x00, 0x00, 0x00, 0xe8, 0x00, 0x00, 0xec, 0xd7,
  0x00, 0xeb, 0xed, 0xe3, 0x00, 0x00, 0xe0, 0x00, 0x26, 0xe9, 0xe3, 0x00,
  0x19, 0xea, 0xd6, 0x00, 0x00, 0x12, 0xe6, 0x00, 0x00, 0x00, 0xf2, 0x00,
  0x12, 0xea, 0xea, 0xdd, 0x00, 0xe1, 0xe2, 0xe5, 0x00, 0xe5, 0xdb, 0x00,
  0x19, 0xea, 0xcd, 0x00, 0x2a, 0x00, 0xee, 0xee, 0x0f, 0x00, 0xcd, 0x00,
  0x13, 0x00, 0xd7, 0x00, 0x00, 0x00, 0xca, 0xdd, 0x00, 0xd7, 0xda, 0xaa,
  0x12, 0xbf, 0xcf, 0xc7, 0x00, 0xcb, 0xdf, 0xce, 0xd6, 0xd1, 0xec, 0xea,
  0x00, 0x00, 0xe2, 0xd2, 0xeb, 0x00, 0xb7, 0x00, 0xb4, 0xea, 0xb5, 0x00,
  0xdf, 0x00, 0xb2, 0xed, 0x15, 0xcc, 0x99, 0x00, 0xee, 0xcd, 0xd4, 0x00,
  0xed, 0xc0, 0xd2, 0x00, 0x00, 0xcb, 0xe6, 0x00, 0x1d, 0xb9, 0x00, 0x00,
  0x11, 0xcc, 0x00, 0x00, 0x00, 0xc3, 0xe6, 0x00, 0xcc, 0xbe, 0xce, 0x00,
  0xc4, 0xd7, 0xc7, 0x00, 0x00, 0xc5, 0x00, 0xee, 0xc2, 0xbf, 0x1b, 0xd5,
  0xee, 0x00, 0xeb, 0x00, 0x00, 0x0e, 0xd5, 0xcb, 0x00, 0x00, 0xb9, 0xe2,
  0x00, 0xef, 0xb0, 0xed, 0x00, 0x00, 0xdd, 0x00, 0x00, 0x00, 0xab, 0xe2,
  0x00, 0x00, 0x81, 0xbc, 0x00, 0xa2, 0x00, 0xbf, 0xed, 0xd4, 0x00, 0xea,
  0x99, 0xbf, 0x00, 0x20, 0xd8, 0xde, 0x00, 0x19, 0x29, 0xbc, 0x00, 0x00,
  0x00, 0x00, 0xbd, 0x00, 0x00, 0xd7, 0xb0, 0x12, 0xa7, 0xdc, 0xa9, 0x2a,
  0xb8, 0xe7, 0x00, 0x00, 0x00, 0xdb, 0x00, 0xe3, 0xd1, 0xc5, 0x00, 0xd1,
  0x00, 0x00, 0x00, 0x00, 0x19, 0x1e, 0x17, 0x00, 0x1b, 0x00, 0xdc, 0x14,
  0x00, 0x00, 0x00, 0x00, 0x00, 0x00, 0xdf, 0x00, 0x00, 0xef, 0xd2, 0x00,
  0x00, 0x00, 0x99, 0x24, 0x00, 0xb1, 0xd5, 0x16, 0xe9, 0xa7, 0x00, 0x00,
  0xe2, 0xa8, 0x00, 0x0f, 0x00, 0x00, 0x3e, 0x00, 0x00, 0x00, 0x00, 0xd9,
  0x38, 0x31, 0xe5, 0x00, 0xd2, 0x00, 0x00, 0x00, 0xd1, 0xdc, 0xe5, 0x00,
  0xeb, 0xd5, 0x00, 0x00, 0x00, 0xc7, 0xee, 0xf0, 0x00, 0xc3, 0x00, 0x00,
  0xe4, 0x00, 0x00, 0xd2, 0x00, 0x00, 0x00, 0x00, 0x15, 0x1b, 0x1e, 0x00,
  0xe6, 0x00, 0xe8, 0x00, 0x00, 0xf1, 0xb5, 0x14, 0x19, 0x00, 0x00, 0x00,
  0x00, 0xe6, 0xcf, 0x26, 0x00, 0x15, 0xd6, 0x00, 0x00, 0x00, 0x1d, 0x00,
  0xe1, 0xd7, 0x22, 0x00, 0xca, 0xd2, 0x00, 0x1d, 0x00, 0x00, 0x19, 0xe8,
  0x00, 0x00, 0x00, 0xe9, 0xef, 0x00, 0x00, 0x00, 0xe7, 0x00, 0x00, 0x00,
  0x00, 0x00, 0x1d, 0x00, 0x00, 0x00, 0xdb, 0xd9, 0x00, 0x00, 0xe6, 0xee,
  0x00, 0x00, 0x00, 0xe9, 0x00, 0x00, 0x00, 0xf0, 0x00, 0x00, 0x00, 0xf8,
  0x00, 0x00, 0x00, 0x00, 0x00, 0x00, 0xf6, 0x00, 0x00, 0x0b, 0xf2, 0x09,
  0x00, 0x00, 0xf4, 0x00, 0x00, 0x00, 0xee, 0x00, 0x00, 0x00, 0x00, 0x0b,
  0x00, 0x00, 0x00, 0x00, 0x09, 0x00, 0xf5, 0x00, 0x00, 0x09, 0xf2, 0x00,
  0x0a, 0x00, 0x00, 0x00, 0x0a, 0x00, 0xf5, 0x00, 0x00, 0x00, 0xe7, 0xf1,
  0x00, 0x00, 0x00, 0x00, 0x00, 0x00, 0x00, 0x00, 0x00, 0x00, 0x00, 0x00,
  0x0f, 0x00, 0x00, 0xec, 0x0e, 0x00, 0x00, 0xf0, 0x00, 0x00, 0x00, 0xf4,
  0x00, 0xf8, 0xed, 0x00, 0x00, 0x00, 0xea, 0xf0, 0x00, 0x00, 0xea, 0xf2,
  0xf6, 0x00, 0xf4, 0xec, 0x00, 0x00, 0x00, 0x00, 0x00, 0x00, 0xf7, 0x00,
  0x00, 0x00, 0xe3, 0x00, 0x0a, 0xf6, 0xe0, 0xf7, 0x00, 0xf6, 0xe5, 0xf4,
  0x00, 0x00, 0xf8, 0xf3, 0x00, 0xee, 0x00, 0xed, 0x00, 0xf6, 0xf6, 0xee,
  0x00, 0xf0, 0xe8, 0x00, 0x0c, 0x00, 0xef, 0xef, 0x00, 0x09, 0xe6, 0xdb,
  0x09, 0x0e, 0xe2, 0xd0, 0x0d, 0x00, 0xdd, 0xd6, 0xf5, 0xdc, 0xd6, 0xe3,
  0xcb, 0xe4, 0xe3, 0x00, 0xce, 0xe3, 0xe0, 0xf7, 0xf6, 0x00, 0xc8, 0xf8,
  0xdb, 0xf3, 0xc4, 0xf2, 0xe4, 0x00, 0xce, 0x00, 0xee, 0xf5, 0xbd, 0x00,
  0xed, 0xe7, 0xb2, 0x00, 0x00, 0xdc, 0xd3, 0x0e, 0xe9, 0xcd, 0xc4, 0x00,
  0x00, 0xda, 0xb8, 0x00, 0x00, 0xd1, 0xc7, 0x00, 0x00, 0xd3, 0xe1, 0x00,
  0xb3, 0xc8, 0xdc, 0x00, 0x81, 0xac, 0xdb, 0x00, 0xef, 0xe2, 0xd9, 0xf6,
  0xe0, 0xf2, 0xf4, 0xc9, 0xda, 0xec, 0x0a, 0x00, 0x00, 0x00, 0x00, 0xd1,
  0x0b, 0x00, 0xcc, 0xb5, 0x0c, 0x0b, 0xda, 0xee, 0x00, 0xf7, 0xf9, 0x00,
  0x00, 0x00, 0xd9, 0x0b, 0x00, 0xeb, 0xe1, 0xe4, 0x00, 0xdb, 0x00, 0xe7,
  0xe9, 0xcb, 0x0c, 0x00, 0xd0, 0xdb, 0x00, 0xf2, 0xb5, 0xe3, 0x00, 0xf5,
  0x00, 0xe6, 0x00, 0x10, 0x00, 0x00, 0xf0, 0x00, 0x00, 0xf4, 0xe1, 0x00,
  0xde, 0x00, 0xdb, 0x00, 0xdd, 0x00, 0xf0, 0x00, 0xe9, 0xe3, 0x00, 0x00,
  0x00, 0xe3, 0x00, 0xd4, 0x00, 0xf3, 0x00, 0xf6, 0x0e, 0x0b, 0x00, 0x00,
  0x00, 0x08, 0xe8, 0x00, 0x12, 0x00, 0x00, 0x00, 0x00, 0x00, 0x00, 0xf7,
  0x00, 0xe4, 0x00, 0x00, 0x00, 0xeb, 0xec, 0xef, 0x00, 0xea, 0x00, 0x0e,
  0xf5, 0xed, 0x14, 0xf6, 0x00, 0x00, 0x00, 0xf8, 0x00, 0x00, 0x00, 0x0c,
  0xf1, 0x00, 0x0d, 0xe9, 0x18, 0x14, 0x00, 0xeb, 0x00, 0x1d, 0xe7, 0x00,
  0x00, 0x00, 0xf4, 0x00, 0x00, 0xf3, 0xf5, 0x00, 0xf3, 0xf6, 0xf6, 0x00,
  0x00, 0xe4, 0xec, 0x00, 0x00, 0x00, 0xf7, 0xf8, 0xf2, 0x00, 0x00, 0x00,
  0x00, 0x00, 0x00, 0x00, 0x00, 0x11, 0x00, 0x0a, 0x00, 0xe9, 0xef, 0x0b,
  0x00, 0x00, 0x00, 0x00, 0x00, 0x00, 0x00, 0x0e, 0x00, 0x00, 0xf1, 0x00,
  0xf4, 0x00, 0x00, 0x00, 0x00, 0xf1, 0x0d, 0x00, 0x00, 0xe3, 0x00, 0x00,
  0x00, 0x00, 0x00, 0x00, 0x00, 0x00, 0x00, 0xec, 0x00, 0x00, 0xf6, 0x00,
  0x00, 0x00, 0xf4, 0x00, 0x00, 0x0d, 0x00, 0x00, 0x00, 0x00, 0x0a, 0x00,
  0x14, 0xe6, 0xcb, 0x7f, 0x00, 0xc9, 0xcf, 0x5d, 0x00, 0xda, 0xe0, 0x47,
  0x00, 0xe3, 0xe5, 0x40, 0x00, 0x00, 0xc1, 0x00, 0x00, 0x43, 0xc7, 0x1c,
  0x00, 0x56, 0xcc, 0x00, 0x00, 0x1d, 0xd8, 0x22, 0x2c, 0x00, 0xd2, 0x00,
  0x00, 0x00, 0x00, 0x00, 0x00, 0x16, 0x00, 0x00, 0x00, 0x21, 0x00, 0x00,
  0x00, 0x00, 0x00, 0x00, 0x00, 0x27, 0x2a, 0x00, 0x00, 0x00, 0x29, 0x00,
  0x00, 0x00, 0x00, 0xe1, 0x1f, 0x23, 0x00, 0xdd, 0x00, 0x1d, 0x00, 0xe8,
  0x00, 0x00, 0x19, 0x00, 0x00, 0x00, 0x20, 0x00, 0x1a, 0x00, 0x2d, 0x00,
  0x00, 0x00, 0x1d, 0x00, 0x00, 0x00, 0x00, 0x00, 0x00, 0x00, 0xe5, 0x00,
  0x00, 0x00, 0xe2, 0x00, 0x00, 0xe5, 0xee, 0xe0, 0x00, 0x00, 0x00, 0x00,
  0xe6, 0x00, 0x00, 0x00, 0x00, 0xe6, 0xec, 0x00, 0x00, 0x00, 0xec, 0x00,
  0x00, 0x00, 0xe7, 0x00, 0x00, 0x00, 0x00, 0xec, 0x00, 0xe7, 0x00, 0xe3,
  0x00, 0xe4, 0x00, 0x00, 0x00, 0x00, 0x00, 0x00, 0x00, 0x00, 0x00, 0xe6,
  0x00, 0x00, 0xd0, 0x00, 0xdd, 0xde, 0x00, 0x00, 0x00, 0x00, 0x00, 0xe5,
  0x00, 0x00, 0xdf, 0xde, 0x00, 0xdf, 0x00, 0xe0, 0x00, 0xed, 0x00, 0x00,
  0xdd, 0x00, 0xda, 0x00, 0xec, 0x00, 0xeb, 0xe7, 0x00, 0x00, 0xd1, 0x00,
  0x00, 0x00, 0x00, 0x00, 0x00, 0xe8, 0xd7, 0xdf, 0x00, 0x00, 0xe7, 0xe3,
  0x00, 0xd0, 0x00, 0x00, 0x00, 0xdc, 0xe5, 0x00, 0xe4, 0xde, 0xd7, 0xde,
  0x00, 0xe3, 0xd8, 0x00, 0x00, 0xd4, 0x00, 0x00, 0x00, 0xe8, 0xea, 0x00,
  0x00, 0xe1, 0xdb, 0x00, 0x00, 0xde, 0x00, 0x00, 0x00, 0x00, 0xc8, 0x00,
  0x00, 0xdc, 0xde, 0x00, 0x00, 0xc2, 0xe3, 0x00, 0x00, 0xea, 0xcd, 0x00,
  0x00, 0xcd, 0x00, 0xe0, 0x00, 0xd5, 0xd8, 0x00, 0x00, 0xd5, 0xd0, 0x00,
  0x00, 0xd8, 0x00, 0x00, 0x00, 0xc8, 0x00, 0x00, 0x00, 0x00, 0xd7, 0xe6,
  0x00, 0x00, 0xeb, 0x00, 0x00, 0xe2, 0x00, 0xe6, 0x00, 0x00, 0xe6, 0x00,
  0x00, 0x00, 0x00, 0xeb, 0x00, 0xd6, 0xe1, 0x00, 0x00, 0xdc, 0x00, 0x00,
  0x00, 0x00, 0x00, 0xea, 0x00, 0xe2, 0x00, 0x00, 0x00, 0xe5, 0x00, 0x00,
  0x00, 0xdf, 0x00, 0x00, 0x00, 0x00, 0x00, 0x00, 0x00, 0xd0, 0x00, 0x00,
  0x00, 0x00, 0x00, 0x00, 0x00, 0xd8, 0x00, 0x00, 0x00, 0x00, 0x19, 0x00,
  0x00, 0x00, 0x1d, 0x00, 0x00, 0xc4, 0x00, 0xe4, 0x00, 0x00, 0x00, 0x00,
  0x00, 0xcd, 0x00, 0x00, 0x00, 0x00, 0x1f, 0x00, 0x1b, 0x14, 0x00, 0x00,
  0x00, 0x16, 0x00, 0xe9, 0x00, 0xe2, 0x00, 0x00, 0x00, 0xdd, 0x29, 0x00,
  0x17, 0x00, 0x00, 0x00, 0x1d, 0xd1, 0x00, 0x18, 0x00, 0xde, 0x00, 0x00,
  0x00, 0x00, 0x00, 0x1d, 0x18, 0x00, 0x00, 0x20, 0x00, 0x00, 0x00, 0x00,
  0x00, 0xdd, 0x00, 0x15, 0x00, 0x00, 0x1c, 0x00, 0x1b, 0x00, 0xea, 0x00,
  0x00, 0xe5, 0x1b, 0x22, 0x00, 0x00, 0x00, 0x1f, 0x00, 0x00, 0x34, 0x00,
  0x00, 0x00, 0x21, 0x16, 0x00, 0x00, 0x00, 0x00, 0x1c, 0x00, 0x00, 0x00,
  0x00, 0x00, 0x20, 0x00, 0x21, 0x00, 0x15, 0x14, 0x22, 0x00, 0x30, 0x00,
  0xda, 0xfe, 0xff, 0xff, 0x04, 0x00, 0x00, 0x00, 0x70, 0x00, 0x00, 0x00,
  0xac, 0xff, 0xff, 0xff, 0xcd, 0xff, 0xff, 0xff, 0xa9, 0xff, 0xff, 0xff,
  0x5b, 0xff, 0xff, 0xff, 0x55, 0xff, 0xff, 0xff, 0xf6, 0xff, 0xff, 0xff,
  0x91, 0xff, 0xff, 0xff, 0xb3, 0xff, 0xff, 0xff, 0x66, 0xff, 0xff, 0xff,
  0x8f, 0xff, 0xff, 0xff, 0x6b, 0xff, 0xff, 0xff, 0x90, 0xff, 0xff, 0xff,
  0x7d, 0xff, 0xff, 0xff, 0xe5, 0xff, 0xff, 0xff, 0xd1, 0xff, 0xff, 0xff,
  0xf8, 0xff, 0xff, 0xff, 0xbb, 0x00, 0x00, 0x00, 0xa4, 0xff, 0xff, 0xff,
  0x73, 0xff, 0xff, 0xff, 0xdc, 0xff, 0xff, 0xff, 0x2a, 0x00, 0x00, 0x00,
  0xac, 0x00, 0x00, 0x00, 0x6a, 0x00, 0x00, 0x00, 0x49, 0x00, 0x00, 0x00,
  0x51, 0x00, 0x00, 0x00, 0x72, 0x00, 0x00, 0x00, 0x31, 0x00, 0x00, 0x00,
  0x71, 0x03, 0x00, 0x00, 0x56, 0xff, 0xff, 0xff, 0x04, 0x00, 0x00, 0x00,
  0x08, 0x00, 0x00, 0x00, 0xff, 0xff, 0xff, 0xff, 0xb0, 0x01, 0x00, 0x00,
  0x28, 0xeb, 0xff, 0xff, 0x2c, 0xeb, 0xff, 0xff, 0x0f, 0x00, 0x00, 0x00,
  0x4d, 0x4c, 0x49, 0x52, 0x20, 0x43, 0x6f, 0x6e, 0x76, 0x65, 0x72, 0x74,
  0x65, 0x64, 0x2e, 0x00, 0x01, 0x00, 0x00, 0x00, 0x14, 0x00, 0x00, 0x00,
  0x00, 0x00, 0x0e, 0x00, 0x18, 0x00, 0x14, 0x00, 0x10, 0x00, 0x0c, 0x00,
  0x08, 0x00, 0x04, 0x00, 0x0e, 0x00, 0x00, 0x00, 0x14, 0x00, 0x00, 0x00,
  0x1c, 0x00, 0x00, 0x00, 0x64, 0x02, 0x00, 0x00, 0x68, 0x02, 0x00, 0x00,
  0x6c, 0x02, 0x00, 0x00, 0x04, 0x00, 0x00, 0x00, 0x6d, 0x61, 0x69, 0x6e,
  0x00, 0x00, 0x00, 0x00, 0x08, 0x00, 0x00, 0x00, 0x00, 0x02, 0x00, 0x00,
  0x9c, 0x01, 0x00, 0x00, 0x4c, 0x01, 0x00, 0x00, 0x0c, 0x01, 0x00, 0x00,
  0xbc, 0x00, 0x00, 0x00, 0x94, 0x00, 0x00, 0x00, 0x50, 0x00, 0x00, 0x00,
  0x04, 0x00, 0x00, 0x00, 0x8e, 0xfe, 0xff, 0xff, 0x1c, 0x00, 0x00, 0x00,
  0x00, 0x00, 0x00, 0x09, 0x1c, 0x00, 0x00, 0x00, 0x20, 0x00, 0x00, 0x00,
  0x04, 0x00, 0x00, 0x00, 0x00, 0x00, 0x06, 0x00, 0x08, 0x00, 0x04, 0x00,
  0x06, 0x00, 0x00, 0x00, 0x00, 0x00, 0x80, 0x3f, 0x01, 0x00, 0x00, 0x00,
  0x13, 0x00, 0x00, 0x00, 0x01, 0x00, 0x00, 0x00, 0x12, 0x00, 0x00, 0x00,
  0x00, 0x00, 0x0e, 0x00, 0x18, 0x00, 0x14, 0x00, 0x10, 0x00, 0x0c, 0x00,
  0x0b, 0x00, 0x04, 0x00, 0x0e, 0x00, 0x00, 0x00, 0x14, 0x00, 0x00, 0x00,
  0x00, 0x00, 0x00, 0x08, 0x10, 0x00, 0x00, 0x00, 0x14, 0x00, 0x00, 0x00,
  0x03, 0x00, 0x00, 0x00, 0x04, 0xec, 0xff, 0xff, 0x01, 0x00, 0x00, 0x00,
  0x12, 0x00, 0x00, 0x00, 0x03, 0x00, 0x00, 0x00, 0x11, 0x00, 0x00, 0x00,
  0x03, 0x00, 0x00, 0x00, 0x02, 0x00, 0x00, 0x00, 0x00, 0x00, 0x0a, 0x00,
  0x10, 0x00, 0x0c, 0x00, 0x08, 0x00, 0x04, 0x00, 0x0a, 0x00, 0x00, 0x00,
  0x0c, 0x00, 0x00, 0x00, 0x10, 0x00, 0x00, 0x00, 0x02, 0x00, 0x00, 0x00,
  0x01, 0x00, 0x00, 0x00, 0x11, 0x00, 0x00, 0x00, 0x02, 0x00, 0x00, 0x00,
  0x10, 0x00, 0x00, 0x00, 0x01, 0x00, 0x00, 0x00, 0xda, 0xfe, 0xff, 0xff,
  0x1c, 0x00, 0x00, 0x00, 0x00, 0x00, 0x00, 0x01, 0x28, 0x00, 0x00, 0x00,
  0x2c, 0x00, 0x00, 0x00, 0x0c, 0x00, 0x14, 0x00, 0x13, 0x00, 0x0c, 0x00,
  0x08, 0x00, 0x07, 0x00, 0x0c, 0x00, 0x00, 0x00, 0x00, 0x00, 0x00, 0x01,
  0x01, 0x00, 0x00, 0x00, 0x01, 0x00, 0x00, 0x00, 0x00, 0x00, 0x00, 0x01,
  0x01, 0x00, 0x00, 0x00, 0x10, 0x00, 0x00, 0x00, 0x03, 0x00, 0x00, 0x00,
  0x0f, 0x00, 0x00, 0x00, 0x05, 0x00, 0x00, 0x00, 0x04, 0x00, 0x00, 0x00,
  0x26, 0xff, 0xff, 0xff, 0x10, 0x00, 0x00, 0x00, 0x00, 0x00, 0x00, 0x01,
  0x18, 0x00, 0x00, 0x00, 0x1c, 0x00, 0x00, 0x00, 0x18, 0xff, 0xff, 0xff,
  0x00, 0x00, 0x00, 0x01, 0x01, 0x00, 0x00, 0x00, 0x01, 0x00, 0x00, 0x00,
  0x01, 0x00, 0x00, 0x00, 0x0f, 0x00, 0x00, 0x00, 0x03, 0x00, 0x00, 0x00,
  0x0e, 0x00, 0x00, 0x00, 0x07, 0x00, 0x00, 0x00, 0x06, 0x00, 0x00, 0x00,
  0x62, 0xff, 0xff, 0xff, 0x10, 0x00, 0x00, 0x00, 0x00, 0x00, 0x00, 0x01,
  0x18, 0x00, 0x00, 0x00, 0x1c, 0x00, 0x00, 0x00, 0x54, 0xff, 0xff, 0xff,
  0x00, 0x00, 0x00, 0x01, 0x01, 0x00, 0x00, 0x00, 0x01, 0x00, 0x00, 0x00,
  0x01, 0x00, 0x00, 0x00, 0x0e, 0x00, 0x00, 0x00, 0x03, 0x00, 0x00, 0x00,
  0x0d, 0x00, 0x00, 0x00, 0x09, 0x00, 0x00, 0x00, 0x08, 0x00, 0x00, 0x00,
  0x00, 0x00, 0x0e, 0x00, 0x1a, 0x00, 0x14, 0x00, 0x10, 0x00, 0x0c, 0x00,
  0x0b, 0x00, 0x04, 0x00, 0x0e, 0x00, 0x00, 0x00, 0x24, 0x00, 0x00, 0x00,
  0x00, 0x00, 0x00, 0x05, 0x34, 0x00, 0x00, 0x00, 0x38, 0x00, 0x00, 0x00,
  0x01, 0x00, 0x00, 0x00, 0x00, 0x00, 0x0e, 0x00, 0x18, 0x00, 0x17, 0x00,
  0x10, 0x00, 0x0c, 0x00, 0x08, 0x00, 0x04, 0x00, 0x0e, 0x00, 0x00, 0x00,
  0x02, 0x00, 0x00, 0x00, 0x01, 0x00, 0x00, 0x00, 0x02, 0x00, 0x00, 0x00,
  0x01, 0x00, 0x00, 0x00, 0x00, 0x00, 0x00, 0x01, 0x01, 0x00, 0x00, 0x00,
  0x0d, 0x00, 0x00, 0x00, 0x01, 0x00, 0x00, 0x00, 0x0c, 0x00, 0x00, 0x00,
  0x00, 0x00, 0x0e, 0x00, 0x14, 0x00, 0x00, 0x00, 0x10, 0x00, 0x0c, 0x00,
  0x0b, 0x00, 0x04, 0x00, 0x0e, 0x00, 0x00, 0x00, 0x1c, 0x00, 0x00, 0x00,
  0x00, 0x00, 0x00, 0x01, 0x24, 0x00, 0x00, 0x00, 0x28, 0x00, 0x00, 0x00,
  0x0c, 0x00, 0x10, 0x00, 0x00, 0x00, 0x0c, 0x00, 0x08, 0x00, 0x07, 0x00,
  0x0c, 0x00, 0x00, 0x00, 0x00, 0x00, 0x00, 0x01, 0x01, 0x00, 0x00, 0x00,
  0x01, 0x00, 0x00, 0x00, 0x01, 0x00, 0x00, 0x00, 0x0c, 0x00, 0x00, 0x00,
  0x03, 0x00, 0x00, 0x00, 0x00, 0x00, 0x00, 0x00, 0x0b, 0x00, 0x00, 0x00,
  0x0a, 0x00, 0x00, 0x00, 0x01, 0x00, 0x00, 0x00, 0x13, 0x00, 0x00, 0x00,
  0x01, 0x00, 0x00, 0x00, 0x00, 0x00, 0x00, 0x00, 0x14, 0x00, 0x00, 0x00,
  0x5c, 0x12, 0x00, 0x00, 0x00, 0x12, 0x00, 0x00, 0x40, 0x10, 0x00, 0x00,
  0x94, 0x0e, 0x00, 0x00, 0xb0, 0x0d, 0x00, 0x00, 0x1c, 0x0d, 0x00, 0x00,
  0xa8, 0x0b, 0x00, 0x00, 0x84, 0x0a, 0x00, 0x00, 0x10, 0x09, 0x00, 0x00,
  0xec, 0x07, 0x00, 0x00, 0xa8, 0x06, 0x00, 0x00, 0xb4, 0x05, 0x00, 0x00,
  0xd0, 0x04, 0x00, 0x00, 0x3c, 0x04, 0x00, 0x00, 0x58, 0x03, 0x00, 0x00,
  0x74, 0x02, 0x00, 0x00, 0x90, 0x01, 0x00, 0x00, 0x14, 0x01, 0x00, 0x00,
  0x80, 0x00, 0x00, 0x00, 0x04, 0x00, 0x00, 0x00, 0x0a, 0xee, 0xff, 0xff,
  0x00, 0x00, 0x00, 0x01, 0x18, 0x00, 0x00, 0x00, 0x20, 0x00, 0x00, 0x00,
  0x3c, 0x00, 0x00, 0x00, 0x14, 0x00, 0x00, 0x00, 0x00, 0x00, 0x00, 0x09,
  0x50, 0x00, 0x00, 0x00, 0x02, 0x00, 0x00, 0x00, 0xff, 0xff, 0xff, 0xff,
  0x1c, 0x00, 0x00, 0x00, 0xec, 0xed, 0xff, 0xff, 0x08, 0x00, 0x00, 0x00,
  0x10, 0x00, 0x00, 0x00, 0x01, 0x00, 0x00, 0x00, 0x80, 0xff, 0xff, 0xff,
  0xff, 0xff, 0xff, 0xff, 0x01, 0x00, 0x00, 0x00, 0x00, 0x00, 0x80, 0x3b,
  0x19, 0x00, 0x00, 0x00, 0x53, 0x74, 0x61, 0x74, 0x65, 0x66, 0x75, 0x6c,
  0x50, 0x61, 0x72, 0x74, 0x69, 0x74, 0x69, 0x6f, 0x6e, 0x65, 0x64, 0x43,
  0x61, 0x6c, 0x6c, 0x3a, 0x30, 0x00, 0x00, 0x00, 0x02, 0x00, 0x00, 0x00,
  0x01, 0x00, 0x00, 0x00, 0x1c, 0x00, 0x00, 0x00, 0x82, 0xee, 0xff, 0xff,
  0x00, 0x00, 0x00, 0x01, 0x18, 0x00, 0x00, 0x00, 0x20, 0x00, 0x00, 0x00,
  0x40, 0x00, 0x00, 0x00, 0x13, 0x00, 0x00, 0x00, 0x00, 0x00, 0x00, 0x09,
  0x68, 0x00, 0x00, 0x00, 0x02, 0x00, 0x00, 0x00, 0xff, 0xff, 0xff, 0xff,
  0x1c, 0x00, 0x00, 0x00, 0x64, 0xee, 0xff, 0xff, 0x08, 0x00, 0x00, 0x00,
  0x14, 0x00, 0x00, 0x00, 0x01, 0x00, 0x00, 0x00, 0x5c, 0x00, 0x00, 0x00,
  0x00, 0x00, 0x00, 0x00, 0x00, 0x00, 0x00, 0x00, 0x01, 0x00, 0x00, 0x00,
  0xdf, 0x8e, 0xdd, 0x3e, 0x2e, 0x00, 0x00, 0x00, 0x73, 0x74, 0x75, 0x64,
  0x65, 0x6e, 0x74, 0x2f, 0x64, 0x65, 0x6e, 0x73, 0x65, 0x5f, 0x31, 0x2f,
  0x4d, 0x61, 0x74, 0x4d, 0x75, 0x6c, 0x3b, 0x73, 0x74, 0x75, 0x64, 0x65,
  0x6e, 0x74, 0x2f, 0x64, 0x65, 0x6e, 0x73, 0x65, 0x5f, 0x31, 0x2f, 0x42,
  0x69, 0x61, 0x73, 0x41, 0x64, 0x64, 0x00, 0x00, 0x02, 0x00, 0x00, 0x00,
  0x01, 0x00, 0x00, 0x00, 0x1c, 0x00, 0x00, 0x00, 0x12, 0xef, 0xff, 0xff,
  0x00, 0x00, 0x00, 0x01, 0x18, 0x00, 0x00, 0x00, 0x20, 0x00, 0x00, 0x00,
  0x3c, 0x00, 0x00, 0x00, 0x12, 0x00, 0x00, 0x00, 0x00, 0x00, 0x00, 0x09,
  0x50, 0x00, 0x00, 0x00, 0x02, 0x00, 0x00, 0x00, 0xff, 0xff, 0xff, 0xff,
  0xb0, 0x01, 0x00, 0x00, 0xf4, 0xee, 0xff, 0xff, 0x08, 0x00, 0x00, 0x00,
  0x10, 0x00, 0x00, 0x00, 0x01, 0x00, 0x00, 0x00, 0x80, 0xff, 0xff, 0xff,
  0xff, 0xff, 0xff, 0xff, 0x01, 0x00, 0x00, 0x00, 0x9a, 0xb9, 0xbe, 0x3d,
  0x19, 0x00, 0x00, 0x00, 0x73, 0x74, 0x75, 0x64, 0x65, 0x6e, 0x74, 0x2f,
  0x66, 0x6c, 0x61, 0x74, 0x74, 0x65, 0x6e, 0x5f, 0x31, 0x2f, 0x52, 0x65,
  0x73, 0x68, 0x61, 0x70, 0x65, 0x00, 0x00, 0x00, 0x02, 0x00, 0x00, 0x00,
  0x01, 0x00, 0x00, 0x00, 0xb0, 0x01, 0x00, 0x00, 0x8a, 0xef, 0xff, 0xff,
  0x00, 0x00, 0x00, 0x01, 0x18, 0x00, 0x00, 0x00, 0x28, 0x00, 0x00, 0x00,
  0x48, 0x00, 0x00, 0x00, 0x11, 0x00, 0x00, 0x00, 0x00, 0x00, 0x00, 0x09,
  0xb0, 0x00, 0x00, 0x00, 0x04, 0x00, 0x00, 0x00, 0xff, 0xff, 0xff, 0xff,
  0x6c, 0x00, 0x00, 0x00, 0x01, 0x00, 0x00, 0x00, 0x04, 0x00, 0x00, 0x00,
  0x74, 0xef, 0xff, 0xff, 0x08, 0x00, 0x00, 0x00, 0x14, 0x00, 0x00, 0x00,
  0x01, 0x00, 0x00, 0x00, 0x80, 0xff, 0xff, 0xff, 0xff, 0xff, 0xff, 0xff,
  0x00, 0x00, 0x00, 0x00, 0x01, 0x00, 0x00, 0x00, 0x9a, 0xb9, 0xbe, 0x3d,
  0x6f, 0x00, 0x00, 0x00, 0x73, 0x74, 0x75, 0x64, 0x65, 0x6e, 0x74, 0x2f,
  0x63, 0x6f, 0x6e, 0x76, 0x32, 0x64, 0x5f, 0x37, 0x2f, 0x52, 0x65, 0x6c,
  0x75, 0x3b, 0x73, 0x74, 0x75, 0x64, 0x65, 0x6e, 0x74, 0x2f, 0x63, 0x6f,
  0x6e, 0x76, 0x32, 0x64, 0x5f, 0x37, 0x2f, 0x42, 0x69, 0x61, 0x73, 0x41,
  0x64, 0x64, 0x3b, 0x73, 0x74, 0x75, 0x64, 0x65, 0x6e, 0x74, 0x2f, 0x63,
  0x6f, 0x6e, 0x76, 0x32, 0x64, 0x5f, 0x37, 0x2f, 0x43, 0x6f, 0x6e, 0x76,
  0x32, 0x44, 0x3b, 0x73, 0x74, 0x75, 0x64, 0x65, 0x6e, 0x74, 0x2f, 0x63,
  0x6f, 0x6e, 0x76, 0x32, 0x64, 0x5f, 0x37, 0x2f, 0x42, 0x69, 0x61, 0x73,
  0x41, 0x64, 0x64, 0x2f, 0x52, 0x65, 0x61, 0x64, 0x56, 0x61, 0x72, 0x69,
  0x61, 0x62, 0x6c, 0x65, 0x4f, 0x70, 0x31, 0x00, 0x04, 0x00, 0x00, 0x00,
  0x01, 0x00, 0x00, 0x00, 0x6c, 0x00, 0x00, 0x00, 0x01, 0x00, 0x00, 0x00,
  0x04, 0x00, 0x00, 0x00, 0x6a, 0xf0, 0xff, 0xff, 0x00, 0x00, 0x00, 0x01,
  0x18, 0x00, 0x00, 0x00, 0x28, 0x00, 0x00, 0x00, 0x48, 0x00, 0x00, 0x00,
  0x10, 0x00, 0x00, 0x00, 0x00, 0x00, 0x00, 0x09, 0xb0, 0x00, 0x00, 0x00,
  0x04, 0x00, 0x00, 0x00, 0xff, 0xff, 0xff, 0xff, 0x6c, 0x00, 0x00, 0x00,
  0x01, 0x00, 0x00, 0x00, 0x10, 0x00, 0x00, 0x00, 0x54, 0xf0, 0xff, 0xff,
  0x08, 0x00, 0x00, 0x00, 0x14, 0x00, 0x00, 0x00, 0x01, 0x00, 0x00, 0x00,
  0x80, 0xff, 0xff, 0xff, 0xff, 0xff, 0xff, 0xff, 0x00, 0x00, 0x00, 0x00,
  0x01, 0x00, 0x00, 0x00, 0x88, 0xbc, 0x12, 0x3e, 0x6f, 0x00, 0x00, 0x00,
  0x73, 0x74, 0x75, 0x64, 0x65, 0x6e, 0x74, 0x2f, 0x63, 0x6f, 0x6e, 0x76,
  0x32, 0x64, 0x5f, 0x36, 0x2f, 0x52, 0x65, 0x6c, 0x75, 0x3b, 0x73, 0x74,
  0x75, 0x64, 0x65, 0x6e, 0x74, 0x2f, 0x63, 0x6f, 0x6e, 0x76, 0x32, 0x64,
  0x5f, 0x36, 0x2f, 0x42, 0x69, 0x61, 0x73, 0x41, 0x64, 0x64, 0x3b, 0x73,
  0x74, 0x75, 0x64, 0x65, 0x6e, 0x74, 0x2f, 0x63, 0x6f, 0x6e, 0x76, 0x32,
  0x64, 0x5f, 0x36, 0x2f, 0x43, 0x6f, 0x6e, 0x76, 0x32, 0x44, 0x3b, 0x73,
  0x74, 0x75, 0x64, 0x65, 0x6e, 0x74, 0x2f, 0x63, 0x6f, 0x6e, 0x76, 0x32,
  0x64, 0x5f, 0x36, 0x2f, 0x42, 0x69, 0x61, 0x73, 0x41, 0x64, 0x64, 0x2f,
  0x52, 0x65, 0x61, 0x64, 0x56, 0x61, 0x72, 0x69, 0x61, 0x62, 0x6c, 0x65,
  0x4f, 0x70, 0x31, 0x00, 0x04, 0x00, 0x00, 0x00, 0x01, 0x00, 0x00, 0x00,
  0x6c, 0x00, 0x00, 0x00, 0x01, 0x00, 0x00, 0x00, 0x10, 0x00, 0x00, 0x00,
  0x4a, 0xf1, 0xff, 0xff, 0x00, 0x00, 0x00, 0x01, 0x18, 0x00, 0x00, 0x00,
  0x28, 0x00, 0x00, 0x00, 0x48, 0x00, 0x00, 0x00, 0x0f, 0x00, 0x00, 0x00,
  0x00, 0x00, 0x00, 0x09, 0xb0, 0x00, 0x00, 0x00, 0x04, 0x00, 0x00, 0x00,
  0xff, 0xff, 0xff, 0xff, 0x6c, 0x00, 0x00, 0x00, 0x01, 0x00, 0x00, 0x00,
  0x10, 0x00, 0x00, 0x00, 0x34, 0xf1, 0xff, 0xff, 0x08, 0x00, 0x00, 0x00,
  0x14, 0x00, 0x00, 0x00, 0x01, 0x00, 0x00, 0x00, 0x80, 0xff, 0xff, 0xff,
  0xff, 0xff, 0xff, 0xff, 0x00, 0x00, 0x00, 0x00, 0x01, 0x00, 0x00, 0x00,
  0xeb, 0xa6, 0x7d, 0x3d, 0x6f, 0x00, 0x00, 0x00, 0x73, 0x74, 0x75, 0x64,
  0x65, 0x6e, 0x74, 0x2f, 0x63, 0x6f, 0x6e, 0x76, 0x32, 0x64, 0x5f, 0x35,
  0x2f, 0x52, 0x65, 0x6c, 0x75, 0x3b, 0x73, 0x74, 0x75, 0x64, 0x65, 0x6e,
  0x74, 0x2f, 0x63, 0x6f, 0x6e, 0x76, 0x32, 0x64, 0x5f, 0x35, 0x2f, 0x42,
  0x69, 0x61, 0x73, 0x41, 0x64, 0x64, 0x3b, 0x73, 0x74, 0x75, 0x64, 0x65,
  0x6e, 0x74, 0x2f, 0x63, 0x6f, 0x6e, 0x76, 0x32, 0x64, 0x5f, 0x35, 0x2f,
  0x43, 0x6f, 0x6e, 0x76, 0x32, 0x44, 0x3b, 0x73, 0x74, 0x75, 0x64, 0x65,
  0x6e, 0x74, 0x2f, 0x63, 0x6f, 0x6e, 0x76, 0x32, 0x64, 0x5f, 0x35, 0x2f,
  0x42, 0x69, 0x61, 0x73, 0x41, 0x64, 0x64, 0x2f, 0x52, 0x65, 0x61, 0x64,
  0x56, 0x61, 0x72, 0x69, 0x61, 0x62, 0x6c, 0x65, 0x4f, 0x70, 0x31, 0x00,
  0x04, 0x00, 0x00, 0x00, 0x01, 0x00, 0x00, 0x00, 0x6c, 0x00, 0x00, 0x00,
  0x01, 0x00, 0x00, 0x00, 0x10, 0x00, 0x00, 0x00, 0x2a, 0xf2, 0xff, 0xff,
  0x00, 0x00, 0x00, 0x01, 0x18, 0x00, 0x00, 0x00, 0x28, 0x00, 0x00, 0x00,
  0x48, 0x00, 0x00, 0x00, 0x0e, 0x00, 0x00, 0x00, 0x00, 0x00, 0x00, 0x09,
  0x60, 0x00, 0x00, 0x00, 0x04, 0x00, 0x00, 0x00, 0xff, 0xff, 0xff, 0xff,
  0x6c, 0x00, 0x00, 0x00, 0x01, 0x00, 0x00, 0x00, 0x0c, 0x00, 0x00, 0x00,
  0x14, 0xf2, 0xff, 0xff, 0x08, 0x00, 0x00, 0x00, 0x14, 0x00, 0x00, 0x00,
  0x01, 0x00, 0x00, 0x00, 0x80, 0xff, 0xff, 0xff, 0xff, 0xff, 0xff, 0xff,
  0x00, 0x00, 0x00, 0x00, 0x01, 0x00, 0x00, 0x00, 0xbd, 0x3c, 0xa4, 0x3c,
  0x1f, 0x00, 0x00, 0x00, 0x73, 0x74, 0x75, 0x64, 0x65, 0x6e, 0x74, 0x2f,
  0x6d, 0x61, 0x78, 0x5f, 0x70, 0x6f, 0x6f, 0x6c, 0x69, 0x6e, 0x67, 0x32,
  0x64, 0x5f, 0x31, 0x2f, 0x4d, 0x61, 0x78, 0x50, 0x6f, 0x6f, 0x6c, 0x00,
  0x04, 0x00, 0x00, 0x00, 0x01, 0x00, 0x00, 0x00, 0x6c, 0x00, 0x00, 0x00,
  0x01, 0x00, 0x00, 0x00, 0x0c, 0x00, 0x00, 0x00, 0xba, 0xf2, 0xff, 0xff,
  0x00, 0x00, 0x00, 0x01, 0x18, 0x00, 0x00, 0x00, 0x28, 0x00, 0x00, 0x00,
  0x48, 0x00, 0x00, 0x00, 0x0d, 0x00, 0x00, 0x00, 0x00, 0x00, 0x00, 0x09,
  0xb0, 0x00, 0x00, 0x00, 0x04, 0x00, 0x00, 0x00, 0xff, 0xff, 0xff, 0xff,
  0xd9, 0x00, 0x00, 0x00, 0x01, 0x00, 0x00, 0x00, 0x0c, 0x00, 0x00, 0x00,
  0xa4, 0xf2, 0xff, 0xff, 0x08, 0x00, 0x00, 0x00, 0x14, 0x00, 0x00, 0x00,
  0x01, 0x00, 0x00, 0x00, 0x80, 0xff, 0xff, 0xff, 0xff, 0xff, 0xff, 0xff,
  0x00, 0x00, 0x00, 0x00, 0x01, 0x00, 0x00, 0x00, 0xbd, 0x3c, 0xa4, 0x3c,
  0x6f, 0x00, 0x00, 0x00, 0x73, 0x74, 0x75, 0x64, 0x65, 0x6e, 0x74, 0x2f,
  0x63, 0x6f, 0x6e, 0x76, 0x32, 0x64, 0x5f, 0x34, 0x2f, 0x52, 0x65, 0x6c,
  0x75, 0x3b, 0x73, 0x74, 0x75, 0x64, 0x65, 0x6e, 0x74, 0x2f, 0x63, 0x6f,
  0x6e, 0x76, 0x32, 0x64, 0x5f, 0x34, 0x2f, 0x42, 0x69, 0x61, 0x73, 0x41,
  0x64, 0x64, 0x3b, 0x73, 0x74, 0x75, 0x64, 0x65, 0x6e, 0x74, 0x2f, 0x63,
  0x6f, 0x6e, 0x76, 0x32, 0x64, 0x5f, 0x34, 0x2f, 0x43, 0x6f, 0x6e, 0x76,
  0x32, 0x44, 0x3b, 0x73, 0x74, 0x75, 0x64, 0x65, 0x6e, 0x74, 0x2f, 0x63,
  0x6f, 0x6e, 0x76, 0x32, 0x64, 0x5f, 0x34, 0x2f, 0x42, 0x69, 0x61, 0x73,
  0x41, 0x64, 0x64, 0x2f, 0x52, 0x65, 0x61, 0x64, 0x56, 0x61, 0x72, 0x69,
  0x61, 0x62, 0x6c, 0x65, 0x4f, 0x70, 0x31, 0x00, 0x04, 0x00, 0x00, 0x00,
  0x01, 0x00, 0x00, 0x00, 0xd9, 0x00, 0x00, 0x00, 0x01, 0x00, 0x00, 0x00,
  0x0c, 0x00, 0x00, 0x00, 0xf2, 0xf3, 0xff, 0xff, 0x00, 0x00, 0x00, 0x01,
  0x14, 0x00, 0x00, 0x00, 0xb4, 0x00, 0x00, 0x00, 0x0c, 0x00, 0x00, 0x00,
  0x00, 0x00, 0x00, 0x09, 0xc4, 0x00, 0x00, 0x00, 0x6c, 0xf3, 0xff, 0xff,
  0x08, 0x00, 0x00, 0x00, 0x68, 0x00, 0x00, 0x00, 0x0c, 0x00, 0x00, 0x00,
  0x00, 0x00, 0x00, 0x00, 0x00, 0x00, 0x00, 0x00, 0x00, 0x00, 0x00, 0x00,
  0x00, 0x00, 0x00, 0x00, 0x00, 0x00, 0x00, 0x00, 0x00, 0x00, 0x00, 0x00,
  0x00, 0x00, 0x00, 0x00, 0x00, 0x00, 0x00, 0x00, 0x00, 0x00, 0x00, 0x00,
  0x00, 0x00, 0x00, 0x00, 0x00, 0x00, 0x00, 0x00, 0x00, 0x00, 0x00, 0x00,
  0x00, 0x00, 0x00, 0x00, 0x00, 0x00, 0x00, 0x00, 0x00, 0x00, 0x00, 0x00,
  0x00, 0x00, 0x00, 0x00, 0x00, 0x00, 0x00, 0x00, 0x00, 0x00, 0x00, 0x00,
  0x00, 0x00, 0x00, 0x00, 0x00, 0x00, 0x00, 0x00, 0x00, 0x00, 0x00, 0x00,
  0x00, 0x00, 0x00, 0x00, 0x00, 0x00, 0x00, 0x00, 0x00, 0x00, 0x00, 0x00,
  0x0c, 0x00, 0x00, 0x00, 0xb4, 0xe6, 0x50, 0x3b, 0x2d, 0xb3, 0x1d, 0x3b,
  0xa7, 0x4a, 0x28, 0x3b, 0x7e, 0xff, 0x2e, 0x3b, 0x99, 0x87, 0x17, 0x3b,
  0xe5, 0x33, 0x75, 0x3b, 0x60, 0x1d, 0x5a, 0x3b, 0x31, 0x3a, 0xa0, 0x3b,
  0xf3, 0x51, 0x75, 0x3b, 0x4c, 0x6e, 0x0e, 0x3b, 0x0a, 0xc5, 0x87, 0x3b,
  0x78, 0x2b, 0x44, 0x3b, 0x17, 0x00, 0x00, 0x00, 0x73, 0x74, 0x75, 0x64,
  0x65, 0x6e, 0x74, 0x2f, 0x63, 0x6f, 0x6e, 0x76, 0x32, 0x64, 0x5f, 0x34,
  0x2f, 0x43, 0x6f, 0x6e, 0x76, 0x32, 0x44, 0x00, 0x04, 0x00, 0x00, 0x00,
  0x0c, 0x00, 0x00, 0x00, 0x15, 0x00, 0x00, 0x00, 0x01, 0x00, 0x00, 0x00,
  0x01, 0x00, 0x00, 0x00, 0xe2, 0xf4, 0xff, 0xff, 0x00, 0x00, 0x00, 0x01,
  0x14, 0x00, 0x00, 0x00, 0xb8, 0x00, 0x00, 0x00, 0x0b, 0x00, 0x00, 0x00,
  0x00, 0x00, 0x00, 0x02, 0x20, 0x01, 0x00, 0x00, 0x5c, 0xf4, 0xff, 0xff,
  0x08, 0x00, 0x00, 0x00, 0x6c, 0x00, 0x00, 0x00, 0x0c, 0x00, 0x00, 0x00,
  0x00, 0x00, 0x00, 0x00, 0x00, 0x00, 0x00, 0x00, 0x00, 0x00, 0x00, 0x00,
  0x00, 0x00, 0x00, 0x00, 0x00, 0x00, 0x00, 0x00, 0x00, 0x00, 0x00, 0x00,
  0x00, 0x00, 0x00, 0x00, 0x00, 0x00, 0x00, 0x00, 0x00, 0x00, 0x00, 0x00,
  0x00, 0x00, 0x00, 0x00, 0x00, 0x00, 0x00, 0x00, 0x00, 0x00, 0x00, 0x00,
  0x00, 0x00, 0x00, 0x00, 0x00, 0x00, 0x00, 0x00, 0x00, 0x00, 0x00, 0x00,
  0x00, 0x00, 0x00, 0x00, 0x00, 0x00, 0x00, 0x00, 0x00, 0x00, 0x00, 0x00,
  0x00, 0x00, 0x00, 0x00, 0x00, 0x00, 0x00, 0x00, 0x00, 0x00, 0x00, 0x00,
  0x00, 0x00, 0x00, 0x00, 0x00, 0x00, 0x00, 0x00, 0x00, 0x00, 0x00, 0x00,
  0x00, 0x00, 0x00, 0x00, 0x0c, 0x00, 0x00, 0x00, 0x40, 0xb2, 0xf6, 0x38,
  0x44, 0x3b, 0xba, 0x38, 0x4f, 0xbd, 0xc6, 0x38, 0xc4, 0xa8, 0xce, 0x38,
  0xe7, 0xf1, 0xb2, 0x38, 0x66, 0xc8, 0x10, 0x39, 0xd4, 0xc9, 0x00, 0x39,
  0x57, 0x37, 0x3d, 0x39, 0x25, 0xda, 0x10, 0x39, 0x2d, 0x33, 0xa8, 0x38,
  0x66, 0x55, 0x20, 0x39, 0x58, 0xa9, 0xe7, 0x38, 0x6e, 0x00, 0x00, 0x00,
  0x73, 0x74, 0x75, 0x64, 0x65, 0x6e, 0x74, 0x2f, 0x63, 0x6f, 0x6e, 0x76,
  0x32, 0x64, 0x5f, 0x34, 0x2f, 0x52, 0x65, 0x6c, 0x75, 0x3b, 0x73, 0x74,
  0x75, 0x64, 0x65, 0x6e, 0x74, 0x2f, 0x63, 0x6f, 0x6e, 0x76, 0x32, 0x64,
  0x5f, 0x34, 0x2f, 0x42, 0x69, 0x61, 0x73, 0x41, 0x64, 0x64, 0x3b, 0x73,
  0x74, 0x75, 0x64, 0x65, 0x6e, 0x74, 0x2f, 0x63, 0x6f, 0x6e, 0x76, 0x32,
  0x64, 0x5f, 0x34, 0x2f, 0x43, 0x6f, 0x6e, 0x76, 0x32, 0x44, 0x3b, 0x73,
  0x74, 0x75, 0x64, 0x65, 0x6e, 0x74, 0x2f, 0x63, 0x6f, 0x6e, 0x76, 0x32,
  0x64, 0x5f, 0x34, 0x2f, 0x42, 0x69, 0x61, 0x73, 0x41, 0x64, 0x64, 0x2f,
  0x52, 0x65, 0x61, 0x64, 0x56, 0x61, 0x72, 0x69, 0x61, 0x62, 0x6c, 0x65,
  0x4f, 0x70, 0x00, 0x00, 0x01, 0x00, 0x00, 0x00, 0x0c, 0x00, 0x00, 0x00,
  0x22, 0xf6, 0xff, 0xff, 0x00, 0x00, 0x00, 0x01, 0x14, 0x00, 0x00, 0x00,
  0xe4, 0x00, 0x00, 0x00, 0x0a, 0x00, 0x00, 0x00, 0x00, 0x00, 0x00, 0x09,
  0xf4, 0x00, 0x00, 0x00, 0x9c, 0xf5, 0xff, 0xff, 0x08, 0x00, 0x00, 0x00,
  0x88, 0x00, 0x00, 0x00, 0x10, 0x00, 0x00, 0x00, 0x00, 0x00, 0x00, 0x00,
  0x00, 0x00, 0x00, 0x00, 0x00, 0x00, 0x00, 0x00, 0x00, 0x00, 0x00, 0x00,
  0x00, 0x00, 0x00, 0x00, 0x00, 0x00, 0x00, 0x00, 0x00, 0x00, 0x00, 0x00,
  0x00, 0x00, 0x00, 0x00, 0x00, 0x00, 0x00, 0x00, 0x00, 0x00, 0x00, 0x00,
  0x00, 0x00, 0x00, 0x00, 0x00, 0x00, 0x00, 0x00, 0x00, 0x00, 0x00, 0x00,
  0x00, 0x00, 0x00, 0x00, 0x00, 0x00, 0x00, 0x00, 0x00, 0x00, 0x00, 0x00,
  0x00, 0x00, 0x00, 0x00, 0x00, 0x00, 0x00, 0x00, 0x00, 0x00, 0x00, 0x00,
  0x00, 0x00, 0x00, 0x00, 0x00, 0x00, 0x00, 0x00, 0x00, 0x00, 0x00, 0x00,
  0x00, 0x00, 0x00, 0x00, 0x00, 0x00, 0x00, 0x00, 0x00, 0x00, 0x00, 0x00,
  0x00, 0x00, 0x00, 0x00, 0x00, 0x00, 0x00, 0x00, 0x00, 0x00, 0x00, 0x00,
  0x00, 0x00, 0x00, 0x00, 0x00, 0x00, 0x00, 0x00, 0x00, 0x00, 0x00, 0x00,
  0x00, 0x00, 0x00, 0x00, 0x10, 0x00, 0x00, 0x00, 0x58, 0x74, 0x64, 0x3b,
  0xa0, 0xde, 0x5c, 0x3b, 0x8e, 0xbc, 0x83, 0x3b, 0xb8, 0x71, 0x6b, 0x3b,
  0xc5, 0x3b, 0x87, 0x3b, 0xe6, 0x25, 0x91, 0x3b, 0xa0, 0x8e, 0x71, 0x3b,
  0x89, 0x97, 0x81, 0x3b, 0xf6, 0xf5, 0x7d, 0x3b, 0x89, 0xe8, 0xa7, 0x3a,
  0x71, 0x02, 0x68, 0x3b, 0x12, 0xcc, 0x98, 0x3b, 0x82, 0xf9, 0x80, 0x3b,
  0xb4, 0x1d, 0xd4, 0x3b, 0x1a, 0x28, 0x80, 0x3b, 0x8b, 0x30, 0x86, 0x3b,
  0x17, 0x00, 0x00, 0x00, 0x73, 0x74, 0x75, 0x64, 0x65, 0x6e, 0x74, 0x2f,
  0x63, 0x6f, 0x6e, 0x76, 0x32, 0x64, 0x5f, 0x35, 0x2f, 0x43, 0x6f, 0x6e,
  0x76, 0x32, 0x44, 0x00, 0x04, 0x00, 0x00, 0x00, 0x10, 0x00, 0x00, 0x00,
  0x15, 0x00, 0x00, 0x00, 0x01, 0x00, 0x00, 0x00, 0x0c, 0x00, 0x00, 0x00,
  0x42, 0xf7, 0xff, 0xff, 0x00, 0x00, 0x00, 0x01, 0x14, 0x00, 0x00, 0x00,
  0xe8, 0x00, 0x00, 0x00, 0x09, 0x00, 0x00, 0x00, 0x00, 0x00, 0x00, 0x02,
  0x50, 0x01, 0x00, 0x00, 0xbc, 0xf6, 0xff, 0xff, 0x08, 0x00, 0x00, 0x00,
  0x8c, 0x00, 0x00, 0x00, 0x10, 0x00, 0x00, 0x00, 0x00, 0x00, 0x00, 0x00,
  0x00, 0x00, 0x00, 0x00, 0x00, 0x00, 0x00, 0x00, 0x00, 0x00, 0x00, 0x00,
  0x00, 0x00, 0x00, 0x00, 0x00, 0x00, 0x00, 0x00, 0x00, 0x00, 0x00, 0x00,
  0x00, 0x00, 0x00, 0x00, 0x00, 0x00, 0x00, 0x00, 0x00, 0x00, 0x00, 0x00,
  0x00, 0x00, 0x00, 0x00, 0x00, 0x00, 0x00, 0x00, 0x00, 0x00, 0x00, 0x00,
  0x00, 0x00, 0x00, 0x00, 0x00, 0x00, 0x00, 0x00, 0x00, 0x00, 0x00, 0x00,
  0x00, 0x00, 0x00, 0x00, 0x00, 0x00, 0x00, 0x00, 0x00, 0x00, 0x00, 0x00,
  0x00, 0x00, 0x00, 0x00, 0x00, 0x00, 0x00, 0x00, 0x00, 0x00, 0x00, 0x00,
  0x00, 0x00, 0x00, 0x00, 0x00, 0x00, 0x00, 0x00, 0x00, 0x00, 0x00, 0x00,
  0x00, 0x00, 0x00, 0x00, 0x00, 0x00, 0x00, 0x00, 0x00, 0x00, 0x00, 0x00,
  0x00, 0x00, 0x00, 0x00, 0x00, 0x00, 0x00, 0x00, 0x00, 0x00, 0x00, 0x00,
  0x00, 0x00, 0x00, 0x00, 0x00, 0x00, 0x00, 0x00, 0x10, 0x00, 0x00, 0x00,
  0xbc, 0x90, 0x92, 0x38, 0x06, 0xb3, 0x8d, 0x38, 0x19, 0x08, 0xa9, 0x38,
  0xb6, 0x0c, 0x97, 0x38, 0xc0, 0x84, 0xad, 0x38, 0x6f, 0x3d, 0xba, 0x38,
  0xae, 0xf8, 0x9a, 0x38, 0xa6, 0x47, 0xa6, 0x38, 0xd3, 0xed, 0xa2, 0x38,
  0x9c, 0x71, 0xd7, 0x37, 0x9c, 0xd8, 0x94, 0x38, 0xf8, 0x0d, 0xc4, 0x38,
  0xe2, 0x7c, 0xa5, 0x38, 0x5b, 0x15, 0x08, 0x39, 0x31, 0x70, 0xa4, 0x38,
  0xdf, 0x2d, 0xac, 0x38, 0x6e, 0x00, 0x00, 0x00, 0x73, 0x74, 0x75, 0x64,
  0x65, 0x6e, 0x74, 0x2f, 0x63, 0x6f, 0x6e, 0x76, 0x32, 0x64, 0x5f, 0x35,
  0x2f, 0x52, 0x65, 0x6c, 0x75, 0x3b, 0x73, 0x74, 0x75, 0x64, 0x65, 0x6e,
  0x74, 0x2f, 0x63, 0x6f, 0x6e, 0x76, 0x32, 0x64, 0x5f, 0x35, 0x2f, 0x42,
  0x69, 0x61, 0x73, 0x41, 0x64, 0x64, 0x3b, 0x73, 0x74, 0x75, 0x64, 0x65,
  0x6e, 0x74, 0x2f, 0x63, 0x6f, 0x6e, 0x76, 0x32, 0x64, 0x5f, 0x35, 0x2f,
  0x43, 0x6f, 0x6e, 0x76, 0x32, 0x44, 0x3b, 0x73, 0x74, 0x75, 0x64, 0x65,
  0x6e, 0x74, 0x2f, 0x63, 0x6f, 0x6e, 0x76, 0x32, 0x64, 0x5f, 0x35, 0x2f,
  0x42, 0x69, 0x61, 0x73, 0x41, 0x64, 0x64, 0x2f, 0x52, 0x65, 0x61, 0x64,
  0x56, 0x61, 0x72, 0x69, 0x61, 0x62, 0x6c, 0x65, 0x4f, 0x70, 0x00, 0x00,
  0x01, 0x00, 0x00, 0x00, 0x10, 0x00, 0x00, 0x00, 0xb2, 0xf8, 0xff, 0xff,
  0x00, 0x00, 0x00, 0x01, 0x14, 0x00, 0x00, 0x00, 0xe4, 0x00, 0x00, 0x00,
  0x08, 0x00, 0x00, 0x00, 0x00, 0x00, 0x00, 0x09, 0xf4, 0x00, 0x00, 0x00,
  0x2c, 0xf8, 0xff, 0xff, 0x08, 0x00, 0x00, 0x00, 0x88, 0x00, 0x00, 0x00,
  0x10, 0x00, 0x00, 0x00, 0x00, 0x00, 0x00, 0x00, 0x00, 0x00, 0x00, 0x00,
  0x00, 0x00, 0x00, 0x00, 0x00, 0x00, 0x00, 0x00, 0x00, 0x00, 0x00, 0x00,
  0x00, 0x00, 0x00, 0x00, 0x00, 0x00, 0x00, 0x00, 0x00, 0x00, 0x00, 0x00,
  0x00, 0x00, 0x00, 0x00, 0x00, 0x00, 0x00, 0x00, 0x00, 0x00, 0x00, 0x00,
  0x00, 0x00, 0x00, 0x00, 0x00, 0x00, 0x00, 0x00, 0x00, 0x00, 0x00, 0x00,
  0x00, 0x00, 0x00, 0x00, 0x00, 0x00, 0x00, 0x00, 0x00, 0x00, 0x00, 0x00,
  0x00, 0x00, 0x00, 0x00, 0x00, 0x00, 0x00, 0x00, 0x00, 0x00, 0x00, 0x00,
  0x00, 0x00, 0x00, 0x00, 0x00, 0x00, 0x00, 0x00, 0x00, 0x00, 0x00, 0x00,
  0x00, 0x00, 0x00, 0x00, 0x00, 0x00, 0x00, 0x00, 0x00, 0x00, 0x00, 0x00,
  0x00, 0x00, 0x00, 0x00, 0x00, 0x00, 0x00, 0x00, 0x00, 0x00, 0x00, 0x00,
  0x00, 0x00, 0x00, 0x00, 0x00, 0x00, 0x00, 0x00, 0x00, 0x00, 0x00, 0x00,
  0x10, 0x00, 0x00, 0x00, 0xe0, 0x04, 0x99, 0x3b, 0x03, 0xed, 0x88, 0x3b,
  0xd4, 0xac, 0x73, 0x3b, 0xb9, 0x1e, 0x77, 0x3b, 0x77, 0x1a, 0xac, 0x3b,
  0x7c, 0x9b, 0x89, 0x3b, 0xd8, 0xc7, 0xb3, 0x3b, 0x84, 0xd2, 0x83, 0x3b,
  0xbe, 0xa1, 0x8d, 0x3b, 0x8a, 0x75, 0x8d, 0x3b, 0xd2, 0xa5, 0x73, 0x3b,
  0xa7, 0xeb, 0x89, 0x3b, 0xf6, 0xe1, 0x71, 0x3b, 0xe8, 0x69, 0x65, 0x3b,
  0x5e, 0xb7, 0x52, 0x3b, 0x8d, 0x74, 0x53, 0x3b, 0x17, 0x00, 0x00, 0x00,
  0x73, 0x74, 0x75, 0x64, 0x65, 0x6e, 0x74, 0x2f, 0x63, 0x6f, 0x6e, 0x76,
  0x32, 0x64, 0x5f, 0x36, 0x2f, 0x43, 0x6f, 0x6e, 0x76, 0x32, 0x44, 0x00,
  0x04, 0x00, 0x00, 0x00, 0x10, 0x00, 0x00, 0x00, 0x15, 0x00, 0x00, 0x00,
  0x01, 0x00, 0x00, 0x00, 0x10, 0x00, 0x00, 0x00, 0xd2, 0xf9, 0xff, 0xff,
  0x00, 0x00, 0x00, 0x01, 0x14, 0x00, 0x00, 0x00, 0xe8, 0x00, 0x00, 0x00,
  0x07, 0x00, 0x00, 0x00, 0x00, 0x00, 0x00, 0x02, 0x50, 0x01, 0x00, 0x00,
  0x4c, 0xf9, 0xff, 0xff, 0x08, 0x00, 0x00, 0x00, 0x8c, 0x00, 0x00, 0x00,
  0x10, 0x00, 0x00, 0x00, 0x00, 0x00, 0x00, 0x00, 0x00, 0x00, 0x00, 0x00,
  0x00, 0x00, 0x00, 0x00, 0x00, 0x00, 0x00, 0x00, 0x00, 0x00, 0x00, 0x00,
  0x00, 0x00, 0x00, 0x00, 0x00, 0x00, 0x00, 0x00, 0x00, 0x00, 0x00, 0x00,
  0x00, 0x00, 0x00, 0x00, 0x00, 0x00, 0x00, 0x00, 0x00, 0x00, 0x00, 0x00,
  0x00, 0x00, 0x00, 0x00, 0x00, 0x00, 0x00, 0x00, 0x00, 0x00, 0x00, 0x00,
  0x00, 0x00, 0x00, 0x00, 0x00, 0x00, 0x00, 0x00, 0x00, 0x00, 0x00, 0x00,
  0x00, 0x00, 0x00, 0x00, 0x00, 0x00, 0x00, 0x00, 0x00, 0x00, 0x00, 0x00,
  0x00, 0x00, 0x00, 0x00, 0x00, 0x00, 0x00, 0x00, 0x00, 0x00, 0x00, 0x00,
  0x00, 0x00, 0x00, 0x00, 0x00, 0x00, 0x00, 0x00, 0x00, 0x00, 0x00, 0x00,
  0x00, 0x00, 0x00, 0x00, 0x00, 0x00, 0x00, 0x00, 0x00, 0x00, 0x00, 0x00,
  0x00, 0x00, 0x00, 0x00, 0x00, 0x00, 0x00, 0x00, 0x00, 0x00, 0x00, 0x00,
  0x00, 0x00, 0x00, 0x00, 0x10, 0x00, 0x00, 0x00, 0x97, 0x9d, 0x97, 0x39,
  0x83, 0xab, 0x87, 0x39, 0xaf, 0x70, 0x71, 0x39, 0x7e, 0xda, 0x74, 0x39,
  0x5f, 0x86, 0xaa, 0x39, 0x63, 0x58, 0x88, 0x39, 0xb9, 0x21, 0xb2, 0x39,
  0x00, 0x9d, 0x82, 0x39, 0x32, 0x55, 0x8c, 0x39, 0x65, 0x29, 0x8c, 0x39,
  0xbe, 0x69, 0x71, 0x39, 0xd1, 0xa7, 0x88, 0x39, 0x07, 0xaa, 0x6f, 0x39,
  0x40, 0x4f, 0x63, 0x39, 0x9c, 0xc8, 0x50, 0x39, 0x0f, 0x84, 0x51, 0x39,
  0x6e, 0x00, 0x00, 0x00, 0x73, 0x74, 0x75, 0x64, 0x65, 0x6e, 0x74, 0x2f,
  0x63, 0x6f, 0x6e, 0x76, 0x32, 0x64, 0x5f, 0x36, 0x2f, 0x52, 0x65, 0x6c,
  0x75, 0x3b, 0x73, 0x74, 0x75, 0x64, 0x65, 0x6e, 0x74, 0x2f, 0x63, 0x6f,
  0x6e, 0x76, 0x32, 0x64, 0x5f, 0x36, 0x2f, 0x42, 0x69, 0x61, 0x73, 0x41,
  0x64, 0x64, 0x3b, 0x73, 0x74, 0x75, 0x64, 0x65, 0x6e, 0x74, 0x2f, 0x63,
  0x6f, 0x6e, 0x76, 0x32, 0x64, 0x5f, 0x36, 0x2f, 0x43, 0x6f, 0x6e, 0x76,
  0x32, 0x44, 0x3b, 0x73, 0x74, 0x75, 0x64, 0x65, 0x6e, 0x74, 0x2f, 0x63,
  0x6f, 0x6e, 0x76, 0x32, 0x64, 0x5f, 0x36, 0x2f, 0x42, 0x69, 0x61, 0x73,
  0x41, 0x64, 0x64, 0x2f, 0x52, 0x65, 0x61, 0x64, 0x56, 0x61, 0x72, 0x69,
  0x61, 0x62, 0x6c, 0x65, 0x4f, 0x70, 0x00, 0x00, 0x01, 0x00, 0x00, 0x00,
  0x10, 0x00, 0x00, 0x00, 0x42, 0xfb, 0xff, 0xff, 0x00, 0x00, 0x00, 0x01,
  0x14, 0x00, 0x00, 0x00, 0x54, 0x00, 0x00, 0x00, 0x06, 0x00, 0x00, 0x00,
  0x00, 0x00, 0x00, 0x09, 0x64, 0x00, 0x00, 0x00, 0xbc, 0xfa, 0xff, 0xff,
  0x08, 0x00, 0x00, 0x00, 0x28, 0x00, 0x00, 0x00, 0x04, 0x00, 0x00, 0x00,
  0x00, 0x00, 0x00, 0x00, 0x00, 0x00, 0x00, 0x00, 0x00, 0x00, 0x00, 0x00,
  0x00, 0x00, 0x00, 0x00, 0x00, 0x00, 0x00, 0x00, 0x00, 0x00, 0x00, 0x00,
  0x00, 0x00, 0x00, 0x00, 0x00, 0x00, 0x00, 0x00, 0x04, 0x00, 0x00, 0x00,
  0xb0, 0x98, 0x88, 0x3b, 0x9f, 0x33, 0x8b, 0x3b, 0xed, 0xf1, 0x8b, 0x3b,
  0x3c, 0x0b, 0x94, 0x3b, 0x17, 0x00, 0x00, 0x00, 0x73, 0x74, 0x75, 0x64,
  0x65, 0x6e, 0x74, 0x2f, 0x63, 0x6f, 0x6e, 0x76, 0x32, 0x64, 0x5f, 0x37,
  0x2f, 0x43, 0x6f, 0x6e, 0x76, 0x32, 0x44, 0x00, 0x04, 0x00, 0x00, 0x00,
  0x04, 0x00, 0x00, 0x00, 0x01, 0x00, 0x00, 0x00, 0x01, 0x00, 0x00, 0x00,
  0x10, 0x00, 0x00, 0x00, 0xd2, 0xfb, 0xff, 0xff, 0x00, 0x00, 0x00, 0x01,
  0x14, 0x00, 0x00, 0x00, 0x58, 0x00, 0x00, 0x00, 0x05, 0x00, 0x00, 0x00,
  0x00, 0x00, 0x00, 0x02, 0xc0, 0x00, 0x00, 0x00, 0x4c, 0xfb, 0xff, 0xff,
  0x08, 0x00, 0x00, 0x00, 0x2c, 0x00, 0x00, 0x00, 0x04, 0x00, 0x00, 0x00,
  0x00, 0x00, 0x00, 0x00, 0x00, 0x00, 0x00, 0x00, 0x00, 0x00, 0x00, 0x00,
  0x00, 0x00, 0x00, 0x00, 0x00, 0x00, 0x00, 0x00, 0x00, 0x00, 0x00, 0x00,
  0x00, 0x00, 0x00, 0x00, 0x00, 0x00, 0x00, 0x00, 0x00, 0x00, 0x00, 0x00,
  0x04, 0x00, 0x00, 0x00, 0x5a, 0x97, 0x1c, 0x3a, 0xe9, 0x93, 0x1f, 0x3a,
  0x12, 0x6e, 0x20, 0x3a, 0xde, 0xb6, 0x29, 0x3a, 0x6e, 0x00, 0x00, 0x00,
  0x73, 0x74, 0x75, 0x64, 0x65, 0x6e, 0x74, 0x2f, 0x63, 0x6f, 0x6e, 0x76,
  0x32, 0x64, 0x5f, 0x37, 0x2f, 0x52, 0x65, 0x6c, 0x75, 0x3b, 0x73, 0x74,
  0x75, 0x64, 0x65, 0x6e, 0x74, 0x2f, 0x63, 0x6f, 0x6e, 0x76, 0x32, 0x64,
  0x5f, 0x37, 0x2f, 0x42, 0x69, 0x61, 0x73, 0x41, 0x64, 0x64, 0x3b, 0x73,
  0x74, 0x75, 0x64, 0x65, 0x6e, 0x74, 0x2f, 0x63, 0x6f, 0x6e, 0x76, 0x32,
  0x64, 0x5f, 0x37, 0x2f, 0x43, 0x6f, 0x6e, 0x76, 0x32, 0x44, 0x3b, 0x73,
  0x74, 0x75, 0x64, 0x65, 0x6e, 0x74, 0x2f, 0x63, 0x6f, 0x6e, 0x76, 0x32,
  0x64, 0x5f, 0x37, 0x2f, 0x42, 0x69, 0x61, 0x73, 0x41, 0x64, 0x64, 0x2f,
  0x52, 0x65, 0x61, 0x64, 0x56, 0x61, 0x72, 0x69, 0x61, 0x62, 0x6c, 0x65,
  0x4f, 0x70, 0x00, 0x00, 0x01, 0x00, 0x00, 0x00, 0x04, 0x00, 0x00, 0x00,
  0xb2, 0xfc, 0xff, 0xff, 0x00, 0x00, 0x00, 0x01, 0x14, 0x00, 0x00, 0x00,
  0x74, 0x01, 0x00, 0x00, 0x04, 0x00, 0x00, 0x00, 0x00, 0x00, 0x00, 0x09,
  0x84, 0x01, 0x00, 0x00, 0x2c, 0xfc, 0xff, 0xff, 0x08, 0x00, 0x00, 0x00,
  0xe8, 0x00, 0x00, 0x00, 0x1c, 0x00, 0x00, 0x00, 0x00, 0x00, 0x00, 0x00,
  0x00, 0x00, 0x00, 0x00, 0x00, 0x00, 0x00, 0x00, 0x00, 0x00, 0x00, 0x00,
  0x00, 0x00, 0x00, 0x00, 0x00, 0x00, 0x00, 0x00, 0x00, 0x00, 0x00, 0x00,
  0x00, 0x00, 0x00, 0x00, 0x00, 0x00, 0x00, 0x00, 0x00, 0x00, 0x00, 0x00,
  0x00, 0x00, 0x00, 0x00, 0x00, 0x00, 0x00, 0x00, 0x00, 0x00, 0x00, 0x00,
  0x00, 0x00, 0x00, 0x00, 0x00, 0x00, 0x00, 0x00, 0x00, 0x00, 0x00, 0x00,
  0x00, 0x00, 0x00, 0x00, 0x00, 0x00, 0x00, 0x00, 0x00, 0x00, 0x00, 0x00,
  0x00, 0x00, 0x00, 0x00, 0x00, 0x00, 0x00, 0x00, 0x00, 0x00, 0x00, 0x00,
  0x00, 0x00, 0x00, 0x00, 0x00, 0x00, 0x00, 0x00, 0x00, 0x00, 0x00, 0x00,
  0x00, 0x00, 0x00, 0x00, 0x00, 0x00, 0x00, 0x00, 0x00, 0x00, 0x00, 0x00,
  0x00, 0x00, 0x00, 0x00, 0x00, 0x00, 0x00, 0x00, 0x00, 0x00, 0x00, 0x00,
  0x00, 0x00, 0x00, 0x00, 0x00, 0x00, 0x00, 0x00, 0x00, 0x00, 0x00, 0x00,
  0x00, 0x00, 0x00, 0x00, 0x00, 0x00, 0x00, 0x00, 0x00, 0x00, 0x00, 0x00,
  0x00, 0x00, 0x00, 0x00, 0x00, 0x00, 0x00, 0x00, 0x00, 0x00, 0x00, 0x00,
  0x00, 0x00, 0x00, 0x00, 0x00, 0x00, 0x00, 0x00, 0x00, 0x00, 0x00, 0x00,
  0x00, 0x00, 0x00, 0x00, 0x00, 0x00, 0x00, 0x00, 0x00, 0x00, 0x00, 0x00,
  0x00, 0x00, 0x00, 0x00, 0x00, 0x00, 0x00, 0x00, 0x00, 0x00, 0x00, 0x00,
  0x00, 0x00, 0x00, 0x00, 0x00, 0x00, 0x00, 0x00, 0x00, 0x00, 0x00, 0x00,
  0x00, 0x00, 0x00, 0x00, 0x00, 0x00, 0x00, 0x00, 0x00, 0x00, 0x00, 0x00,
  0x00, 0x00, 0x00, 0x00, 0x1c, 0x00, 0x00, 0x00, 0xa9, 0x38, 0x2a, 0x3c,
  0xf5, 0x68, 0x31, 0x3c, 0x9f, 0x9a, 0x15, 0x3c, 0x57, 0x51, 0x30, 0x3c,
  0x1f, 0x67, 0x32, 0x3c, 0x8d, 0x6d, 0x0d, 0x3c, 0x78, 0x67, 0x10, 0x3c,
  0xec, 0x52, 0x3d, 0x3c, 0xa4, 0x86, 0x1b, 0x3c, 0xb1, 0x83, 0x36, 0x3c,
  0xbe, 0x91, 0x0a, 0x3c, 0xce, 0x27, 0x00, 0x3c, 0x16, 0xf7, 0x2d, 0x3c,
  0x81, 0x0c, 0x0e, 0x3c, 0xa6, 0x62, 0x2e, 0x3c, 0x3a, 0x92, 0x4f, 0x3c,
  0xaa, 0x50, 0x0d, 0x3c, 0x08, 0x6f, 0x2c, 0x3c, 0x6f, 0xb0, 0x04, 0x3c,
  0xd0, 0xf1, 0x25, 0x3c, 0x3d, 0x1e, 0x67, 0x3c, 0x8f, 0x2c, 0x4f, 0x3c,
  0x61, 0xea, 0x28, 0x3c, 0x80, 0xef, 0x5b, 0x3c, 0xf6, 0x8c, 0x85, 0x3c,
  0x7d, 0x24, 0x1c, 0x3c, 0xdd, 0x7e, 0x94, 0x3c, 0xbe, 0xf0, 0xea, 0x3b,
  0x16, 0x00, 0x00, 0x00, 0x73, 0x74, 0x75, 0x64, 0x65, 0x6e, 0x74, 0x2f,
  0x64, 0x65, 0x6e, 0x73, 0x65, 0x5f, 0x31, 0x2f, 0x4d, 0x61, 0x74, 0x4d,
  0x75, 0x6c, 0x00, 0x00, 0x02, 0x00, 0x00, 0x00, 0x1c, 0x00, 0x00, 0x00,
  0xb0, 0x01, 0x00, 0x00, 0x5a, 0xfe, 0xff, 0xff, 0x00, 0x00, 0x00, 0x01,
  0x14, 0x00, 0x00, 0x00, 0x74, 0x01, 0x00, 0x00, 0x03, 0x00, 0x00, 0x00,
  0x00, 0x00, 0x00, 0x02, 0x84, 0x01, 0x00, 0x00, 0xd4, 0xfd, 0xff, 0xff,
  0x08, 0x00, 0x00, 0x00, 0xe8, 0x00, 0x00, 0x00, 0x1c, 0x00, 0x00, 0x00,
  0x00, 0x00, 0x00, 0x00, 0x00, 0x00, 0x00, 0x00, 0x00, 0x00, 0x00, 0x00,
  0x00, 0x00, 0x00, 0x00, 0x00, 0x00, 0x00, 0x00, 0x00, 0x00, 0x00, 0x00,
  0x00, 0x00, 0x00, 0x00, 0x00, 0x00, 0x00, 0x00, 0x00, 0x00, 0x00, 0x00,
  0x00, 0x00, 0x00, 0x00, 0x00, 0x00, 0x00, 0x00, 0x00, 0x00, 0x00, 0x00,
  0x00, 0x00, 0x00, 0x00, 0x00, 0x00, 0x00, 0x00, 0x00, 0x00, 0x00, 0x00,
  0x00, 0x00, 0x00, 0x00, 0x00, 0x00, 0x00, 0x00, 0x00, 0x00, 0x00, 0x00,
  0x00, 0x00, 0x00, 0x00, 0x00, 0x00, 0x00, 0x00, 0x00, 0x00, 0x00, 0x00,
  0x00, 0x00, 0x00, 0x00, 0x00, 0x00, 0x00, 0x00, 0x00, 0x00, 0x00, 0x00,
  0x00, 0x00, 0x00, 0x00, 0x00, 0x00, 0x00, 0x00, 0x00, 0x00, 0x00, 0x00,
  0x00, 0x00, 0x00, 0x00, 0x00, 0x00, 0x00, 0x00, 0x00, 0x00, 0x00, 0x00,
  0x00, 0x00, 0x00, 0x00, 0x00, 0x00, 0x00, 0x00, 0x00, 0x00, 0x00, 0x00,
  0x00, 0x00, 0x00, 0x00, 0x00, 0x00, 0x00, 0x00, 0x00, 0x00, 0x00, 0x00,
  0x00, 0x00, 0x00, 0x00, 0x00, 0x00, 0x00, 0x00, 0x00, 0x00, 0x00, 0x00,
  0x00, 0x00, 0x00, 0x00, 0x00, 0x00, 0x00, 0x00, 0x00, 0x00, 0x00, 0x00,
  0x00, 0x00, 0x00, 0x00, 0x00, 0x00, 0x00, 0x00, 0x00, 0x00, 0x00, 0x00,
  0x00, 0x00, 0x00, 0x00, 0x00, 0x00, 0x00, 0x00, 0x00, 0x00, 0x00, 0x00,
  0x00, 0x00, 0x00, 0x00, 0x00, 0x00, 0x00, 0x00, 0x00, 0x00, 0x00, 0x00,
  0x00, 0x00, 0x00, 0x00, 0x00, 0x00, 0x00, 0x00, 0x00, 0x00, 0x00, 0x00,
  0x00, 0x00, 0x00, 0x00, 0x00, 0x00, 0x00, 0x00, 0x1c, 0x00, 0x00, 0x00,
  0xee, 0xa2, 0x7d, 0x3a, 0x85, 0x2c, 0x84, 0x3a, 0x71, 0xea, 0x5e, 0x3a,
  0x33, 0x5c, 0x83, 0x3a, 0xe1, 0xe9, 0x84, 0x3a, 0xb0, 0xbb, 0x52, 0x3a,
  0xf9, 0x2a, 0x57, 0x3a, 0xce, 0x0c, 0x8d, 0x3a, 0x5f, 0xbd, 0x67, 0x3a,
  0x10, 0xfa, 0x87, 0x3a, 0x43, 0x79, 0x4e, 0x3a, 0xe9, 0xf4, 0x3e, 0x3a,
  0x83, 0x9b, 0x81, 0x3a, 0x88, 0xa8, 0x53, 0x3a, 0xa5, 0xeb, 0x81, 0x3a,
  0x05, 0xa5, 0x9a, 0x3a, 0xa5, 0x90, 0x52, 0x3a, 0x6c, 0x77, 0x80, 0x3a,
  0x4b, 0xb6, 0x45, 0x3a, 0x90, 0x43, 0x77, 0x3a, 0x01, 0x30, 0xac, 0x3a,
  0x46, 0x59, 0x9a, 0x3a, 0xd6, 0xb0, 0x7b, 0x3a, 0x35, 0xdb, 0xa3, 0x3a,
  0xe4, 0xfe, 0xc6, 0x3a, 0x92, 0xa8, 0x68, 0x3a, 0xa2, 0x43, 0xdd, 0x3a,
  0x02, 0x09, 0x2f, 0x3a, 0x17, 0x00, 0x00, 0x00, 0x73, 0x74, 0x75, 0x64,
  0x65, 0x6e, 0x74, 0x2f, 0x64, 0x65, 0x6e, 0x73, 0x65, 0x5f, 0x31, 0x2f,
  0x42, 0x69, 0x61, 0x73, 0x41, 0x64, 0x64, 0x00, 0x01, 0x00, 0x00, 0x00,
  0x1c, 0x00, 0x00, 0x00, 0x00, 0x00, 0x16, 0x00, 0x1c, 0x00, 0x18, 0x00,
  0x17, 0x00, 0x10, 0x00, 0x0c, 0x00, 0x08, 0x00, 0x00, 0x00, 0x00, 0x00,
  0x00, 0x00, 0x07, 0x00, 0x16, 0x00, 0x00, 0x00, 0x00, 0x00, 0x00, 0x01,
  0x18, 0x00, 0x00, 0x00, 0x18, 0x00, 0x00, 0x00, 0x02, 0x00, 0x00, 0x00,
  0x00, 0x00, 0x00, 0x02, 0x20, 0x00, 0x00, 0x00, 0x04, 0x00, 0x04, 0x00,
  0x04, 0x00, 0x00, 0x00, 0x0e, 0x00, 0x00, 0x00, 0x61, 0x72, 0x69, 0x74,
  0x68, 0x2e, 0x63, 0x6f, 0x6e, 0x73, 0x74, 0x61, 0x6e, 0x74, 0x00, 0x00,
  0x01, 0x00, 0x00, 0x00, 0x02, 0x00, 0x00, 0x00, 0x00, 0x00, 0x16, 0x00,
  0x20, 0x00, 0x1c, 0x00, 0x1b, 0x00, 0x14, 0x00, 0x10, 0x00, 0x0c, 0x00,
  0x00, 0x00, 0x00, 0x00, 0x08, 0x00, 0x07, 0x00, 0x16, 0x00, 0x00, 0x00,
  0x00, 0x00, 0x00, 0x01, 0x18, 0x00, 0x00, 0x00, 0x34, 0x00, 0x00, 0x00,
  0x50, 0x00, 0x00, 0x00, 0x01, 0x00, 0x00, 0x00, 0x00, 0x00, 0x00, 0x09,
  0x64, 0x00, 0x00, 0x00, 0x04, 0x00, 0x00, 0x00, 0xff, 0xff, 0xff, 0xff,
  0xd9, 0x00, 0x00, 0x00, 0x01, 0x00, 0x00, 0x00, 0x01, 0x00, 0x00, 0x00,
  0x0c, 0x00, 0x0c, 0x00, 0x00, 0x00, 0x00, 0x00, 0x08, 0x00, 0x04, 0x00,
  0x0c, 0x00, 0x00, 0x00, 0x08, 0x00, 0x00, 0x00, 0x10, 0x00, 0x00, 0x00,
  0x01, 0x00, 0x00, 0x00, 0xdf, 0xff, 0xff, 0xff, 0xff, 0xff, 0xff, 0xff,
  0x01, 0x00, 0x00, 0x00, 0x7f, 0x28, 0x17, 0x3d, 0x19, 0x00, 0x00, 0x00,
  0x73, 0x65, 0x72, 0x76, 0x69, 0x6e, 0x67, 0x5f, 0x64, 0x65, 0x66, 0x61,
  0x75, 0x6c, 0x74, 0x5f, 0x69, 0x6e, 0x70, 0x75, 0x74, 0x5f, 0x32, 0x3a,
  0x30, 0x00, 0x00, 0x00, 0x04, 0x00, 0x00, 0x00, 0x01, 0x00, 0x00, 0x00,
  0xd9, 0x00, 0x00, 0x00, 0x01, 0x00, 0x00, 0x00, 0x01, 0x00, 0x00, 0x00,
  0x05, 0x00, 0x00, 0x00, 0x68, 0x00, 0x00, 0x00, 0x48, 0x00, 0x00, 0x00,
  0x38, 0x00, 0x00, 0x00, 0x18, 0x00, 0x00, 0x00, 0x04, 0x00, 0x00, 0x00,
  0xb8, 0xff, 0xff, 0xff, 0x19, 0x00, 0x00, 0x00, 0x02, 0x00, 0x00, 0x00,
  0x00, 0x00, 0x00, 0x19, 0xc8, 0xff, 0xff, 0xff, 0x09, 0x00, 0x00, 0x00,
  0x04, 0x00, 0x00, 0x00, 0x00, 0x00, 0x00, 0x09, 0x0c, 0x00, 0x0c, 0x00,
  0x0b, 0x00, 0x00, 0x00, 0x00, 0x00, 0x04, 0x00, 0x0c, 0x00, 0x00, 0x00,
  0x16, 0x00, 0x00, 0x00, 0x00, 0x00, 0x00, 0x16, 0xf0, 0xff, 0xff, 0xff,
  0x11, 0x00, 0x00, 0x00, 0x02, 0x00, 0x00, 0x00, 0x00, 0x00, 0x00, 0x11,
  0x0c, 0x00, 0x10, 0x00, 0x0f, 0x00, 0x00, 0x00, 0x08, 0x00, 0x04, 0x00,
  0x0c, 0x00, 0x00, 0x00, 0x03, 0x00, 0x00, 0x00, 0x03, 0x00, 0x00, 0x00,
  0x00, 0x00, 0x00, 0x03,
};
const unsigned int g_model_len = 28456;
