unsigned char encoder_clf_std_pruned_qat_int8_tflite[] = {
  0x20, 0x00, 0x00, 0x00, 0x54, 0x46, 0x4c, 0x33, 0x00, 0x00, 0x00, 0x00,
  0x14, 0x00, 0x20, 0x00, 0x1c, 0x00, 0x18, 0x00, 0x14, 0x00, 0x10, 0x00,
  0x0c, 0x00, 0x00, 0x00, 0x08, 0x00, 0x04, 0x00, 0x14, 0x00, 0x00, 0x00,
  0x1c, 0x00, 0x00, 0x00, 0xa4, 0x00, 0x00, 0x00, 0xfc, 0x00, 0x00, 0x00,
  0xbc, 0xa5, 0x00, 0x00, 0xcc, 0xa5, 0x00, 0x00, 0xf8, 0xb1, 0x00, 0x00,
  0x03, 0x00, 0x00, 0x00, 0x01, 0x00, 0x00, 0x00, 0x10, 0x00, 0x00, 0x00,
  0x00, 0x00, 0x0a, 0x00, 0x10, 0x00, 0x0c, 0x00, 0x08, 0x00, 0x04, 0x00,
  0x0a, 0x00, 0x00, 0x00, 0x0c, 0x00, 0x00, 0x00, 0x1c, 0x00, 0x00, 0x00,
  0x48, 0x00, 0x00, 0x00, 0x0f, 0x00, 0x00, 0x00, 0x73, 0x65, 0x72, 0x76,
  0x69, 0x6e, 0x67, 0x5f, 0x64, 0x65, 0x66, 0x61, 0x75, 0x6c, 0x74, 0x00,
  0x01, 0x00, 0x00, 0x00, 0x04, 0x00, 0x00, 0x00, 0x84, 0xff, 0xff, 0xff,
  0x0d, 0x00, 0x00, 0x00, 0x04, 0x00, 0x00, 0x00, 0x16, 0x00, 0x00, 0x00,
  0x71, 0x75, 0x61, 0x6e, 0x74, 0x5f, 0x61, 0x63, 0x74, 0x69, 0x76, 0x69,
  0x74, 0x79, 0x5f, 0x73, 0x6f, 0x66, 0x74, 0x6d, 0x61, 0x78, 0x00, 0x00,
  0x01, 0x00, 0x00, 0x00, 0x04, 0x00, 0x00, 0x00, 0x32, 0x5a, 0xff, 0xff,
  0x04, 0x00, 0x00, 0x00, 0x0c, 0x00, 0x00, 0x00, 0x77, 0x69, 0x6e, 0x64,
  0x6f, 0x77, 0x5f, 0x69, 0x6e, 0x70, 0x75, 0x74, 0x00, 0x00, 0x00, 0x00,
  0x02, 0x00, 0x00, 0x00, 0x34, 0x00, 0x00, 0x00, 0x04, 0x00, 0x00, 0x00,
  0xdc, 0xff, 0xff, 0xff, 0x10, 0x00, 0x00, 0x00, 0x04, 0x00, 0x00, 0x00,
  0x13, 0x00, 0x00, 0x00, 0x43, 0x4f, 0x4e, 0x56, 0x45, 0x52, 0x53, 0x49,
  0x4f, 0x4e, 0x5f, 0x4d, 0x45, 0x54, 0x41, 0x44, 0x41, 0x54, 0x41, 0x00,
  0x08, 0x00, 0x0c, 0x00, 0x08, 0x00, 0x04, 0x00, 0x08, 0x00, 0x00, 0x00,
  0x0f, 0x00, 0x00, 0x00, 0x04, 0x00, 0x00, 0x00, 0x13, 0x00, 0x00, 0x00,
  0x6d, 0x69, 0x6e, 0x5f, 0x72, 0x75, 0x6e, 0x74, 0x69, 0x6d, 0x65, 0x5f,
  0x76, 0x65, 0x72, 0x73, 0x69, 0x6f, 0x6e, 0x00, 0x11, 0x00, 0x00, 0x00,
  0xbc, 0xa4, 0x00, 0x00, 0xb4, 0xa4, 0x00, 0x00, 0xa4, 0x0e, 0x00, 0x00,
  0x94, 0x0d, 0x00, 0x00, 0x8c, 0x0d, 0x00, 0x00, 0x7c, 0x05, 0x00, 0x00,
  0xec, 0x04, 0x00, 0x00, 0xe4, 0x04, 0x00, 0x00, 0x54, 0x02, 0x00, 0x00,
  0xf4, 0x01, 0x00, 0x00, 0xec, 0x01, 0x00, 0x00, 0xec, 0x00, 0x00, 0x00,
  0xac, 0x00, 0x00, 0x00, 0xa4, 0x00, 0x00, 0x00, 0x9c, 0x00, 0x00, 0x00,
  0x7c, 0x00, 0x00, 0x00, 0x04, 0x00, 0x00, 0x00, 0xf2, 0x5a, 0xff, 0xff,
  0x04, 0x00, 0x00, 0x00, 0x68, 0x00, 0x00, 0x00, 0x10, 0x00, 0x00, 0x00,
  0x00, 0x00, 0x00, 0x00, 0x08, 0x00, 0x0e, 0x00, 0x08, 0x00, 0x04, 0x00,
  0x08, 0x00, 0x00, 0x00, 0x10, 0x00, 0x00, 0x00, 0x2c, 0x00, 0x00, 0x00,
  0x00, 0x00, 0x06, 0x00, 0x08, 0x00, 0x04, 0x00, 0x06, 0x00, 0x00, 0x00,
  0x04, 0x00, 0x00, 0x00, 0x02, 0x00, 0x00, 0x00, 0xeb, 0x03, 0x00, 0x00,
  0xd0, 0x07, 0x00, 0x00, 0x0c, 0x00, 0x18, 0x00, 0x14, 0x00, 0x10, 0x00,
  0x0c, 0x00, 0x04, 0x00, 0x0c, 0x00, 0x00, 0x00, 0x99, 0x04, 0xbc, 0xdf,
  0xb8, 0xfc, 0x03, 0x5a, 0x02, 0x00, 0x00, 0x00, 0x02, 0x00, 0x00, 0x00,
  0x04, 0x00, 0x00, 0x00, 0x06, 0x00, 0x00, 0x00, 0x32, 0x2e, 0x32, 0x31,
  0x2e, 0x30, 0x00, 0x00, 0x66, 0x5b, 0xff, 0xff, 0x04, 0x00, 0x00, 0x00,
  0x10, 0x00, 0x00, 0x00, 0x31, 0x2e, 0x31, 0x34, 0x2e, 0x30, 0x00, 0x00,
  0x00, 0x00, 0x00, 0x00, 0x00, 0x00, 0x00, 0x00, 0xdc, 0x5a, 0xff, 0xff,
  0xe0, 0x5a, 0xff, 0xff, 0x8a, 0x5b, 0xff, 0xff, 0x04, 0x00, 0x00, 0x00,
  0x30, 0x00, 0x00, 0x00, 0x24, 0x00, 0x00, 0x00, 0xf9, 0xfe, 0xff, 0xff,
  0x0e, 0x00, 0x00, 0x00, 0x0e, 0x01, 0x00, 0x00, 0x2c, 0x01, 0x00, 0x00,
  0x7e, 0x00, 0x00, 0x00, 0x6e, 0xff, 0xff, 0xff, 0x70, 0xff, 0xff, 0xff,
  0x6c, 0x00, 0x00, 0x00, 0x4e, 0xfe, 0xff, 0xff, 0xbf, 0x00, 0x00, 0x00,
  0x45, 0xfe, 0xff, 0xff, 0xc6, 0x5b, 0xff, 0xff, 0x04, 0x00, 0x00, 0x00,
  0xf0, 0x00, 0x00, 0x00, 0x00, 0x00, 0x00, 0x00, 0x00, 0x00, 0x00, 0x31,
  0x00, 0xc6, 0xc2, 0x00, 0x00, 0x00, 0x22, 0x00, 0x00, 0x00, 0xb7, 0xbd,
  0x00, 0x00, 0x00, 0x00, 0x00, 0x00, 0x00, 0x00, 0x00, 0x00, 0x00, 0xd0,
  0x00, 0x00, 0x00, 0x00, 0x00, 0x00, 0x2f, 0x00, 0x00, 0xd1, 0x00, 0x00,
  0x00, 0x48, 0xb5, 0x00, 0x00, 0x00, 0x00, 0x00, 0x00, 0xd5, 0x00, 0x00,
  0x00, 0xbe, 0x00, 0x00, 0x00, 0x00, 0x00, 0x00, 0x00, 0x00, 0x00, 0x00,
  0x00, 0xb1, 0x00, 0x00, 0x00, 0xcd, 0x00, 0x00, 0x00, 0x00, 0xc5, 0x00,
  0x00, 0x00, 0x00, 0x00, 0xc4, 0x00, 0x00, 0x00, 0x00, 0x00, 0x00, 0x00,
  0x00, 0x00, 0xb5, 0x00, 0x00, 0x00, 0x00, 0x00, 0xc6, 0x00, 0x00, 0xd0,
  0x2a, 0xbc, 0x3f, 0x3c, 0x00, 0x00, 0x00, 0x00, 0x00, 0x99, 0x00, 0x00,
  0x00, 0x00, 0x00, 0x00, 0x00, 0x00, 0x00, 0x25, 0xc3, 0x00, 0x00, 0xad,
  0x00, 0x00, 0x00, 0x00, 0x00, 0x00, 0x00, 0xc1, 0x00, 0x00, 0x00, 0xab,
  0x00, 0x00, 0x00, 0xba, 0x00, 0xb8, 0xc7, 0xa3, 0x00, 0x39, 0x3d, 0x00,
  0x00, 0x00, 0x00, 0x00, 0x81, 0x00, 0x00, 0x00, 0x00, 0x00, 0x00, 0x00,
  0x00, 0x00, 0xe3, 0x00, 0x9e, 0xba, 0x9e, 0x00, 0x00, 0x00, 0x00, 0x00,
  0x00, 0x00, 0xba, 0x00, 0xc3, 0x25, 0x00, 0x00, 0x00, 0x00, 0x00, 0x00,
  0x00, 0x00, 0x00, 0x00, 0x00, 0x00, 0x00, 0x00, 0x00, 0x00, 0x00, 0x00,
  0xc5, 0x00, 0x00, 0x00, 0x00, 0x00, 0x00, 0x00, 0x00, 0x00, 0x00, 0x00,
  0x00, 0x00, 0x00, 0x00, 0x00, 0x00, 0x00, 0x00, 0x00, 0x00, 0x00, 0x00,
  0x00, 0x00, 0xbd, 0x00, 0x00, 0x00, 0x00, 0x00, 0x00, 0x00, 0x21, 0x00,
  0x00, 0xc5, 0xc3, 0x00, 0x1c, 0x5c, 0xff, 0xff, 0xc6, 0x5c, 0xff, 0xff,
  0x04, 0x00, 0x00, 0x00, 0x50, 0x00, 0x00, 0x00, 0xc9, 0x02, 0x00, 0x00,
  0x7d, 0x00, 0x00, 0x00, 0x99, 0xfe, 0xff, 0xff, 0xe7, 0xff, 0xff, 0xff,
  0x53, 0x01, 0x00, 0x00, 0x58, 0x00, 0x00, 0x00, 0x46, 0x01, 0x00, 0x00,
  0xcb, 0x02, 0x00, 0x00, 0x2d, 0x03, 0x00, 0x00, 0xc1, 0xff, 0xff, 0xff,
  0xdd, 0x00, 0x00, 0x00, 0x24, 0x03, 0x00, 0x00, 0xcc, 0x01, 0x00, 0x00,
  0x49, 0xfd, 0xff, 0xff, 0xb6, 0xfd, 0xff, 0xff, 0x1c, 0x03, 0x00, 0x00,
  0x18, 0x01, 0x00, 0x00, 0x69, 0x02, 0x00, 0x00, 0x4e, 0x03, 0x00, 0x00,
  0x09, 0x01, 0x00, 0x00, 0x22, 0x5d, 0xff, 0xff, 0x04, 0x00, 0x00, 0x00,
  0x80, 0x02, 0x00, 0x00, 0x00, 0x00, 0x00, 0x00, 0x00, 0x00, 0x00, 0x00,
  0x00, 0x00, 0x00, 0x00, 0x00, 0x9d, 0x00, 0x00, 0x00, 0x00, 0x00, 0x00,
  0x55, 0x00, 0x00, 0xd2, 0x00, 0x00, 0x55, 0x2f, 0x00, 0x00, 0x00, 0x00,
  0x00, 0x00, 0x00, 0x00, 0x00, 0x00, 0x00, 0x00, 0x00, 0x00, 0xca, 0x00,
  0x35, 0x00, 0x00, 0x00, 0xb5, 0xdf, 0xca, 0x00, 0x00, 0x00, 0xd9, 0x00,
  0x00, 0x00, 0x00, 0xbc, 0x00, 0x00, 0x32, 0x00, 0x00, 0x00, 0x00, 0x00,
  0x00, 0x3b, 0x00, 0x00, 0x00, 0xcf, 0x00, 0x00, 0x00, 0x00, 0x00, 0x00,
  0x00, 0xc2, 0x00, 0x00, 0x00, 0x00, 0xd2, 0x00, 0x00, 0x00, 0x00, 0x00,
  0x00, 0x38, 0xd3, 0xc5, 0x00, 0x00, 0x00, 0x00, 0x34, 0x00, 0x00, 0x00,
  0x00, 0x00, 0x58, 0x00, 0x00, 0x00, 0x00, 0x52, 0x00, 0x00, 0x00, 0x00,
  0x00, 0x00, 0x00, 0x00, 0x00, 0x00, 0x00, 0x00, 0x00, 0xbd, 0x00, 0x00,
  0x00, 0x00, 0x00, 0x00, 0x00, 0x00, 0x00, 0x00, 0x00, 0x00, 0xc6, 0x00,
  0x00, 0x00, 0x00, 0x00, 0x00, 0x00, 0x00, 0x00, 0x00, 0x00, 0xaa, 0x00,
  0x00, 0x00, 0x00, 0x00, 0x00, 0x00, 0x00, 0x00, 0xc7, 0x00, 0x00, 0x31,
  0x00, 0x49, 0x00, 0xd3, 0x00, 0x00, 0x45, 0x00, 0x00, 0x00, 0x00, 0x00,
  0x59, 0x00, 0x00, 0x00, 0x00, 0x00, 0x00, 0x00, 0x00, 0x2f, 0x00, 0x00,
  0x00, 0x00, 0x41, 0x00, 0x00, 0x00, 0x00, 0x00, 0x00, 0x00, 0x00, 0x00,
  0x00, 0x00, 0x00, 0x00, 0x00, 0x31, 0x00, 0xb3, 0x00, 0x00, 0x00, 0x00,
  0x00, 0x00, 0xa9, 0x53, 0x00, 0x00, 0x00, 0x00, 0x00, 0x48, 0x00, 0x00,
  0x00, 0x4d, 0x00, 0x00, 0x31, 0xcc, 0x00, 0x5d, 0x00, 0xcf, 0x00, 0xc4,
  0x00, 0x00, 0xd1, 0xc4, 0x00, 0x00, 0x00, 0x00, 0x00, 0x00, 0x00, 0x51,
  0x00, 0x00, 0x00, 0x00, 0x00, 0x00, 0x28, 0x3b, 0xd0, 0xb6, 0x00, 0x00,
  0xc9, 0x00, 0xb4, 0x00, 0x4d, 0xc1, 0x00, 0x00, 0x00, 0x00, 0x00, 0x00,
  0x00, 0x00, 0x00, 0x00, 0xa4, 0x00, 0xb3, 0xb3, 0x00, 0x3c, 0xc8, 0x00,
  0x00, 0x00, 0x00, 0x2c, 0x35, 0x00, 0x00, 0x00, 0x00, 0x00, 0x00, 0x53,
  0x5c, 0x00, 0x00, 0x00, 0x00, 0x00, 0xb8, 0x00, 0x00, 0x00, 0xaa, 0x00,
  0x00, 0x00, 0x4b, 0x00, 0x00, 0xd5, 0x00, 0x3b, 0x00, 0x00, 0x00, 0x48,
  0x00, 0x00, 0x2b, 0x00, 0x00, 0x00, 0x4e, 0x00, 0x00, 0x00, 0xa1, 0x00,
  0x00, 0x00, 0x00, 0x00, 0x00, 0x00, 0x00, 0x00, 0x00, 0x00, 0x00, 0x54,
  0x00, 0x00, 0x00, 0x9d, 0x00, 0x00, 0xba, 0x00, 0x00, 0x00, 0xaf, 0x00,
  0x00, 0x00, 0x00, 0x00, 0x00, 0x00, 0x00, 0x00, 0x00, 0x00, 0x00, 0x00,
  0x00, 0xa1, 0x00, 0x81, 0x59, 0x20, 0x00, 0x00, 0x00, 0x4b, 0x00, 0x00,
  0x00, 0x00, 0xcd, 0x00, 0x00, 0x00, 0x00, 0x00, 0x00, 0x00, 0x00, 0x00,
  0x00, 0x00, 0x00, 0x00, 0x00, 0x00, 0x00, 0x00, 0x00, 0x00, 0x00, 0x00,
  0x00, 0x00, 0xbd, 0x00, 0x00, 0x00, 0x00, 0xce, 0x00, 0x00, 0x00, 0x00,
  0x00, 0xba, 0xc2, 0x00, 0x00, 0x00, 0x00, 0xc5, 0x00, 0x37, 0x00, 0x00,
  0x99, 0x00, 0xb8, 0x00, 0x62, 0xd2, 0xb8, 0x00, 0x52, 0x00, 0x00, 0xc0,
  0x00, 0x00, 0x00, 0x31, 0x00, 0x00, 0x00, 0x00, 0x00, 0x4e, 0x00, 0x00,
  0x00, 0x00, 0x00, 0x00, 0x00, 0x00, 0x00, 0x33, 0x00, 0xa5, 0x00, 0x00,
  0x00, 0x00, 0x00, 0x00, 0x38, 0x26, 0x00, 0x00, 0x00, 0x00, 0x00, 0x00,
  0x00, 0x00, 0x00, 0x00, 0x00, 0x00, 0x00, 0x3a, 0x00, 0x00, 0x00, 0xbd,
  0x00, 0x00, 0x00, 0x00, 0x00, 0x00, 0x55, 0x35, 0x00, 0x00, 0x00, 0x00,
  0x00, 0x00, 0x21, 0x00, 0x3d, 0x00, 0x00, 0x00, 0x00, 0xd1, 0x00, 0x00,
  0x00, 0x00, 0x59, 0x00, 0x00, 0x00, 0xc0, 0x00, 0x00, 0x00, 0x00, 0x00,
  0x00, 0x00, 0x00, 0x00, 0x00, 0x00, 0x00, 0x00, 0x00, 0x00, 0x00, 0x00,
  0x00, 0x00, 0x00, 0x00, 0x00, 0x00, 0x00, 0x00, 0x00, 0x00, 0x00, 0x00,
  0xb5, 0x00, 0x00, 0x00, 0x00, 0x00, 0x00, 0x00, 0x00, 0x00, 0x00, 0x00,
  0x00, 0x00, 0x00, 0x00, 0x00, 0x00, 0x00, 0x00, 0x00, 0x00, 0x00, 0x00,
  0x00, 0x00, 0x00, 0x00, 0x40, 0x00, 0x00, 0x00, 0x00, 0x00, 0xc6, 0xb7,
  0xd8, 0x58, 0x9f, 0x2c, 0x00, 0x00, 0x35, 0x00, 0x00, 0x00, 0x00, 0x00,
  0x3b, 0x00, 0xc7, 0x00, 0x58, 0xa9, 0x39, 0x00, 0x00, 0x00, 0x36, 0x00,
  0x00, 0x00, 0x00, 0x00, 0xa4, 0x00, 0x00, 0x00, 0x00, 0x00, 0x00, 0x00,
  0x00, 0x00, 0x00, 0x00, 0x00, 0x00, 0xbe, 0x00, 0x00, 0xda, 0x00, 0xae,
  0xb2, 0x00, 0x00, 0x00, 0x00, 0x00, 0x00, 0x00, 0x08, 0x5f, 0xff, 0xff,
  0xb2, 0x5f, 0xff, 0xff, 0x04, 0x00, 0x00, 0x00, 0x80, 0x00, 0x00, 0x00,
  0x82, 0xff, 0xff, 0xff, 0xc4, 0x00, 0x00, 0x00, 0xa3, 0x00, 0x00, 0x00,
  0x02, 0x00, 0x00, 0x00, 0x45, 0xfe, 0xff, 0xff, 0xb4, 0xff, 0xff, 0xff,
  0x7c, 0xff, 0xff, 0xff, 0xb4, 0xff, 0xff, 0xff, 0x15, 0x00, 0x00, 0x00,
  0x57, 0x00, 0x00, 0x00, 0xbf, 0xfe, 0xff, 0xff, 0xfa, 0xff, 0xff, 0xff,
  0x18, 0xff, 0xff, 0xff, 0x7f, 0xfe, 0xff, 0xff, 0x2f, 0x01, 0x00, 0x00,
  0x38, 0xff, 0xff, 0xff, 0xe5, 0xff, 0xff, 0xff, 0x28, 0xff, 0xff, 0xff,
  0xb9, 0xff, 0xff, 0xff, 0xcd, 0xfc, 0xff, 0xff, 0xb6, 0x01, 0x00, 0x00,
  0xa5, 0xff, 0xff, 0xff, 0xfd, 0x00, 0x00, 0x00, 0x20, 0xff, 0xff, 0xff,
  0xda, 0xfe, 0xff, 0xff, 0x93, 0x00, 0x00, 0x00, 0xad, 0x02, 0x00, 0x00,
  0x83, 0x00, 0x00, 0x00, 0x9b, 0xff, 0xff, 0xff, 0x23, 0x00, 0x00, 0x00,
  0x27, 0xff, 0xff, 0xff, 0xcf, 0x01, 0x00, 0x00, 0x3e, 0x60, 0xff, 0xff,
  0x04, 0x00, 0x00, 0x00, 0x00, 0x08, 0x00, 0x00, 0x00, 0x00, 0x00, 0x00,
  0x00, 0x00, 0x00, 0x00, 0x00, 0x00, 0x00, 0x00, 0x00, 0x00, 0x00, 0x00,
  0x00, 0x00, 0x00, 0x00, 0x00, 0x00, 0x00, 0x00, 0x00, 0xdc, 0x00, 0x00,
  0x00, 0x00, 0x00, 0x00, 0x00, 0x00, 0x00, 0x00, 0xf3, 0x00, 0x00, 0x00,
  0x00, 0x00, 0x00, 0x00, 0x00, 0x00, 0x00, 0x00, 0x00, 0x00, 0x00, 0x00,
  0x00, 0x00, 0x00, 0xc2, 0x00, 0x00, 0xf8, 0x00, 0x40, 0xd6, 0xd5, 0x00,
  0x2f, 0x00, 0x00, 0x00, 0x3b, 0x00, 0xd0, 0x00, 0x00, 0x00, 0x00, 0x00,
  0x00, 0x00, 0x00, 0x00, 0x91, 0x00, 0x00, 0x00, 0x41, 0xc0, 0xbd, 0x00,
  0x00, 0xb5, 0x00, 0xc1, 0x00, 0x00, 0x00, 0x00, 0x00, 0x00, 0x00, 0x00,
  0x00, 0x00, 0x00, 0x00, 0x00, 0x00, 0x00, 0x00, 0xcd, 0x00, 0x00, 0xc5,
  0x00, 0x00, 0x00, 0x3b, 0xbc, 0x00, 0x00, 0x00, 0xba, 0x00, 0x00, 0x00,
  0x00, 0xc2, 0x00, 0x00, 0x00, 0xc8, 0x49, 0x00, 0x00, 0x47, 0x00, 0x00,
  0xd3, 0x00, 0x00, 0x00, 0x00, 0x00, 0x00, 0x00, 0x00, 0x00, 0x00, 0x00,
  0xc9, 0xdb, 0x00, 0x00, 0x00, 0x00, 0x00, 0x00, 0x00, 0x00, 0xb5, 0x00,
  0x00, 0x00, 0x00, 0x00, 0x20, 0x00, 0x00, 0x00, 0x00, 0x00, 0x00, 0x00,
  0x00, 0x00, 0x00, 0x00, 0x00, 0x00, 0x00, 0x3e, 0xaf, 0xdd, 0x00, 0x00,
  0x00, 0xd8, 0x00, 0x00, 0x00, 0x00, 0x00, 0x00, 0x00, 0x00, 0x00, 0x00,
  0x00, 0x00, 0x00, 0x00, 0x00, 0xd4, 0xcd, 0x00, 0x2f, 0x00, 0x00, 0x00,
  0x48, 0x00, 0xdc, 0x00, 0xcc, 0x2d, 0x00, 0x00, 0x34, 0x00, 0x31, 0x00,
  0x00, 0x00, 0x00, 0xbc, 0x00, 0xde, 0x00, 0x00, 0x00, 0x00, 0x00, 0x00,
  0x00, 0x00, 0x00, 0x00, 0x00, 0x00, 0x00, 0x00, 0x00, 0x00, 0x00, 0x00,
  0x00, 0x00, 0xba, 0x00, 0x12, 0x3f, 0x00, 0x00, 0x00, 0x00, 0xc4, 0x00,
  0x00, 0x00, 0x00, 0x00, 0xa2, 0xa3, 0x00, 0x00, 0xae, 0x00, 0x00, 0x04,
  0x00, 0x00, 0x00, 0x00, 0x00, 0x00, 0xa4, 0x00, 0x00, 0x00, 0x00, 0x13,
  0xb1, 0x00, 0x00, 0x00, 0x00, 0x00, 0x00, 0x00, 0x00, 0x00, 0x00, 0x00,
  0x04, 0x00, 0x00, 0xab, 0x00, 0x00, 0x00, 0x00, 0x00, 0xa9, 0x00, 0x00,
  0x00, 0x00, 0x00, 0x00, 0x0c, 0x00, 0x00, 0x00, 0x00, 0x47, 0x01, 0x00,
  0x00, 0x16, 0x00, 0x00, 0x00, 0x00, 0x00, 0x00, 0x46, 0x00, 0x00, 0x00,
  0x00, 0xc2, 0x22, 0x00, 0x47, 0x00, 0x00, 0x00, 0x00, 0x44, 0x00, 0x00,
  0x00, 0x00, 0x00, 0x00, 0x00, 0x00, 0x00, 0x00, 0x1c, 0x35, 0x00, 0x00,
  0x23, 0x00, 0x00, 0x00, 0x00, 0x00, 0x00, 0x00, 0x00, 0x00, 0x00, 0x00,
  0x00, 0xd7, 0x00, 0x1f, 0x00, 0x00, 0x00, 0x00, 0x00, 0x00, 0x00, 0x00,
  0x00, 0x30, 0x00, 0x00, 0xa7, 0x44, 0x00, 0xce, 0x00, 0x00, 0xd7, 0xe9,
  0x00, 0x00, 0x00, 0x00, 0x00, 0x00, 0x99, 0x3b, 0x40, 0x00, 0x00, 0x00,
  0xde, 0x48, 0x00, 0xe2, 0x00, 0xe9, 0x00, 0x00, 0x00, 0x00, 0xdd, 0x00,
  0x00, 0x00, 0xc9, 0x00, 0x00, 0xe4, 0x00, 0x00, 0x00, 0x00, 0xdb, 0x00,
  0x00, 0x00, 0x00, 0x00, 0x00, 0x00, 0xa9, 0x00, 0x00, 0x00, 0x00, 0x00,
  0x00, 0x41, 0x00, 0x00, 0x00, 0x00, 0x96, 0x00, 0x00, 0x00, 0x00, 0x00,
  0x00, 0x00, 0x00, 0x00, 0x00, 0x00, 0x00, 0x00, 0x00, 0xdd, 0x21, 0x00,
  0x00, 0x00, 0xaf, 0x00, 0xaf, 0x00, 0x00, 0x00, 0x00, 0x36, 0x00, 0x00,
  0x00, 0xd3, 0x00, 0x00, 0x00, 0x00, 0x00, 0xc5, 0x00, 0x00, 0x00, 0x00,
  0x00, 0x00, 0x00, 0xcb, 0x00, 0x00, 0x00, 0x00, 0x00, 0xdd, 0x00, 0x00,
  0xc0, 0x00, 0x00, 0x00, 0x00, 0x00, 0x00, 0x00, 0x00, 0x00, 0x00, 0x00,
  0x00, 0x00, 0x00, 0x00, 0x00, 0x00, 0x42, 0x00, 0x00, 0x00, 0xd2, 0xe3,
  0x00, 0x00, 0x00, 0x00, 0x22, 0x00, 0x00, 0x00, 0x00, 0x00, 0x00, 0x00,
  0xcf, 0x00, 0x00, 0x00, 0x00, 0x00, 0x00, 0x00, 0x42, 0x00, 0x00, 0x21,
  0x00, 0x00, 0x2b, 0x00, 0x00, 0x00, 0x00, 0x00, 0xd7, 0x00, 0x00, 0x00,
  0x00, 0x00, 0x00, 0x00, 0x00, 0x00, 0x00, 0x00, 0x1f, 0x00, 0x00, 0xc2,
  0x00, 0x00, 0x1a, 0x00, 0x00, 0x56, 0x00, 0x00, 0x00, 0x00, 0x00, 0x00,
  0x00, 0x00, 0x00, 0x39, 0x00, 0x00, 0x00, 0x00, 0x00, 0x00, 0x00, 0x00,
  0x00, 0x00, 0x00, 0x00, 0x00, 0x00, 0x00, 0x00, 0x00, 0x00, 0x38, 0x00,
  0x3c, 0x00, 0x00, 0x00, 0x00, 0x00, 0x00, 0x00, 0x00, 0xc2, 0x00, 0x00,
  0x00, 0x00, 0x37, 0x00, 0x00, 0x00, 0x00, 0x00, 0x00, 0x00, 0x00, 0x00,
  0x00, 0x36, 0x00, 0x00, 0x00, 0x00, 0x00, 0x32, 0xd3, 0x00, 0xac, 0x00,
  0x00, 0x00, 0x00, 0x45, 0xd4, 0x00, 0xca, 0x00, 0x00, 0x36, 0x00, 0x00,
  0x00, 0x00, 0x00, 0x00, 0x00, 0x00, 0x00, 0xdd, 0x00, 0x00, 0xca, 0xc2,
  0x2f, 0x00, 0x00, 0x00, 0x29, 0x00, 0x00, 0x00, 0xbf, 0x00, 0x00, 0x00,
  0x00, 0x00, 0x00, 0x00, 0x00, 0x30, 0x00, 0x00, 0x3a, 0x00, 0x00, 0x00,
  0x40, 0x00, 0x00, 0x00, 0x00, 0x00, 0x00, 0x00, 0x00, 0x00, 0x1c, 0x00,
  0x45, 0x00, 0x00, 0x2f, 0x00, 0x2a, 0x00, 0x00, 0xcc, 0x00, 0x00, 0x00,
  0x00, 0x00, 0x00, 0x28, 0x00, 0xae, 0x00, 0x00, 0x00, 0x00, 0x00, 0x00,
  0x00, 0x00, 0x00, 0x00, 0x00, 0xb2, 0x00, 0xa8, 0x00, 0x00, 0x00, 0x00,
  0x00, 0x00, 0x00, 0x00, 0x00, 0x2c, 0x00, 0x00, 0x00, 0x00, 0x00, 0xc7,
  0x00, 0x31, 0x00, 0x00, 0x00, 0xcb, 0x00, 0x00, 0x2f, 0x00, 0x00, 0x00,
  0x00, 0x00, 0x00, 0x00, 0x00, 0xcd, 0x00, 0x00, 0x00, 0x40, 0x00, 0x00,
  0x28, 0x00, 0x00, 0x00, 0xc7, 0x00, 0x00, 0x00, 0x00, 0x00, 0x00, 0x00,
  0x00, 0x00, 0x00, 0x00, 0x00, 0x00, 0x00, 0x00, 0xbd, 0x00, 0x1b, 0x00,
  0x00, 0x00, 0x00, 0x00, 0x1d, 0x00, 0x00, 0x00, 0x00, 0x00, 0x00, 0x1f,
  0x00, 0x00, 0xc9, 0x00, 0x2e, 0x00, 0x00, 0x00, 0x00, 0x00, 0x2b, 0x00,
  0x00, 0x00, 0x3b, 0x00, 0x00, 0x00, 0x00, 0x00, 0x00, 0x00, 0x00, 0x00,
  0x00, 0x00, 0x00, 0xcc, 0x27, 0x00, 0x00, 0x00, 0x00, 0x00, 0x00, 0xd7,
  0x00, 0x00, 0x00, 0x3c, 0x00, 0xd1, 0x3d, 0x00, 0x00, 0xe1, 0x00, 0xd2,
  0x37, 0x00, 0x00, 0x00, 0x00, 0x00, 0x44, 0x00, 0xbc, 0x00, 0x00, 0x00,
  0x00, 0x00, 0xb4, 0x00, 0x00, 0x00, 0x00, 0x00, 0x00, 0x00, 0xdf, 0x00,
  0x00, 0x00, 0xca, 0x00, 0x00, 0x1b, 0xbc, 0x00, 0xc0, 0x00, 0x00, 0x00,
  0x00, 0x00, 0x00, 0x00, 0x00, 0x1f, 0x00, 0x00, 0x00, 0xe3, 0x00, 0x00,
  0x00, 0x00, 0x00, 0x00, 0x00, 0x00, 0x00, 0xd4, 0x00, 0x00, 0x00, 0x41,
  0x00, 0x00, 0x00, 0x00, 0x00, 0x00, 0x00, 0x00, 0x00, 0x00, 0x00, 0x00,
  0x00, 0x00, 0x54, 0x00, 0x00, 0x00, 0x00, 0x00, 0x30, 0x00, 0x00, 0x00,
  0x00, 0x00, 0xe2, 0x00, 0x00, 0x00, 0x00, 0x00, 0x00, 0x00, 0x00, 0x55,
  0x00, 0x00, 0x00, 0x00, 0xc3, 0x00, 0x00, 0x00, 0x00, 0x00, 0x00, 0x00,
  0x00, 0x00, 0x00, 0x00, 0x00, 0xc7, 0x00, 0x2e, 0x00, 0x00, 0x00, 0x27,
  0x00, 0x00, 0x00, 0x00, 0x00, 0x00, 0x00, 0x00, 0x00, 0x00, 0x00, 0xb3,
  0xd1, 0x00, 0x00, 0x00, 0x00, 0x00, 0x00, 0x3b, 0x00, 0x00, 0x00, 0x00,
  0x00, 0x00, 0x00, 0x00, 0x00, 0x29, 0x00, 0x00, 0x00, 0x00, 0xbe, 0x00,
  0x47, 0xe3, 0x00, 0x00, 0x00, 0x00, 0x00, 0x00, 0x00, 0x00, 0x00, 0x00,
  0x00, 0x00, 0x00, 0x00, 0x00, 0x00, 0xdb, 0x00, 0x00, 0x00, 0x00, 0x00,
  0x00, 0x00, 0x00, 0x47, 0x00, 0x3b, 0x00, 0x3b, 0xbe, 0x00, 0x00, 0x00,
  0x00, 0x00, 0x00, 0x00, 0x00, 0x00, 0x00, 0x00, 0x00, 0x00, 0x00, 0x00,
  0x00, 0x00, 0xcb, 0x00, 0x00, 0x00, 0x00, 0x00, 0x33, 0x00, 0xe8, 0x00,
  0xc6, 0xd4, 0x00, 0x00, 0x00, 0x00, 0x00, 0x00, 0x00, 0x52, 0x00, 0x00,
  0x3b, 0x00, 0x00, 0x00, 0x00, 0x00, 0x00, 0x00, 0x00, 0x00, 0x00, 0x00,
  0x00, 0xd0, 0x00, 0x00, 0xd5, 0x00, 0x00, 0x00, 0x00, 0x00, 0x3d, 0x00,
  0x00, 0xdf, 0x00, 0xce, 0xec, 0x00, 0x00, 0xe4, 0xdf, 0x00, 0x00, 0x00,
  0x00, 0x00, 0x00, 0xbc, 0x00, 0xec, 0xda, 0x00, 0x00, 0x00, 0x00, 0xde,
  0x00, 0xcb, 0x00, 0x00, 0x00, 0x00, 0x00, 0x31, 0x00, 0x00, 0x00, 0x00,
  0x00, 0xd7, 0xc1, 0x00, 0x2c, 0x00, 0x00, 0x00, 0x00, 0xbc, 0x00, 0x00,
  0x00, 0x00, 0x00, 0x00, 0x00, 0x30, 0x00, 0x00, 0xd9, 0xd4, 0x00, 0x00,
  0x00, 0x00, 0xe9, 0x00, 0x00, 0x00, 0x00, 0x00, 0xd6, 0xde, 0x00, 0x00,
  0x00, 0x00, 0x00, 0xce, 0x00, 0x00, 0x00, 0x00, 0x00, 0x47, 0x00, 0x00,
  0x30, 0x00, 0x00, 0x00, 0x00, 0x00, 0x00, 0x2e, 0x00, 0x00, 0x29, 0x00,
  0x00, 0x33, 0x00, 0x00, 0x00, 0x00, 0xbd, 0x00, 0x00, 0x00, 0x00, 0x30,
  0x00, 0x00, 0x00, 0xa0, 0xae, 0x00, 0x00, 0x00, 0x00, 0x00, 0x00, 0x00,
  0xbd, 0x9e, 0x00, 0x00, 0x00, 0x00, 0x98, 0x00, 0x00, 0x00, 0xa3, 0x00,
  0x00, 0x00, 0x8d, 0x00, 0x00, 0xb7, 0x00, 0x00, 0x00, 0x8d, 0x00, 0x00,
  0x00, 0x00, 0x00, 0x14, 0x00, 0x81, 0x00, 0x00, 0x00, 0x00, 0x9f, 0x00,
  0x00, 0x00, 0x94, 0x00, 0x00, 0x00, 0x00, 0x00, 0x00, 0x2c, 0x00, 0x18,
  0x00, 0x00, 0x00, 0x00, 0x32, 0x00, 0x00, 0xbb, 0x00, 0x00, 0xc9, 0x2c,
  0x00, 0xde, 0x00, 0x00, 0x00, 0x00, 0xde, 0x00, 0x00, 0x00, 0x00, 0x00,
  0x00, 0x28, 0x00, 0x00, 0x2f, 0x19, 0x00, 0x00, 0x00, 0x00, 0x00, 0x00,
  0x00, 0x00, 0x5a, 0x00, 0x00, 0xca, 0x39, 0x00, 0x00, 0x40, 0x00, 0x00,
  0x00, 0x2e, 0x00, 0x00, 0x2e, 0xcc, 0x26, 0x39, 0x00, 0x00, 0x5a, 0x00,
  0x00, 0x00, 0x00, 0xbd, 0x00, 0x00, 0x00, 0x00, 0x00, 0xc8, 0x00, 0x00,
  0x00, 0x00, 0x00, 0x00, 0x00, 0xce, 0x00, 0x00, 0x00, 0x00, 0x00, 0x00,
  0x00, 0x00, 0x00, 0x00, 0x00, 0x00, 0x00, 0x00, 0x00, 0x12, 0x00, 0x2e,
  0x00, 0x00, 0x00, 0x00, 0x2f, 0x00, 0x00, 0x00, 0xc6, 0x00, 0x00, 0x24,
  0x00, 0x00, 0x28, 0xce, 0x00, 0x00, 0x00, 0x00, 0x00, 0x00, 0x28, 0x00,
  0x00, 0x00, 0x00, 0x47, 0x00, 0x00, 0x00, 0x00, 0x00, 0x14, 0x00, 0x00,
  0x00, 0x00, 0x00, 0xb2, 0x00, 0x00, 0xbf, 0xd0, 0x00, 0x00, 0x00, 0x00,
  0x00, 0xb9, 0x00, 0x00, 0x00, 0x00, 0xc2, 0x3e, 0x00, 0x00, 0xc7, 0x00,
  0x00, 0x00, 0x00, 0xc5, 0x00, 0x00, 0x00, 0x00, 0x00, 0x00, 0x00, 0x41,
  0x00, 0x00, 0x00, 0x00, 0x00, 0x00, 0xcc, 0x00, 0x00, 0x00, 0x00, 0x34,
  0x00, 0x00, 0x00, 0x00, 0x00, 0x00, 0x00, 0x3a, 0x00, 0x00, 0x00, 0xb8,
  0x00, 0x00, 0x00, 0x00, 0x00, 0xa6, 0x00, 0x00, 0x00, 0x00, 0x00, 0x00,
  0x00, 0x28, 0xc4, 0x00, 0x00, 0x00, 0x00, 0x00, 0x00, 0x00, 0x00, 0x00,
  0x00, 0x00, 0x00, 0x00, 0xc4, 0xe1, 0x00, 0x00, 0x00, 0x00, 0x00, 0x00,
  0x00, 0x00, 0x00, 0x00, 0xbc, 0x00, 0x00, 0x00, 0x00, 0xcc, 0x36, 0xd4,
  0x00, 0x37, 0x2c, 0x00, 0x00, 0xd6, 0x00, 0x00, 0x00, 0x00, 0x00, 0x00,
  0x00, 0x00, 0x00, 0x00, 0x00, 0x00, 0xc3, 0x00, 0x00, 0x00, 0xb2, 0x00,
  0x00, 0x00, 0x00, 0x00, 0x00, 0x00, 0x00, 0x00, 0xa1, 0x00, 0x00, 0x00,
  0x00, 0x00, 0x00, 0x00, 0xcd, 0x00, 0x00, 0x00, 0x00, 0x00, 0xc0, 0x00,
  0x00, 0x00, 0x00, 0x00, 0x00, 0x00, 0x00, 0x00, 0x00, 0x00, 0x00, 0xd3,
  0x41, 0x00, 0x28, 0x00, 0x00, 0xba, 0x00, 0x00, 0xc5, 0x00, 0x00, 0x00,
  0x00, 0xc3, 0x00, 0x00, 0x00, 0x00, 0x00, 0xbf, 0x00, 0x00, 0x00, 0xc3,
  0x00, 0x00, 0x00, 0x49, 0x00, 0x00, 0x00, 0x00, 0x00, 0xd5, 0x17, 0x00,
  0x00, 0x00, 0x00, 0x2e, 0x00, 0x00, 0x00, 0x26, 0x00, 0x00, 0x00, 0x00,
  0x00, 0x2a, 0x00, 0x2e, 0x00, 0x00, 0x00, 0x00, 0x00, 0x00, 0x00, 0x00,
  0x00, 0x47, 0x00, 0x00, 0xd5, 0x00, 0x00, 0x00, 0x00, 0x00, 0x00, 0x00,
  0x2a, 0x00, 0x2c, 0x00, 0x00, 0x00, 0x00, 0x00, 0x00, 0x00, 0x00, 0x00,
  0x00, 0x2e, 0x00, 0x00, 0x00, 0x00, 0x34, 0x00, 0x00, 0x00, 0x00, 0x51,
  0x3f, 0x00, 0x00, 0x00, 0xc6, 0x00, 0x00, 0x00, 0x3a, 0x00, 0x00, 0x00,
  0x00, 0x00, 0xad, 0x5e, 0x00, 0x00, 0x00, 0x00, 0x00, 0x00, 0x00, 0x00,
  0x00, 0x00, 0x00, 0x00, 0x00, 0xba, 0xfd, 0xd2, 0x00, 0x00, 0x00, 0x00,
  0x00, 0x00, 0x00, 0x00, 0x00, 0x00, 0x47, 0x00, 0x00, 0x00, 0x00, 0x00,
  0x54, 0x00, 0x4d, 0x00, 0x00, 0x2e, 0x00, 0x00, 0xda, 0x00, 0x00, 0x00,
  0x00, 0x00, 0x00, 0x00, 0x3a, 0x00, 0x00, 0xd8, 0x00, 0x00, 0x00, 0x00,
  0x00, 0x00, 0x00, 0x00, 0x00, 0x00, 0x37, 0x00, 0x00, 0x00, 0x00, 0x00,
  0x3c, 0x00, 0x00, 0x00, 0x00, 0x3d, 0x00, 0x00, 0x00, 0x00, 0x00, 0xdc,
  0xd2, 0x00, 0xd9, 0x00, 0x00, 0x00, 0x00, 0x00, 0x00, 0x00, 0xcf, 0x00,
  0x00, 0x00, 0x00, 0x00, 0x00, 0x00, 0x00, 0x00, 0x00, 0x00, 0xdc, 0x00,
  0x00, 0x00, 0x00, 0x00, 0x34, 0x00, 0xd3, 0x00, 0x3c, 0x00, 0x35, 0xb5,
  0x00, 0xd7, 0x00, 0x00, 0x00, 0x00, 0x00, 0x00, 0x00, 0xbc, 0x38, 0x2b,
  0x00, 0x00, 0x00, 0xc6, 0x00, 0xc1, 0x00, 0x33, 0x00, 0x00, 0x36, 0x00,
  0x00, 0x00, 0x00, 0x00, 0xd7, 0x00, 0x00, 0x00, 0x00, 0x00, 0x00, 0x26,
  0x35, 0x00, 0x00, 0x2c, 0x00, 0x00, 0xd5, 0x00, 0x30, 0x00, 0x00, 0x00,
  0x27, 0x00, 0x00, 0x00, 0x00, 0x00, 0x00, 0x00, 0x00, 0x00, 0x00, 0x00,
  0x00, 0x00, 0xcc, 0x00, 0x00, 0x00, 0x00, 0x00, 0x00, 0x00, 0x00, 0x47,
  0x00, 0x00, 0x00, 0x2d, 0x00, 0x00, 0x00, 0x00, 0xca, 0x00, 0x00, 0x00,
  0x00, 0x26, 0x00, 0xb6, 0xc8, 0x33, 0x00, 0xcd, 0x00, 0x00, 0x00, 0x00,
  0x3a, 0x00, 0x00, 0x00, 0x00, 0x00, 0x32, 0x00, 0x00, 0xc7, 0x00, 0x00,
  0x00, 0x00, 0x00, 0x00, 0x00, 0x31, 0x00, 0x00, 0x00, 0x00, 0x00, 0x00,
  0x1a, 0x1b, 0x00, 0x0b, 0x00, 0x00, 0x00, 0xad, 0x00, 0x00, 0x24, 0x1e,
  0x00, 0x00, 0x00, 0x00, 0x00, 0x00, 0x00, 0x00, 0x00, 0x00, 0x00, 0x00,
  0x00, 0x00, 0x28, 0xc3, 0x00, 0xb9, 0x00, 0x00, 0x00, 0x00, 0xc4, 0x00,
  0x00, 0x00, 0x00, 0x00, 0x00, 0x00, 0x00, 0x00, 0x00, 0x00, 0x00, 0x00,
  0x00, 0x00, 0x00, 0x00, 0x1d, 0x00, 0x00, 0x00, 0x00, 0x00, 0x00, 0x00,
  0x00, 0x00, 0x00, 0x00, 0x00, 0x00, 0x00, 0x00, 0xdb, 0x00, 0x34, 0x00,
  0x00, 0x00, 0x46, 0x00, 0x00, 0xbb, 0x00, 0x3e, 0x00, 0x00, 0x00, 0x00,
  0x00, 0x00, 0x00, 0x00, 0x36, 0x00, 0x00, 0x00, 0x00, 0x00, 0x00, 0xda,
  0x00, 0x00, 0x00, 0x00, 0x46, 0x00, 0x00, 0x00, 0x00, 0x33, 0x00, 0x00,
  0x00, 0x00, 0x00, 0x00, 0x36, 0x00, 0x00, 0x00, 0x00, 0x00, 0x00, 0x00,
  0x00, 0x00, 0x35, 0x00, 0xa4, 0x67, 0xff, 0xff, 0x4e, 0x68, 0xff, 0xff,
  0x04, 0x00, 0x00, 0x00, 0x00, 0x01, 0x00, 0x00, 0x3c, 0x0b, 0x00, 0x00,
  0x6f, 0x01, 0x00, 0x00, 0x24, 0x01, 0x00, 0x00, 0xa9, 0x01, 0x00, 0x00,
  0xdb, 0x0f, 0x00, 0x00, 0xd2, 0x0b, 0x00, 0x00, 0xf2, 0x05, 0x00, 0x00,
  0xbe, 0x01, 0x00, 0x00, 0x7f, 0x0e, 0x00, 0x00, 0x4d, 0x08, 0x00, 0x00,
  0x87, 0x0b, 0x00, 0x00, 0x4f, 0x07, 0x00, 0x00, 0x44, 0x0a, 0x00, 0x00,
  0x70, 0x0b, 0x00, 0x00, 0xcd, 0xff, 0xff, 0xff, 0x3d, 0x01, 0x00, 0x00,
  0xfb, 0xff, 0xff, 0xff, 0xfa, 0x09, 0x00, 0x00, 0x38, 0x05, 0x00, 0x00,
  0x1d, 0x07, 0x00, 0x00, 0xae, 0x0a, 0x00, 0x00, 0xb1, 0x04, 0x00, 0x00,
  0x60, 0x04, 0x00, 0x00, 0xeb, 0x13, 0x00, 0x00, 0x29, 0xfe, 0xff, 0xff,
  0x87, 0x01, 0x00, 0x00, 0x78, 0x06, 0x00, 0x00, 0x52, 0xff, 0xff, 0xff,
  0x5c, 0x07, 0x00, 0x00, 0xbf, 0x05, 0x00, 0x00, 0x8c, 0x04, 0x00, 0x00,
  0xfc, 0xff, 0xff, 0xff, 0xb4, 0xff, 0xff, 0xff, 0xa1, 0x08, 0x00, 0x00,
  0xa0, 0x08, 0x00, 0x00, 0x74, 0x0d, 0x00, 0x00, 0x7e, 0x02, 0x00, 0x00,
  0xd8, 0x00, 0x00, 0x00, 0xa6, 0x0d, 0x00, 0x00, 0xd5, 0xff, 0xff, 0xff,
  0xd5, 0x05, 0x00, 0x00, 0xd4, 0x0e, 0x00, 0x00, 0x5d, 0x05, 0x00, 0x00,
  0xd0, 0x08, 0x00, 0x00, 0xdc, 0x02, 0x00, 0x00, 0x5c, 0x02, 0x00, 0x00,
  0x15, 0xfc, 0xff, 0xff, 0xed, 0x05, 0x00, 0x00, 0x88, 0x07, 0x00, 0x00,
  0xfa, 0x09, 0x00, 0x00, 0xd1, 0x08, 0x00, 0x00, 0x94, 0x01, 0x00, 0x00,
  0xa6, 0x02, 0x00, 0x00, 0x27, 0x0d, 0x00, 0x00, 0x51, 0x10, 0x00, 0x00,
  0xb8, 0x0d, 0x00, 0x00, 0x2d, 0x0a, 0x00, 0x00, 0x89, 0x00, 0x00, 0x00,
  0x0c, 0x12, 0x00, 0x00, 0xff, 0x02, 0x00, 0x00, 0x72, 0x05, 0x00, 0x00,
  0xf3, 0x02, 0x00, 0x00, 0x7e, 0x0b, 0x00, 0x00, 0x51, 0x06, 0x00, 0x00,
  0x5a, 0x69, 0xff, 0xff, 0x04, 0x00, 0x00, 0x00, 0x00, 0x96, 0x00, 0x00,
  0x00, 0x00, 0x00, 0x00, 0x17, 0x00, 0x00, 0x00, 0x00, 0x00, 0x29, 0x18,
  0x00, 0x00, 0x00, 0x00, 0x00, 0x00, 0x00, 0x00, 0x00, 0x00, 0x00, 0x00,
  0x00, 0x00, 0x00, 0x00, 0x00, 0x00, 0x00, 0x00, 0x00, 0x00, 0x00, 0x00,
  0x00, 0x00, 0x00, 0x00, 0x00, 0x00, 0x00, 0xe8, 0x00, 0x00, 0x00, 0x00,
  0x00, 0xee, 0x00, 0x00, 0x00, 0x00, 0x00, 0xd9, 0x00, 0x00, 0x00, 0x00,
  0x00, 0xd2, 0x00, 0x00, 0x00, 0x00, 0x00, 0xea, 0x00, 0x2f, 0x00, 0x00,
  0x00, 0xe9, 0x00, 0x00, 0x00, 0x00, 0x00, 0xe3, 0x00, 0x00, 0x00, 0x00,
  0xfe, 0x00, 0x00, 0x00, 0x00, 0x13, 0x00, 0x00, 0x00, 0x00, 0x00, 0x09,
  0x00, 0x40, 0x00, 0x00, 0x00, 0x1b, 0x00, 0x00, 0x00, 0x00, 0x15, 0x00,
  0xc5, 0x00, 0x23, 0x00, 0x00, 0x00, 0x00, 0x00, 0x00, 0x00, 0x00, 0x00,
  0x00, 0x00, 0x00, 0x00, 0x00, 0x00, 0x00, 0x00, 0x00, 0x00, 0x00, 0x00,
  0x00, 0x00, 0x00, 0x00, 0x11, 0x00, 0x00, 0x00, 0x00, 0x00, 0x00, 0x00,
  0x00, 0x00, 0x00, 0x00, 0x00, 0x00, 0x00, 0xf9, 0x00, 0x00, 0x00, 0x00,
  0xd7, 0x00, 0x2b, 0x00, 0x00, 0x12, 0x00, 0x00, 0x00, 0x00, 0x00, 0x00,
  0x00, 0xcf, 0xe6, 0x00, 0x00, 0x0f, 0x00, 0xe5, 0xdd, 0x00, 0x00, 0x00,
  0x00, 0x00, 0x00, 0x00, 0x00, 0x00, 0x00, 0x00, 0xeb, 0x00, 0x00, 0x10,
  0x00, 0x00, 0x00, 0x00, 0x00, 0x00, 0x00, 0x00, 0x00, 0x00, 0x1f, 0x00,
  0xe1, 0x00, 0x00, 0x00, 0x00, 0x24, 0x00, 0x00, 0x00, 0x00, 0x00, 0x24,
  0xde, 0xe8, 0x00, 0x00, 0x00, 0x18, 0xc9, 0x00, 0x00, 0x00, 0x12, 0x00,
  0xce, 0x00, 0x00, 0x00, 0x00, 0x00, 0xda, 0x00, 0x00, 0x00, 0x11, 0x00,
  0x00, 0x00, 0x00, 0x00, 0x00, 0x00, 0xe6, 0x00, 0x00, 0x00, 0x00, 0x00,
  0x00, 0x00, 0x00, 0x00, 0x00, 0x00, 0x00, 0x00, 0x00, 0x00, 0x00, 0x00,
  0xc5, 0xc9, 0x00, 0x00, 0x00, 0xe0, 0x00, 0xd1, 0x00, 0x00, 0x00, 0x00,
  0x00, 0x00, 0x00, 0x00, 0x00, 0x00, 0x00, 0x00, 0xe7, 0x00, 0x00, 0x00,
  0x00, 0x00, 0xe8, 0x00, 0x00, 0x00, 0xfe, 0xe0, 0xe7, 0x00, 0x00, 0x17,
  0x00, 0x00, 0xe1, 0x00, 0x00, 0x00, 0xc1, 0x00, 0xe2, 0x00, 0x00, 0x00,
  0x00, 0x00, 0x00, 0x00, 0x00, 0x00, 0x00, 0xe5, 0x00, 0x00, 0x00, 0x26,
  0xc1, 0x00, 0x00, 0x00, 0x00, 0x00, 0x00, 0x1d, 0x00, 0x00, 0xdc, 0x20,
  0xe1, 0x00, 0xde, 0x00, 0x00, 0x00, 0x00, 0x00, 0x00, 0x00, 0x00, 0x00,
  0x00, 0x00, 0x00, 0x00, 0x00, 0x00, 0x00, 0x00, 0x20, 0x00, 0x00, 0x00,
  0x00, 0x00, 0x00, 0x00, 0x00, 0xd7, 0xc6, 0x00, 0x00, 0x00, 0x00, 0xd4,
  0x00, 0x30, 0x00, 0x00, 0xd7, 0xda, 0x00, 0x00, 0xeb, 0x00, 0xdb, 0x00,
  0x00, 0x00, 0xda, 0x00, 0x00, 0xd6, 0x00, 0x00, 0x00, 0x00, 0xe7, 0x00,
  0x00, 0xdc, 0x00, 0x00, 0x00, 0x00, 0x00, 0xe1, 0x00, 0x00, 0x00, 0xd1,
  0xd7, 0x00, 0x00, 0x00, 0x00, 0x00, 0x00, 0x00, 0x00, 0x00, 0x00, 0x00,
  0x00, 0x00, 0x00, 0x00, 0x00, 0x00, 0x24, 0x00, 0x00, 0x00, 0x00, 0x00,
  0x00, 0x00, 0xc1, 0xf0, 0x00, 0x00, 0x00, 0x00, 0x00, 0x00, 0x00, 0x00,
  0x00, 0x00, 0x00, 0x00, 0x00, 0x00, 0xd9, 0x00, 0x00, 0x00, 0x00, 0x00,
  0x00, 0x00, 0x00, 0x00, 0x2c, 0x00, 0xe9, 0x00, 0x00, 0x00, 0x3a, 0x00,
  0x00, 0x00, 0x00, 0x00, 0x28, 0x00, 0x00, 0x00, 0x00, 0x00, 0x00, 0xcd,
  0x00, 0xd3, 0x00, 0x00, 0x00, 0x00, 0x00, 0x00, 0x00, 0x00, 0x00, 0xc2,
  0x00, 0x00, 0x00, 0x00, 0x00, 0x00, 0x00, 0xd6, 0x00, 0x00, 0x00, 0xc9,
  0x00, 0xdf, 0x00, 0x00, 0xeb, 0xc4, 0x00, 0x00, 0x00, 0x00, 0x00, 0x00,
  0x00, 0x00, 0xcc, 0x00, 0x00, 0x00, 0x00, 0x00, 0x00, 0x00, 0x00, 0x00,
  0x18, 0xec, 0x00, 0x00, 0x00, 0x00, 0xe2, 0xe3, 0xe0, 0x00, 0x00, 0x00,
  0x00, 0x00, 0xe7, 0x00, 0x00, 0x00, 0x00, 0x00, 0xc7, 0x00, 0x00, 0x00,
  0xcb, 0x00, 0xd3, 0x00, 0x00, 0x00, 0x00, 0x00, 0x00, 0x00, 0x00, 0x10,
  0x00, 0x00, 0x00, 0x00, 0x00, 0x00, 0x00, 0x00, 0x00, 0x00, 0x00, 0x00,
  0x00, 0x00, 0x00, 0x00, 0x00, 0x00, 0xca, 0x00, 0x00, 0x00, 0x2d, 0x00,
  0x00, 0x00, 0xec, 0x00, 0x00, 0x00, 0x00, 0xff, 0xe7, 0x00, 0x00, 0x00,
  0x00, 0x00, 0x00, 0x00, 0x00, 0x00, 0x00, 0xe8, 0xe0, 0x00, 0x00, 0x2a,
  0x00, 0x00, 0x00, 0x00, 0x00, 0x00, 0x00, 0x00, 0xe4, 0x00, 0x00, 0x00,
  0x00, 0x00, 0xd8, 0x34, 0x00, 0x00, 0x00, 0x00, 0xe3, 0x00, 0x00, 0x00,
  0x00, 0x00, 0xe1, 0x00, 0x00, 0x00, 0x00, 0x00, 0x00, 0x29, 0x00, 0x00,
  0x00, 0xe5, 0x00, 0x31, 0x00, 0x00, 0x00, 0xe4, 0x00, 0x35, 0x00, 0x00,
  0xe2, 0x00, 0x00, 0x3a, 0x00, 0x00, 0x00, 0x00, 0x00, 0x00, 0x00, 0x00,
  0x00, 0x26, 0x00, 0x00, 0x00, 0x00, 0x00, 0x20, 0x00, 0x35, 0x00, 0x00,
  0x00, 0x00, 0x00, 0x00, 0x00, 0x00, 0x00, 0x00, 0x00, 0x2f, 0x00, 0x27,
  0x00, 0x00, 0x00, 0x00, 0x00, 0x00, 0xeb, 0x00, 0x00, 0x00, 0x00, 0x00,
  0x00, 0x00, 0x00, 0x3f, 0x00, 0x00, 0x00, 0x00, 0x00, 0x00, 0xe2, 0x00,
  0x00, 0xe6, 0x00, 0x00, 0x00, 0x00, 0x00, 0x00, 0x00, 0x00, 0x00, 0x00,
  0x00, 0x00, 0x00, 0x00, 0x00, 0xec, 0x00, 0x00, 0x00, 0x00, 0x00, 0x00,
  0x00, 0x00, 0x00, 0x00, 0x00, 0x00, 0x00, 0x00, 0x00, 0x36, 0x00, 0x00,
  0x00, 0x00, 0x00, 0x00, 0x00, 0x24, 0x00, 0x00, 0x00, 0x33, 0x00, 0x00,
  0x00, 0x00, 0x00, 0x30, 0x00, 0x1e, 0x00, 0x00, 0x00, 0x00, 0x00, 0x00,
  0x00, 0x00, 0x00, 0x00, 0x00, 0x00, 0x00, 0x00, 0x00, 0x00, 0x00, 0x00,
  0x00, 0x00, 0xe7, 0x00, 0x00, 0x00, 0x00, 0x00, 0x00, 0x2a, 0x00, 0x00,
  0x00, 0x15, 0x00, 0x00, 0x00, 0x00, 0x00, 0x00, 0x00, 0x00, 0x00, 0x00,
  0x00, 0x00, 0x00, 0x26, 0x00, 0x00, 0x00, 0x00, 0x00, 0x28, 0x00, 0x00,
  0x00, 0x00, 0x19, 0x00, 0x00, 0x00, 0x00, 0x00, 0x00, 0x00, 0x00, 0x00,
  0xcb, 0x00, 0x00, 0x00, 0x00, 0x00, 0x00, 0x00, 0x00, 0x2a, 0x00, 0x00,
  0x00, 0x00, 0x00, 0x00, 0x00, 0x00, 0x00, 0x00, 0x00, 0x1e, 0xe8, 0x00,
  0x00, 0x00, 0x00, 0x30, 0xe7, 0x00, 0x00, 0xe8, 0x00, 0x00, 0x00, 0x00,
  0x00, 0x00, 0x00, 0x00, 0x00, 0x00, 0x00, 0xd2, 0x00, 0x00, 0x00, 0x00,
  0x00, 0xcb, 0x00, 0x00, 0x00, 0x1f, 0x00, 0xe1, 0x00, 0x00, 0x00, 0x00,
  0x00, 0x00, 0x00, 0x00, 0x00, 0x1f, 0x00, 0x00, 0x00, 0x2a, 0x00, 0x00,
  0x00, 0x00, 0x00, 0x00, 0x00, 0x00, 0x00, 0xdf, 0x00, 0x28, 0x1c, 0x2c,
  0x00, 0x00, 0x00, 0x00, 0x00, 0x00, 0x00, 0x00, 0x00, 0x00, 0x1d, 0x28,
  0x00, 0x00, 0x00, 0x00, 0x00, 0x00, 0x00, 0x00, 0x00, 0x32, 0x00, 0x00,
  0x00, 0x00, 0x00, 0x00, 0x00, 0x00, 0x00, 0x00, 0xc9, 0x2c, 0x00, 0x26,
  0x00, 0x00, 0xd3, 0x31, 0x00, 0x00, 0x00, 0x00, 0xd0, 0x00, 0x00, 0x27,
  0x00, 0x00, 0x00, 0x00, 0x00, 0x00, 0x00, 0x00, 0x00, 0x00, 0x00, 0x00,
  0x00, 0x00, 0x00, 0x00, 0x13, 0x00, 0x00, 0x14, 0x00, 0x00, 0x00, 0x00,
  0xd8, 0x00, 0x00, 0x00, 0x00, 0x00, 0xda, 0x00, 0x00, 0x00, 0x00, 0x00,
  0x00, 0x00, 0xe7, 0x00, 0x00, 0x00, 0xed, 0xe2, 0x00, 0x00, 0x00, 0x00,
  0x00, 0x00, 0xf4, 0x2f, 0x00, 0x25, 0x00, 0xdc, 0xef, 0x00, 0x00, 0x00,
  0x00, 0x00, 0x00, 0x00, 0x00, 0x20, 0x00, 0xe5, 0x00, 0x00, 0x00, 0x00,
  0x00, 0xe8, 0x00, 0x00, 0x00, 0x00, 0x00, 0x00, 0x00, 0x20, 0x16, 0x00,
  0x00, 0x00, 0x00, 0x00, 0x00, 0x00, 0x00, 0x00, 0x00, 0x00, 0x00, 0x1d,
  0x00, 0x00, 0x00, 0x00, 0x00, 0x00, 0xda, 0x00, 0x00, 0x00, 0x00, 0x1b,
  0x00, 0x00, 0x00, 0x00, 0x00, 0x00, 0x00, 0x00, 0x00, 0x00, 0x00, 0x00,
  0x00, 0x00, 0xdf, 0x00, 0x00, 0x00, 0x00, 0x00, 0xda, 0x00, 0x00, 0x00,
  0x00, 0x00, 0x00, 0x00, 0x00, 0x00, 0x00, 0x00, 0x00, 0x1d, 0x00, 0x00,
  0x00, 0xe2, 0x00, 0x00, 0x00, 0x1e, 0x00, 0x00, 0x00, 0x00, 0x00, 0x00,
  0x00, 0x00, 0x00, 0x00, 0x00, 0x00, 0x00, 0x00, 0x00, 0x1b, 0x00, 0x00,
  0x00, 0x17, 0x00, 0x00, 0x00, 0x00, 0x00, 0x13, 0xd9, 0x22, 0x00, 0x23,
  0x00, 0x00, 0x00, 0x00, 0x00, 0x00, 0x00, 0x21, 0x00, 0x00, 0x00, 0x1e,
  0x00, 0x00, 0x00, 0x00, 0x00, 0x00, 0x00, 0x00, 0x00, 0x00, 0x00, 0x00,
  0x00, 0xde, 0x00, 0x00, 0x00, 0x00, 0x00, 0xcc, 0x00, 0x00, 0x00, 0x00,
  0x00, 0xde, 0x00, 0x20, 0x00, 0x00, 0x00, 0x00, 0xde, 0x2d, 0x00, 0x23,
  0x00, 0x00, 0x00, 0x00, 0x00, 0x2c, 0xe2, 0x00, 0x00, 0x00, 0x27, 0x37,
  0x00, 0x00, 0x00, 0x31, 0x00, 0x2f, 0x00, 0x00, 0x00, 0x25, 0x00, 0x2f,
  0x00, 0x00, 0x00, 0x00, 0x00, 0x00, 0x00, 0x00, 0x00, 0x00, 0x00, 0x00,
  0x00, 0x00, 0x00, 0x00, 0x00, 0x00, 0x00, 0x00, 0x00, 0x00, 0x00, 0x00,
  0x00, 0x00, 0x00, 0x00, 0xef, 0x00, 0x00, 0x00, 0x00, 0x23, 0xe5, 0x00,
  0x00, 0x00, 0x00, 0x00, 0xed, 0x00, 0x00, 0x1b, 0x00, 0x00, 0xeb, 0x00,
  0x00, 0x00, 0x00, 0x00, 0xee, 0x00, 0x00, 0x00, 0x00, 0xe8, 0xf2, 0x00,
  0x00, 0x00, 0x00, 0x00, 0x00, 0xd6, 0x00, 0x00, 0x00, 0x00, 0x00, 0x00,
  0x00, 0x00, 0x00, 0x00, 0x00, 0xd3, 0x00, 0x00, 0x00, 0x00, 0x00, 0x00,
  0x00, 0x00, 0x15, 0x00, 0x00, 0x00, 0x00, 0x00, 0x00, 0x00, 0x00, 0x00,
  0x00, 0x00, 0x00, 0x00, 0x00, 0x00, 0x00, 0x00, 0x00, 0x00, 0x00, 0x00,
  0x00, 0x00, 0x00, 0x00, 0x00, 0x00, 0x00, 0x00, 0x00, 0x00, 0x00, 0x00,
  0x00, 0x00, 0x00, 0x00, 0x00, 0x00, 0x00, 0x00, 0x00, 0x00, 0x00, 0x00,
  0x00, 0x00, 0x00, 0xe0, 0x00, 0x00, 0x00, 0x00, 0x00, 0x00, 0x00, 0x00,
  0x00, 0x00, 0x00, 0x00, 0x2e, 0xd4, 0x00, 0x00, 0x00, 0xdd, 0x2c, 0xd4,
  0x00, 0x00, 0x00, 0x00, 0x00, 0xd0, 0x00, 0x00, 0x00, 0x00, 0x2b, 0xce,
  0x00, 0x00, 0x00, 0x00, 0x00, 0xda, 0x00, 0x00, 0x00, 0x00, 0x24, 0x00,
  0x00, 0x00, 0xd1, 0x00, 0x00, 0x00, 0x00, 0x00, 0x00, 0x00, 0x00, 0x00,
  0x00, 0x00, 0xc5, 0x00, 0x00, 0x00, 0x00, 0xed, 0xbe, 0x00, 0x00, 0x00,
  0x00, 0x00, 0xd2, 0x00, 0x00, 0x00, 0x00, 0x00, 0xdc, 0x00, 0x00, 0x00,
  0x00, 0x00, 0xd5, 0x00, 0x00, 0x00, 0x00, 0xcc, 0xd3, 0x00, 0x00, 0x00,
  0x00, 0xc0, 0xd8, 0x00, 0xd2, 0x00, 0x00, 0x00, 0x00, 0x00, 0x00, 0x00,
  0x0f, 0x00, 0x00, 0x00, 0xdd, 0x2f, 0x00, 0x00, 0xc2, 0x00, 0xcf, 0x28,
  0xeb, 0x00, 0xc6, 0x00, 0xcd, 0x00, 0x00, 0x00, 0xd0, 0xe8, 0xce, 0x43,
  0x00, 0x00, 0xc5, 0x00, 0xc1, 0x3e, 0x00, 0x00, 0xc2, 0x1b, 0xcb, 0x38,
  0x00, 0x00, 0x00, 0x00, 0x00, 0x41, 0x00, 0x00, 0x00, 0x00, 0x00, 0x00,
  0x00, 0x00, 0x00, 0x00, 0x00, 0x00, 0x00, 0x00, 0x00, 0x00, 0xc4, 0x00,
  0x00, 0x00, 0x00, 0x00, 0x00, 0x00, 0x00, 0x00, 0x00, 0x27, 0xc3, 0x00,
  0x00, 0x00, 0xd2, 0x00, 0xb9, 0x00, 0x00, 0x00, 0x00, 0x00, 0x00, 0x00,
  0x00, 0x00, 0x00, 0x00, 0x00, 0x00, 0x00, 0x00, 0xc7, 0x00, 0x00, 0x00,
  0x00, 0x00, 0x00, 0x00, 0xc2, 0x21, 0x00, 0x00, 0x00, 0x00, 0x00, 0x00,
  0x00, 0x00, 0x00, 0x00, 0x00, 0x00, 0x00, 0x00, 0x00, 0xf3, 0x00, 0x00,
  0x00, 0x00, 0x00, 0xf8, 0x00, 0x00, 0x00, 0x00, 0x00, 0x00, 0x00, 0xe5,
  0x00, 0x00, 0x00, 0x00, 0x00, 0xe5, 0x00, 0x00, 0x00, 0x00, 0x00, 0xe5,
  0x00, 0x00, 0x00, 0x00, 0x19, 0xe6, 0x00, 0x00, 0x00, 0x00, 0x00, 0xe7,
  0x00, 0x00, 0x00, 0x00, 0x00, 0x00, 0x00, 0x00, 0x00, 0x00, 0x00, 0x00,
  0x00, 0x00, 0x00, 0x00, 0x00, 0x00, 0x00, 0x00, 0x00, 0x00, 0x00, 0xda,
  0x00, 0x00, 0x00, 0x00, 0x00, 0xe0, 0x00, 0xd9, 0x00, 0x00, 0x00, 0x00,
  0x00, 0xe8, 0x00, 0x00, 0x00, 0x00, 0x00, 0x00, 0x00, 0x00, 0x00, 0x00,
  0x00, 0x00, 0x00, 0x00, 0x00, 0x00, 0x00, 0x00, 0x00, 0x00, 0x00, 0x00,
  0x28, 0x00, 0x00, 0x00, 0x00, 0x00, 0x00, 0x00, 0x00, 0x00, 0x00, 0x00,
  0xe1, 0x19, 0x00, 0xd0, 0x5a, 0x00, 0x00, 0x00, 0x00, 0x00, 0x6b, 0x00,
  0x00, 0x00, 0x00, 0x00, 0x00, 0x00, 0x00, 0x00, 0x00, 0x00, 0x00, 0x00,
  0x00, 0x00, 0x00, 0x00, 0x00, 0x00, 0x00, 0x00, 0x00, 0x00, 0x45, 0x00,
  0x00, 0x00, 0x00, 0x00, 0x00, 0x00, 0x00, 0x00, 0x00, 0x00, 0x00, 0xca,
  0x00, 0x00, 0x00, 0x00, 0x00, 0xc1, 0x00, 0x00, 0x00, 0x00, 0x00, 0xc9,
  0x00, 0x00, 0x00, 0x00, 0x00, 0xd6, 0xe9, 0x00, 0x00, 0x00, 0xfa, 0x00,
  0x00, 0x00, 0x00, 0x00, 0x00, 0x1e, 0x00, 0x00, 0x00, 0x00, 0xe6, 0x28,
  0x00, 0x00, 0x00, 0x00, 0x00, 0x37, 0x00, 0x00, 0x00, 0x00, 0xe3, 0x00,
  0x00, 0xd9, 0x00, 0x00, 0x00, 0x2d, 0x00, 0x00, 0x00, 0x00, 0x00, 0x31,
  0x00, 0x00, 0x00, 0xf9, 0x00, 0xdf, 0x00, 0xb2, 0x00, 0x00, 0x00, 0x00,
  0x00, 0xb2, 0x00, 0x00, 0x00, 0x00, 0x00, 0x00, 0x00, 0x00, 0xd6, 0x00,
  0x00, 0x00, 0x03, 0x00, 0x00, 0x00, 0x00, 0x00, 0x07, 0x00, 0x00, 0x00,
  0x16, 0x00, 0x00, 0x00, 0x00, 0x00, 0x00, 0xb1, 0x00, 0x00, 0x00, 0x00,
  0x00, 0x00, 0x00, 0x00, 0x00, 0x00, 0x00, 0xb3, 0x00, 0x00, 0x00, 0x00,
  0x00, 0x00, 0x00, 0x29, 0x00, 0x00, 0x00, 0x99, 0x00, 0x00, 0x00, 0x00,
  0x00, 0xac, 0x00, 0x00, 0xe2, 0x00, 0x00, 0x00, 0x00, 0x00, 0xd5, 0x00,
  0x18, 0x00, 0x00, 0x00, 0xd1, 0x00, 0x00, 0xb0, 0x00, 0x00, 0x00, 0xe8,
  0x00, 0x00, 0x00, 0x00, 0x00, 0x00, 0x00, 0xc5, 0x00, 0x00, 0x00, 0x00,
  0x00, 0x00, 0x00, 0x00, 0x00, 0x00, 0x00, 0xc4, 0x00, 0x00, 0x00, 0x00,
  0x00, 0xbf, 0x25, 0xe6, 0x00, 0x00, 0x00, 0xc5, 0x26, 0x00, 0x00, 0x00,
  0x00, 0x00, 0x00, 0x00, 0x18, 0x00, 0x00, 0x00, 0x00, 0x00, 0x1a, 0xf3,
  0x00, 0x00, 0x2d, 0x00, 0x09, 0x00, 0x00, 0x00, 0x00, 0x00, 0x00, 0x00,
  0x00, 0x00, 0x2b, 0x00, 0x00, 0x00, 0x00, 0x00, 0x2f, 0x00, 0x00, 0x00,
  0x00, 0xbf, 0x00, 0x21, 0x00, 0xf3, 0x00, 0xba, 0x00, 0x00, 0x00, 0x00,
  0x00, 0xab, 0x00, 0x00, 0x00, 0x00, 0x00, 0x00, 0x00, 0x00, 0x00, 0x00,
  0x00, 0xbc, 0x00, 0x17, 0x00, 0x00, 0x3b, 0xaf, 0x00, 0x00, 0x00, 0x00,
  0x3d, 0x00, 0x00, 0x00, 0x00, 0x00, 0x00, 0xb5, 0x00, 0x00, 0x00, 0x00,
  0x29, 0x00, 0x00, 0x00, 0x00, 0x00, 0x00, 0xc1, 0x00, 0x00, 0x00, 0x00,
  0x1c, 0x00, 0x00, 0x00, 0x00, 0x00, 0x1a, 0xc6, 0x00, 0x00, 0x00, 0x00,
  0x00, 0x00, 0x00, 0x00, 0x00, 0x00, 0x12, 0x00, 0x00, 0x00, 0x1c, 0x00,
  0x00, 0xd4, 0x00, 0x00, 0x00, 0x00, 0x00, 0x00, 0x00, 0x00, 0x00, 0x00,
  0x00, 0xcd, 0x00, 0x00, 0x00, 0x00, 0x00, 0xd0, 0x00, 0x00, 0x00, 0xd5,
  0x00, 0x00, 0x00, 0x00, 0x16, 0x00, 0x00, 0x00, 0x00, 0x00, 0x27, 0xda,
  0x15, 0x00, 0x00, 0x00, 0x00, 0xca, 0x15, 0xbd, 0x00, 0x00, 0x17, 0x00,
  0x16, 0xae, 0x00, 0x00, 0x00, 0x00, 0x00, 0xb4, 0x00, 0x00, 0x13, 0x00,
  0x00, 0x00, 0x00, 0xd8, 0x00, 0x00, 0x00, 0x00, 0x00, 0x00, 0x00, 0x00,
  0x00, 0xc4, 0x00, 0x00, 0x00, 0x00, 0x00, 0xbe, 0x00, 0x00, 0x00, 0x00,
  0x00, 0xc6, 0x00, 0xe5, 0x13, 0x00, 0x00, 0xc4, 0x00, 0xe9, 0x00, 0x00,
  0x00, 0xbc, 0x40, 0x00, 0x13, 0x00, 0x00, 0xc2, 0x00, 0x00, 0x00, 0x00,
  0x00, 0x00, 0x28, 0x00, 0x1b, 0x00, 0x00, 0x00, 0x25, 0xe5, 0x00, 0x00,
  0x00, 0x00, 0x00, 0xf0, 0x1a, 0xe4, 0x00, 0x00, 0x00, 0x00, 0x17, 0x00,
  0x00, 0x00, 0xf6, 0x00, 0x00, 0xeb, 0x00, 0x00, 0x00, 0x00, 0x00, 0x00,
  0x00, 0xc8, 0x00, 0x00, 0x00, 0x00, 0x00, 0xc5, 0x00, 0x00, 0xde, 0x00,
  0x00, 0xbb, 0x00, 0x00, 0xdb, 0x00, 0x00, 0xd3, 0x00, 0x00, 0x00, 0x00,
  0x00, 0x00, 0x00, 0x00, 0x00, 0x00, 0x00, 0x00, 0x00, 0x00, 0x00, 0xd5,
  0x2d, 0x00, 0x00, 0x00, 0x00, 0x00, 0x00, 0x00, 0x00, 0x00, 0x00, 0x00,
  0x2b, 0x00, 0x00, 0x00, 0x00, 0x00, 0x25, 0x00, 0xf5, 0x00, 0x00, 0x00,
  0x00, 0x00, 0xf5, 0x00, 0x00, 0x19, 0x2d, 0x00, 0xed, 0x00, 0x00, 0x00,
  0x00, 0xc6, 0xec, 0x00, 0xd1, 0x00, 0x00, 0xd6, 0x00, 0x00, 0x00, 0x00,
  0x00, 0xd2, 0x00, 0x00, 0xdb, 0x00, 0x00, 0x00, 0x00, 0x00, 0x00, 0x00,
  0x00, 0x00, 0xe0, 0x00, 0xd9, 0x00, 0x00, 0x00, 0x00, 0x00, 0xd1, 0x00,
  0x00, 0x00, 0xf1, 0x00, 0xc7, 0x1d, 0x00, 0x00, 0x00, 0x00, 0xdc, 0x00,
  0x00, 0x00, 0x00, 0x00, 0x00, 0x27, 0x00, 0x00, 0x17, 0x00, 0xd6, 0x00,
  0x00, 0xbd, 0x00, 0x00, 0x00, 0x00, 0x00, 0xb0, 0x00, 0x00, 0x00, 0x00,
  0x00, 0xbc, 0x00, 0x00, 0x00, 0x20, 0x00, 0x00, 0x00, 0x00, 0x00, 0x00,
  0x00, 0xba, 0x00, 0x00, 0x00, 0x14, 0x00, 0x00, 0x00, 0x02, 0x00, 0xe1,
  0x00, 0xc2, 0x25, 0x00, 0x19, 0x00, 0x00, 0xc3, 0x27, 0x00, 0x13, 0xdf,
  0x00, 0xc0, 0x2e, 0xfa, 0x00, 0xda, 0x00, 0x00, 0x20, 0x00, 0x20, 0xbb,
  0x00, 0x00, 0x20, 0x00, 0x23, 0xd3, 0x00, 0x00, 0x00, 0x00, 0x00, 0xce,
  0x00, 0xcb, 0x00, 0x00, 0x00, 0xce, 0x00, 0x00, 0x00, 0x00, 0xc3, 0x00,
  0x00, 0x00, 0x00, 0x00, 0x00, 0x00, 0x00, 0x00, 0x00, 0x00, 0x00, 0x00,
  0x00, 0x00, 0x00, 0x00, 0x00, 0x00, 0x00, 0x00, 0x00, 0x00, 0x00, 0x00,
  0x00, 0x00, 0x00, 0x09, 0x00, 0x00, 0x00, 0x00, 0x00, 0x00, 0x00, 0x00,
  0x00, 0x00, 0x00, 0x00, 0x00, 0x00, 0x00, 0xc6, 0x00, 0x00, 0x00, 0x00,
  0x00, 0x00, 0x00, 0x00, 0x00, 0x00, 0x00, 0x00, 0x00, 0x00, 0x00, 0x00,
  0x00, 0x00, 0x00, 0x00, 0x00, 0x00, 0x00, 0xcd, 0x00, 0x00, 0x00, 0x00,
  0x00, 0x00, 0x00, 0x00, 0x00, 0x00, 0x00, 0xcb, 0x00, 0x00, 0x00, 0x00,
  0x22, 0x00, 0x00, 0x00, 0xc8, 0x00, 0x2b, 0x00, 0x00, 0x00, 0xc7, 0x00,
  0x00, 0xca, 0x00, 0x00, 0x00, 0x00, 0x24, 0x00, 0x00, 0x00, 0x00, 0x00,
  0x00, 0x00, 0x00, 0x00, 0x00, 0x00, 0x1e, 0xd7, 0x00, 0x00, 0x00, 0x00,
  0x21, 0xd4, 0x00, 0x00, 0x00, 0x00, 0x00, 0xdf, 0x00, 0x00, 0x00, 0x00,
  0x00, 0x00, 0x00, 0x00, 0x00, 0x00, 0x00, 0xdb, 0x00, 0x00, 0x00, 0x00,
  0x00, 0x00, 0x00, 0x00, 0xdd, 0x00, 0x25, 0x00, 0x00, 0x00, 0x00, 0x00,
  0x00, 0xd2, 0x00, 0x00, 0x00, 0x00, 0x00, 0xd4, 0x00, 0x00, 0x00, 0xd6,
  0x00, 0xd5, 0x00, 0x00, 0x00, 0x00, 0x00, 0xd7, 0x00, 0x00, 0x00, 0x00,
  0x00, 0xdc, 0x00, 0x00, 0x00, 0xcb, 0x24, 0xdc, 0x00, 0x00, 0x00, 0xd1,
  0x00, 0x00, 0x00, 0x00, 0x00, 0x00, 0x00, 0xc6, 0x00, 0x00, 0x00, 0x00,
  0x1e, 0xc9, 0x00, 0x00, 0x00, 0xdc, 0x00, 0xce, 0x07, 0x00, 0x00, 0xbc,
  0x00, 0x00, 0x05, 0x00, 0x08, 0xd0, 0x00, 0xd5, 0x00, 0x00, 0x00, 0x00,
  0x00, 0xdc, 0x00, 0x00, 0x00, 0xc5, 0x00, 0xe1, 0x00, 0x00, 0x00, 0xc5,
  0x00, 0xda, 0x00, 0x00, 0x00, 0x00, 0x00, 0x00, 0x00, 0x00, 0x00, 0xc7,
  0x00, 0xcf, 0x00, 0x00, 0x00, 0xc6, 0x00, 0x00, 0x00, 0x00, 0x00, 0x00,
  0x00, 0x00, 0x00, 0x00, 0x0b, 0x00, 0x00, 0x00, 0x00, 0x00, 0x0e, 0x00,
  0x00, 0x00, 0x00, 0x00, 0x13, 0x00, 0x00, 0x00, 0x00, 0x00, 0x00, 0x00,
  0x00, 0x00, 0x00, 0x00, 0x00, 0x00, 0x27, 0x00, 0x00, 0x00, 0x00, 0xd4,
  0x00, 0x00, 0x00, 0x00, 0x00, 0x00, 0x00, 0x00, 0x00, 0x00, 0x00, 0x00,
  0x00, 0x00, 0xe0, 0x00, 0xd9, 0x00, 0x00, 0x00, 0xd5, 0x00, 0x00, 0x00,
  0x00, 0x00, 0x00, 0x00, 0x00, 0x00, 0x00, 0xbc, 0x00, 0x30, 0xe0, 0x00,
  0x00, 0x00, 0x00, 0x35, 0x00, 0x00, 0x00, 0xe2, 0x00, 0x00, 0xec, 0x00,
  0x2c, 0x00, 0x00, 0x44, 0xe7, 0x00, 0x00, 0x00, 0xd3, 0x00, 0xed, 0x00,
  0x00, 0x00, 0x00, 0x3d, 0xf0, 0x00, 0x26, 0x00, 0xc4, 0x00, 0x00, 0x0e,
  0x00, 0xd5, 0x00, 0x00, 0x00, 0x00, 0x00, 0x00, 0x00, 0x00, 0x00, 0x00,
  0x00, 0x00, 0x00, 0x00, 0xc7, 0x00, 0x00, 0x00, 0x00, 0x00, 0x00, 0x00,
  0x00, 0xc6, 0x00, 0x00, 0xd0, 0x00, 0x28, 0xc8, 0x00, 0x00, 0xcd, 0x00,
  0x00, 0xbf, 0x00, 0x00, 0xcc, 0x00, 0x00, 0xd0, 0x00, 0x00, 0x00, 0x00,
  0x00, 0x00, 0x00, 0x00, 0x00, 0x00, 0x00, 0x00, 0x00, 0x0b, 0x00, 0x00,
  0x00, 0x00, 0x00, 0x09, 0x00, 0x00, 0x00, 0x00, 0x00, 0x00, 0x00, 0xd0,
  0x00, 0xd0, 0x00, 0x00, 0x00, 0x00, 0x00, 0x00, 0x00, 0x00, 0x07, 0xd2,
  0x00, 0x00, 0x00, 0x00, 0x19, 0x00, 0x00, 0x00, 0x00, 0x00, 0x00, 0x00,
  0x00, 0x00, 0x00, 0x3f, 0x00, 0x00, 0x00, 0x00, 0x00, 0x00, 0x00, 0x00,
  0x00, 0x00, 0x00, 0x00, 0x00, 0x00, 0x00, 0xd9, 0x00, 0x00, 0x00, 0x00,
  0x00, 0x00, 0x00, 0x00, 0x00, 0x00, 0x1e, 0x00, 0x00, 0x00, 0x00, 0x00,
  0x00, 0xd3, 0x00, 0x00, 0x00, 0x00, 0x00, 0x00, 0x00, 0x00, 0x00, 0x00,
  0x00, 0x00, 0x00, 0x00, 0x17, 0x08, 0x00, 0x00, 0x00, 0x00, 0x00, 0x00,
  0x2b, 0x00, 0xd7, 0x00, 0xda, 0x00, 0x00, 0x00, 0xd5, 0x00, 0x00, 0x00,
  0x00, 0x00, 0x00, 0x37, 0xdf, 0x00, 0x00, 0x00, 0x00, 0x41, 0x00, 0x00,
  0x00, 0x00, 0x00, 0x3a, 0xe6, 0x06, 0x00, 0xe4, 0x00, 0x36, 0xe0, 0x00,
  0x00, 0xe4, 0x00, 0x00, 0xdd, 0x08, 0x00, 0x00, 0x00, 0x00, 0xc7, 0x00,
  0x00, 0x00, 0xcb, 0x00, 0xbd, 0x00, 0x1d, 0xde, 0x00, 0x00, 0xe2, 0x09,
  0x00, 0x00, 0x00, 0x00, 0xc6, 0x00, 0x00, 0x00, 0x00, 0x00, 0x00, 0x00,
  0x00, 0x00, 0x00, 0x00, 0x00, 0x00, 0x00, 0x00, 0x00, 0x00, 0x00, 0x00,
  0x00, 0x00, 0x00, 0x33, 0x00, 0x00, 0x00, 0x00, 0x00, 0x00, 0x00, 0x00,
  0x00, 0xd7, 0x00, 0x00, 0x00, 0x00, 0x00, 0x00, 0x00, 0x00, 0x00, 0x00,
  0x00, 0x00, 0x00, 0x00, 0x00, 0x00, 0x00, 0x00, 0x00, 0x00, 0x00, 0x00,
  0x14, 0x00, 0x00, 0x37, 0x00, 0x00, 0x00, 0x00, 0x00, 0x00, 0x00, 0x00,
  0x00, 0x00, 0x00, 0x00, 0x00, 0x00, 0x2d, 0x00, 0x00, 0x00, 0x00, 0x00,
  0x1e, 0x00, 0x00, 0x00, 0xe4, 0x00, 0x00, 0x00, 0x00, 0x00, 0x00, 0x00,
  0x00, 0x00, 0x00, 0x3c, 0x00, 0x00, 0x00, 0x00, 0x00, 0x00, 0x00, 0x00,
  0x1f, 0x00, 0x00, 0x00, 0xa9, 0x00, 0x00, 0x00, 0x00, 0x00, 0x00, 0x00,
  0x00, 0xf4, 0x00, 0x00, 0x9f, 0x00, 0x0e, 0xbf, 0x00, 0x00, 0x00, 0x00,
  0x26, 0xa3, 0x00, 0x00, 0xa9, 0x00, 0x00, 0xab, 0x00, 0x00, 0xab, 0x00,
  0x00, 0xa7, 0x00, 0x00, 0x00, 0x00, 0x00, 0xaf, 0xb5, 0x00, 0xaf, 0x00,
  0x00, 0xb8, 0x00, 0x00, 0x00, 0x00, 0x00, 0xb2, 0x00, 0x00, 0x00, 0x00,
  0x0e, 0x00, 0xbf, 0x00, 0x00, 0x00, 0x00, 0x00, 0xa3, 0x00, 0x00, 0x00,
  0x00, 0x00, 0xc6, 0x00, 0x00, 0x0f, 0x1b, 0x00, 0x00, 0x00, 0x00, 0x00,
  0x00, 0x00, 0x00, 0x00, 0x00, 0x00, 0x00, 0x00, 0x00, 0x00, 0x00, 0x00,
  0x00, 0x00, 0x00, 0x00, 0x00, 0x00, 0x00, 0x00, 0xfa, 0x00, 0x00, 0x00,
  0x10, 0xd0, 0x00, 0x00, 0x00, 0x00, 0x00, 0xc6, 0x00, 0x00, 0xc6, 0x00,
  0x00, 0x00, 0x00, 0x00, 0x00, 0x00, 0x00, 0x00, 0x00, 0x00, 0xc6, 0xc5,
  0x00, 0x00, 0x00, 0x00, 0x00, 0x00, 0x00, 0x00, 0x00, 0x00, 0x00, 0x00,
  0x00, 0x00, 0x00, 0x44, 0x00, 0x00, 0x16, 0x00, 0x00, 0x00, 0x00, 0x00,
  0x00, 0x00, 0x00, 0x08, 0x00, 0x00, 0xd9, 0x00, 0x00, 0x00, 0x00, 0x00,
  0x00, 0x00, 0xc1, 0x00, 0x00, 0x00, 0x00, 0x00, 0xbd, 0x00, 0x00, 0x00,
  0x24, 0x94, 0x00, 0x00, 0x00, 0x00, 0x00, 0x9a, 0xc3, 0x00, 0x00, 0x00,
  0xe5, 0x00, 0x00, 0x07, 0x00, 0x00, 0x00, 0x00, 0xc1, 0x00, 0xd5, 0x00,
  0x00, 0xaa, 0x00, 0xfd, 0x00, 0x00, 0x28, 0x81, 0x05, 0x00, 0xe1, 0x00,
  0x00, 0x95, 0x00, 0x00, 0x00, 0x00, 0xdd, 0x00, 0x00, 0x00, 0xe8, 0x00,
  0x00, 0x00, 0xc5, 0x00, 0x00, 0x00, 0x00, 0x00, 0x00, 0x00, 0xf5, 0x00,
  0x00, 0x00, 0x00, 0x00, 0x00, 0x00, 0x00, 0x00, 0x00, 0x00, 0x04, 0x00,
  0x00, 0x00, 0x00, 0x00, 0x00, 0x00, 0x00, 0xc3, 0x00, 0x00, 0x00, 0x00,
  0x00, 0xb8, 0xfd, 0x00, 0x00, 0x00, 0x00, 0xce, 0x00, 0x06, 0x00, 0x00,
  0x00, 0x00, 0x00, 0x00, 0x00, 0x00, 0x00, 0x00, 0xab, 0x00, 0x00, 0x00,
  0x2f, 0x00, 0x00, 0x00, 0x43, 0x00, 0x00, 0x00, 0x00, 0x00, 0x00, 0x00,
  0x00, 0xe0, 0x00, 0x00, 0x00, 0x08, 0x00, 0x00, 0xad, 0x0d, 0x00, 0x00,
  0x00, 0x00, 0x00, 0x00, 0x00, 0x06, 0x00, 0x00, 0x00, 0x00, 0x24, 0x00,
  0x00, 0x00, 0x00, 0x00, 0x00, 0x00, 0x00, 0x00, 0x00, 0x07, 0x1b, 0x00,
  0x00, 0x00, 0x00, 0x00, 0x00, 0x00, 0x00, 0x00, 0x00, 0x00, 0x00, 0x00,
  0xeb, 0x00, 0x00, 0x00, 0x00, 0x00, 0x00, 0x00, 0xa9, 0x00, 0x00, 0x00,
  0x00, 0x00, 0x00, 0x00, 0x00, 0x00, 0x00, 0x07, 0xb7, 0x00, 0x00, 0x00,
  0x00, 0x00, 0x00, 0x00, 0x00, 0x00, 0x00, 0x00, 0x00, 0x00, 0x00, 0x00,
  0x19, 0xbd, 0x00, 0x00, 0x00, 0x00, 0x00, 0xba, 0x00, 0x00, 0x00, 0x00,
  0x00, 0x00, 0x00, 0x00, 0x00, 0x00, 0x00, 0x00, 0x00, 0x00, 0x00, 0x00,
  0x00, 0x00, 0xca, 0x00, 0x00, 0x00, 0x2f, 0x00, 0xb6, 0x00, 0x00, 0x0e,
  0x00, 0x00, 0xbf, 0x00, 0x00, 0x11, 0x21, 0x00, 0x00, 0x00, 0x00, 0x11,
  0x00, 0x00, 0x00, 0x0f, 0x00, 0x0b, 0x00, 0x00, 0x00, 0x00, 0x00, 0x10,
  0x16, 0xca, 0x00, 0x00, 0x00, 0x00, 0x00, 0xd4, 0x0c, 0x00, 0x00, 0x00,
  0x0f, 0x00, 0x14, 0x00, 0x33, 0x00, 0x14, 0x00, 0x00, 0x00, 0x00, 0x00,
  0x00, 0x00, 0x00, 0x00, 0x00, 0x00, 0x09, 0x00, 0x00, 0x00, 0xe9, 0x00,
  0x00, 0x00, 0x00, 0x00, 0x00, 0x00, 0x00, 0x00, 0x00, 0x00, 0x00, 0x00,
  0x00, 0xe6, 0x00, 0x00, 0x00, 0x1a, 0x26, 0xef, 0x00, 0x35, 0xe4, 0x00,
  0x00, 0xf2, 0x00, 0x00, 0x00, 0x1e, 0x00, 0x00, 0x00, 0x00, 0x00, 0x00,
  0x23, 0x00, 0x00, 0x00, 0x00, 0x00, 0x00, 0x00, 0x00, 0x00, 0x00, 0x00,
  0x00, 0x00, 0x11, 0x00, 0x0b, 0xe5, 0x00, 0xe2, 0x19, 0x00, 0x00, 0x00,
  0x00, 0xeb, 0x00, 0x00, 0x00, 0x00, 0x00, 0x00, 0x00, 0x00, 0x00, 0x00,
  0x00, 0x00, 0x00, 0x00, 0x00, 0x00, 0x00, 0x00, 0x00, 0x00, 0x00, 0x00,
  0x00, 0xcd, 0x00, 0x00, 0x00, 0x00, 0x00, 0xd9, 0x00, 0x00, 0x00, 0x00,
  0x31, 0xdb, 0x00, 0x00, 0x00, 0x00, 0x2c, 0xe6, 0x00, 0x00, 0x00, 0x00,
  0x00, 0xe0, 0x00, 0x00, 0x00, 0x00, 0x00, 0xe9, 0x00, 0x00, 0x00, 0xef,
  0x00, 0xef, 0x00, 0x00, 0x00, 0x00, 0x27, 0xdc, 0x00, 0x00, 0x00, 0x00,
  0x1f, 0xec, 0x00, 0x00, 0xdb, 0xed, 0x00, 0xe4, 0x00, 0x00, 0x00, 0x00,
  0x00, 0x00, 0xee, 0x00, 0x00, 0x2b, 0x10, 0x00, 0xfb, 0x00, 0x00, 0x00,
  0x00, 0x00, 0x00, 0x00, 0x00, 0x00, 0x29, 0xef, 0x00, 0x00, 0x00, 0x00,
  0x00, 0xed, 0x00, 0x00, 0x00, 0x00, 0x00, 0xee, 0x00, 0x00, 0xd5, 0x28,
  0x00, 0xeb, 0x00, 0x00, 0x00, 0x00, 0x00, 0xf0, 0x00, 0x00, 0xdc, 0x00,
  0x00, 0x00, 0xf4, 0x00, 0x00, 0xf6, 0x00, 0xf8, 0xe8, 0x00, 0xc9, 0x00,
  0x30, 0x00, 0x00, 0x00, 0x00, 0x00, 0x29, 0x00, 0x00, 0x00, 0x00, 0x00,
  0x00, 0x00, 0x00, 0x00, 0x00, 0x00, 0x10, 0x00, 0x05, 0x00, 0xca, 0x00,
  0x00, 0xd7, 0x00, 0x00, 0xc1, 0x00, 0x00, 0x00, 0x00, 0x00, 0x00, 0x00,
  0x00, 0x00, 0x00, 0x00, 0x00, 0x00, 0x1d, 0xdc, 0x00, 0xf6, 0x00, 0x00,
  0x00, 0x00, 0x00, 0xf7, 0x00, 0x00, 0x00, 0x00, 0x00, 0xf4, 0x00, 0x00,
  0x00, 0x00, 0x34, 0x00, 0x00, 0x00, 0x00, 0xef, 0x00, 0x00, 0x00, 0x00,
  0x00, 0x00, 0x00, 0x00, 0x1a, 0x00, 0x00, 0x00, 0x29, 0x00, 0x00, 0x00,
  0x00, 0x00, 0x00, 0x00, 0x00, 0x2f, 0x00, 0x00, 0x00, 0x00, 0x00, 0x00,
  0x00, 0x00, 0x00, 0x00, 0x00, 0x00, 0x2a, 0xd8, 0x00, 0x00, 0xd7, 0x00,
  0x00, 0x00, 0x00, 0x00, 0xe3, 0xf1, 0x00, 0xef, 0x00, 0x00, 0xe2, 0xf5,
  0x00, 0xfe, 0x00, 0x00, 0xe1, 0x00, 0x1d, 0xd3, 0x00, 0x00, 0x00, 0x00,
  0x00, 0xee, 0x00, 0x24, 0x00, 0x00, 0x00, 0xe3, 0x00, 0x00, 0xee, 0x00,
  0x00, 0xe9, 0xf6, 0x00, 0x00, 0x00, 0x00, 0xdd, 0x00, 0x00, 0xdf, 0x00,
  0x1f, 0x00, 0x00, 0x00, 0x00, 0x3b, 0x00, 0x00, 0x00, 0x00, 0x00, 0x00,
  0x00, 0x00, 0x00, 0x00, 0x00, 0x00, 0x1c, 0x00, 0x00, 0x00, 0xf0, 0x2a,
  0x00, 0x00, 0xea, 0x00, 0xe8, 0x00, 0x00, 0x00, 0x00, 0x00, 0x00, 0x00,
  0x00, 0xea, 0x00, 0x00, 0xc6, 0x00, 0x00, 0xe7, 0x00, 0x29, 0x00, 0xeb,
  0x00, 0xe1, 0xef, 0x32, 0xd6, 0x00, 0x00, 0xdf, 0x00, 0x29, 0x00, 0x00,
  0x1b, 0xf0, 0x00, 0x00, 0xe0, 0x00, 0x00, 0xda, 0x00, 0x00, 0x00, 0x00,
  0x00, 0x00, 0x00, 0x00, 0x00, 0x00, 0x1c, 0x00, 0x00, 0x00, 0xdb, 0x00,
  0x00, 0xd8, 0x00, 0x00, 0xd6, 0x00, 0x25, 0xd0, 0x00, 0x00, 0x00, 0x00,
  0x00, 0xd3, 0x00, 0x00, 0x00, 0x00, 0x24, 0xd2, 0x00, 0x00, 0x00, 0x00,
  0x00, 0xec, 0x00, 0x00, 0xd6, 0x00, 0x00, 0x00, 0x00, 0x00, 0xd1, 0x00,
  0x00, 0xee, 0x00, 0x00, 0x00, 0x00, 0x00, 0xeb, 0x00, 0x00, 0xdd, 0x00,
  0x1c, 0x00, 0x00, 0x00, 0x00, 0x00, 0x00, 0x00, 0x00, 0x00, 0x00, 0x00,
  0x00, 0x00, 0x00, 0x00, 0x00, 0x00, 0x00, 0x00, 0x00, 0x00, 0x17, 0x00,
  0x00, 0xe8, 0x00, 0x00, 0x00, 0xe7, 0x00, 0xde, 0x00, 0x00, 0x00, 0x00,
  0x26, 0x00, 0x00, 0x00, 0x00, 0x00, 0x00, 0xe7, 0x00, 0x00, 0x00, 0x00,
  0x00, 0xe3, 0x00, 0x2a, 0x00, 0xca, 0x00, 0xda, 0x00, 0x00, 0xdf, 0xe5,
  0x00, 0xdc, 0xe4, 0x00, 0x00, 0xe4, 0x2d, 0xf1, 0x00, 0x00, 0x00, 0x00,
  0x00, 0xfb, 0xe0, 0x00, 0x00, 0x00, 0x29, 0x00, 0x00, 0x00, 0x00, 0x00,
  0x15, 0x00, 0xe6, 0x00, 0x00, 0x00, 0x00, 0x00, 0xe7, 0x00, 0x00, 0x00,
  0x2c, 0x00, 0x00, 0x00, 0x00, 0x00, 0x00, 0x00, 0x00, 0x00, 0x00, 0x1e,
  0x00, 0x00, 0x00, 0x2d, 0x00, 0x00, 0x17, 0x00, 0x00, 0x00, 0x00, 0x00,
  0x00, 0x00, 0xd6, 0x00, 0x00, 0x00, 0x00, 0x00, 0xd1, 0x00, 0x00, 0x00,
  0x00, 0x00, 0x00, 0x00, 0x00, 0x00, 0x00, 0x00, 0x00, 0x00, 0x00, 0x00,
  0x00, 0x00, 0x00, 0x00, 0x00, 0x00, 0x00, 0x00, 0x00, 0x00, 0x00, 0x00,
  0x00, 0x00, 0x00, 0x00, 0x00, 0x00, 0x00, 0x00, 0x00, 0x00, 0x00, 0x00,
  0x00, 0x00, 0x00, 0xea, 0x00, 0x00, 0x00, 0x00, 0x00, 0x1f, 0x00, 0x00,
  0x00, 0x00, 0x00, 0x00, 0x00, 0x00, 0x00, 0x00, 0x00, 0x00, 0x00, 0x00,
  0x00, 0x00, 0x00, 0x00, 0x00, 0x00, 0x00, 0x00, 0x00, 0x00, 0x00, 0x00,
  0x00, 0x00, 0x00, 0x00, 0x00, 0x00, 0x00, 0x00, 0x00, 0x00, 0x00, 0x00,
  0x00, 0x00, 0x00, 0x00, 0x00, 0x00, 0x00, 0x00, 0x00, 0x00, 0x00, 0x3a,
  0x00, 0x00, 0x00, 0x00, 0x00, 0x00, 0x00, 0x00, 0x00, 0x00, 0x00, 0x00,
  0x00, 0x00, 0x00, 0x00, 0x00, 0x00, 0x00, 0xf0, 0x00, 0x00, 0x00, 0x00,
  0x00, 0x00, 0x00, 0x00, 0x00, 0x00, 0x00, 0x00, 0x00, 0x00, 0x00, 0x00,
  0x00, 0xe9, 0x00, 0x00, 0x00, 0x00, 0x00, 0x00, 0x16, 0xeb, 0x00, 0x00,
  0x00, 0x00, 0x00, 0x00, 0x00, 0x02, 0x00, 0x00, 0x00, 0x00, 0x00, 0x00,
  0x00, 0x00, 0x00, 0x00, 0x00, 0x00, 0x00, 0x00, 0x00, 0x00, 0x00, 0x00,
  0x00, 0x00, 0x00, 0xe3, 0x00, 0x00, 0x00, 0x00, 0x00, 0xe8, 0x00, 0x00,
  0x00, 0x00, 0x00, 0xea, 0x33, 0x00, 0x00, 0x00, 0x00, 0xd7, 0x00, 0x00,
  0x00, 0x00, 0x00, 0xe7, 0x00, 0x00, 0x00, 0x00, 0x00, 0xe0, 0x00, 0x00,
  0x00, 0x00, 0x00, 0x00, 0x35, 0x00, 0x00, 0x00, 0x00, 0xf2, 0x00, 0x00,
  0x00, 0x00, 0x18, 0x00, 0x36, 0x00, 0x00, 0x00, 0x00, 0xf1, 0x00, 0x00,
  0x00, 0x00, 0x00, 0x00, 0x00, 0xf1, 0x00, 0x00, 0x00, 0x00, 0x00, 0xfc,
  0x00, 0x00, 0x00, 0xec, 0x00, 0x00, 0x00, 0x00, 0x00, 0xf2, 0x00, 0x00,
  0xd8, 0x00, 0x00, 0x00, 0x33, 0x00, 0x00, 0x30, 0x00, 0xf2, 0x00, 0xfd,
  0x00, 0x00, 0x00, 0xeb, 0x00, 0x00, 0xdf, 0x00, 0x00, 0xf3, 0x00, 0x00,
  0x00, 0x00, 0x00, 0xe9, 0x00, 0x00, 0xe5, 0x00, 0x00, 0xf0, 0xfe, 0x00,
  0x00, 0x00, 0x00, 0x00, 0x00, 0x00, 0x00, 0x00, 0x00, 0xee, 0x00, 0x00,
  0x00, 0x00, 0x00, 0x00, 0x00, 0x00, 0x00, 0x3c, 0x00, 0x00, 0x00, 0x00,
  0x00, 0x00, 0x00, 0xde, 0x00, 0x00, 0x00, 0x00, 0x00, 0x00, 0x00, 0x00,
  0x00, 0x00, 0x00, 0x00, 0x00, 0x00, 0x00, 0x00, 0x00, 0x00, 0x00, 0x00,
  0x00, 0x00, 0xe3, 0x00, 0x00, 0x00, 0x00, 0x00, 0x00, 0xf0, 0x00, 0x00,
  0x00, 0x00, 0x00, 0x00, 0x00, 0x00, 0x00, 0x00, 0x00, 0xea, 0x00, 0x00,
  0x00, 0x00, 0x00, 0xf4, 0x00, 0x00, 0x00, 0x00, 0x00, 0x00, 0x00, 0x00,
  0x00, 0x00, 0x00, 0xe4, 0x00, 0x3f, 0xda, 0x00, 0x00, 0x00, 0x00, 0x00,
  0x00, 0x00, 0x00, 0x00, 0x00, 0x00, 0x00, 0x00, 0x00, 0x00, 0xf9, 0x00,
  0xd0, 0x00, 0x00, 0xd9, 0x00, 0x00, 0x00, 0x00, 0x00, 0xe3, 0xfc, 0x00,
  0x00, 0x00, 0x00, 0x00, 0x00, 0x00, 0x00, 0x00, 0x00, 0xea, 0x00, 0x00,
  0x00, 0x00, 0x00, 0x00, 0xfa, 0x00, 0x00, 0x00, 0x00, 0x00, 0x00, 0x00,
  0xd9, 0x00, 0x00, 0xec, 0x00, 0x00, 0x00, 0x00, 0x00, 0xec, 0xf9, 0x00,
  0x00, 0x00, 0x00, 0x00, 0xf6, 0x00, 0x00, 0x00, 0x00, 0x00, 0x00, 0x00,
  0x00, 0x00, 0x00, 0xe9, 0x00, 0x00, 0x00, 0x00, 0x00, 0x00, 0x00, 0x00,
  0xdd, 0x2e, 0x00, 0xf1, 0x00, 0x00, 0x00, 0x00, 0x00, 0xeb, 0x00, 0x00,
  0x00, 0x00, 0x00, 0xf2, 0x00, 0x00, 0x00, 0x00, 0x00, 0xe9, 0x00, 0x00,
  0x00, 0x00, 0x00, 0xe9, 0x00, 0x00, 0x00, 0x00, 0x00, 0x00, 0x00, 0x00,
  0x00, 0x00, 0x00, 0x00, 0x00, 0x00, 0x00, 0x00, 0x00, 0xe9, 0x00, 0x00,
  0x00, 0x00, 0x00, 0xd7, 0x00, 0x00, 0x00, 0x00, 0x00, 0x00, 0x00, 0x00,
  0x00, 0x00, 0x00, 0xe9, 0x00, 0x00, 0x00, 0x00, 0x00, 0xde, 0x00, 0x00,
  0x00, 0x00, 0x00, 0xe1, 0x00, 0xeb, 0x00, 0x00, 0xe0, 0xea, 0x3b, 0x00,
  0x00, 0x00, 0x00, 0x00, 0x00, 0xfe, 0x00, 0x00, 0x00, 0xec, 0x36, 0x00,
  0x00, 0x00, 0x00, 0xe2, 0x00, 0xf1, 0x00, 0x00, 0x00, 0x00, 0x00, 0xfc,
  0x00, 0xe8, 0xf0, 0x00, 0x00, 0xf9, 0x00, 0x00, 0xe8, 0xd9, 0x00, 0x00,
  0x27, 0x00, 0x00, 0x00, 0x00, 0x00, 0x00, 0x00, 0x00, 0x00, 0x00, 0xaf,
  0x00, 0x00, 0x00, 0x00, 0x00, 0x00, 0x00, 0x00, 0x00, 0x00, 0x00, 0xaa,
  0x27, 0x00, 0xb2, 0x00, 0x00, 0x00, 0x2c, 0x00, 0x00, 0xec, 0x47, 0xb2,
  0x00, 0xe9, 0x00, 0xe9, 0x00, 0xa7, 0x00, 0x00, 0x00, 0x00, 0x46, 0xaa,
  0x00, 0x00, 0x00, 0x00, 0x00, 0xb5, 0x00, 0x00, 0x00, 0x00, 0x00, 0x00,
  0x00, 0x00, 0x00, 0x00, 0x4f, 0x00, 0x42, 0x00, 0x00, 0x00, 0x43, 0xb1,
  0x2b, 0xdd, 0x00, 0x00, 0x48, 0x00, 0x33, 0x00, 0x00, 0xf6, 0x00, 0x00,
  0x00, 0x00, 0xcd, 0xf6, 0x00, 0x00, 0x27, 0x00, 0x00, 0x00, 0x00, 0x00,
  0x30, 0x00, 0xbc, 0x00, 0x00, 0x00, 0x00, 0x00, 0xc0, 0xf9, 0x00, 0xae,
  0x00, 0x00, 0xc0, 0xf4, 0x00, 0xa4, 0x2f, 0xda, 0xc9, 0x00, 0x00, 0x00,
  0x00, 0xd4, 0xb1, 0xf6, 0x35, 0x00, 0x00, 0x00, 0xda, 0xfa, 0x3e, 0x00,
  0x00, 0x00, 0xd2, 0x00, 0x2c, 0x00, 0x00, 0x00, 0xd0, 0x00, 0x30, 0xbe,
  0x00, 0x00, 0x00, 0x00, 0x00, 0x00, 0x00, 0x00, 0x00, 0x00, 0x00, 0x00,
  0x00, 0x0b, 0xc7, 0x00, 0x2b, 0x00, 0x00, 0x1b, 0xcb, 0x00, 0x00, 0x00,
  0x00, 0x10, 0x00, 0x00, 0x00, 0x00, 0x00, 0x00, 0x00, 0xf2, 0x00, 0x00,
  0x00, 0x00, 0xca, 0x00, 0x00, 0x00, 0x00, 0x00, 0xcd, 0x21, 0x00, 0xae,
  0x00, 0xdf, 0x00, 0x00, 0x00, 0x00, 0x00, 0xcf, 0x00, 0x00, 0x00, 0x00,
  0x00, 0x00, 0x00, 0x00, 0x00, 0x00, 0x00, 0x00, 0xbf, 0x00, 0x00, 0xbe,
  0x00, 0x00, 0x00, 0x00, 0x00, 0x00, 0x00, 0x26, 0x00, 0x00, 0x00, 0x00,
  0x00, 0x00, 0x00, 0xee, 0x00, 0x00, 0x00, 0x00, 0x00, 0x00, 0xfb, 0x00,
  0x00, 0x00, 0xde, 0xe5, 0x00, 0x00, 0x00, 0x00, 0x00, 0xe8, 0x00, 0x00,
  0x00, 0x00, 0x00, 0x00, 0x00, 0x00, 0x00, 0x00, 0x00, 0x00, 0x00, 0x00,
  0x00, 0x00, 0x00, 0x00, 0x00, 0xb7, 0x00, 0xd4, 0x00, 0x16, 0x00, 0x00,
  0x00, 0x00, 0x00, 0x00, 0x00, 0x00, 0x00, 0x00, 0x00, 0x00, 0x50, 0x00,
  0x00, 0x00, 0x00, 0x00, 0x00, 0x00, 0x00, 0x00, 0x00, 0x00, 0x00, 0x00,
  0x00, 0x00, 0xe5, 0x00, 0x00, 0x00, 0x00, 0x00, 0x00, 0x00, 0x42, 0x00,
  0x00, 0x00, 0xed, 0x00, 0x00, 0x00, 0x00, 0x1e, 0x00, 0x00, 0x00, 0x00,
  0x00, 0x1f, 0x00, 0xe0, 0x00, 0x00, 0x00, 0x00, 0xdf, 0x00, 0x00, 0x00,
  0x00, 0xdb, 0x00, 0x00, 0x00, 0x00, 0x17, 0x00, 0x00, 0x00, 0x00, 0x00,
  0x00, 0x00, 0xd0, 0x00, 0x00, 0x00, 0x00, 0x00, 0xe2, 0x00, 0x00, 0xf1,
  0x00, 0x00, 0x00, 0x00, 0xff, 0x00, 0x00, 0x00, 0x00, 0x00, 0x00, 0xfb,
  0xe9, 0x00, 0x00, 0x00, 0x00, 0x00, 0x00, 0x20, 0x00, 0x00, 0x00, 0xef,
  0x00, 0x00, 0x00, 0x00, 0x00, 0x00, 0xf1, 0x00, 0x00, 0x00, 0x00, 0x00,
  0x00, 0x00, 0xc9, 0x00, 0x00, 0x00, 0x00, 0x00, 0x00, 0x00, 0x00, 0x00,
  0x00, 0x00, 0x00, 0x11, 0x00, 0x00, 0x00, 0x00, 0x09, 0x09, 0x00, 0x00,
  0x1a, 0x00, 0x03, 0x00, 0x00, 0x00, 0x00, 0x00, 0x00, 0x0f, 0xf7, 0x00,
  0x00, 0x00, 0x00, 0x00, 0x00, 0x00, 0x00, 0x28, 0x00, 0x00, 0x00, 0x00,
  0x00, 0x00, 0x00, 0x00, 0x00, 0x00, 0x00, 0x27, 0x00, 0x00, 0x00, 0x00,
  0x00, 0x00, 0x00, 0x00, 0x00, 0x00, 0x00, 0x00, 0x00, 0x00, 0x00, 0x00,
  0x00, 0x00, 0x00, 0x00, 0x00, 0x00, 0xf0, 0x19, 0x00, 0x00, 0x00, 0x00,
  0xee, 0x00, 0x00, 0x00, 0x00, 0x00, 0x00, 0x00, 0x00, 0x00, 0x00, 0x00,
  0x00, 0x00, 0x00, 0x00, 0x00, 0x00, 0x00, 0xef, 0x00, 0x00, 0x00, 0x00,
  0x00, 0x00, 0x00, 0x1e, 0x00, 0x00, 0x00, 0x00, 0xcd, 0x00, 0x00, 0x00,
  0x00, 0x00, 0x00, 0x00, 0x00, 0x00, 0x00, 0xe9, 0x00, 0x00, 0x00, 0x00,
  0x00, 0x00, 0x00, 0x00, 0x00, 0x00, 0x00, 0x00, 0xd1, 0x09, 0x00, 0x00,
  0x00, 0xf3, 0x00, 0x00, 0x00, 0x00, 0x00, 0xd4, 0xde, 0x00, 0x00, 0x00,
  0x00, 0xd7, 0x00, 0x00, 0x2b, 0x00, 0x00, 0xe6, 0x00, 0x00, 0x00, 0x00,
  0x00, 0xe3, 0x00, 0x12, 0x00, 0x00, 0x00, 0xe1, 0x00, 0x00, 0x00, 0x00,
  0x32, 0xd4, 0x00, 0x00, 0x00, 0xb5, 0x00, 0x00, 0x00, 0x00, 0x00, 0xb3,
  0x00, 0x0a, 0xda, 0x19, 0x00, 0x00, 0x34, 0x00, 0x00, 0x1d, 0x32, 0x9b,
  0x00, 0xc8, 0x00, 0x00, 0xc9, 0x1f, 0x00, 0xd7, 0x00, 0x00, 0xcc, 0x00,
  0x00, 0xcf, 0x00, 0x00, 0xc7, 0x00, 0xef, 0xdc, 0x00, 0x00, 0xbe, 0x00,
  0xea, 0xcf, 0x00, 0x00, 0xca, 0x00, 0x00, 0xc7, 0x00, 0x00, 0xb6, 0x00,
  0x00, 0xd7, 0x00, 0x00, 0x00, 0x00, 0x00, 0x00, 0x00, 0x00, 0x00, 0xe2,
  0x00, 0xc7, 0x00, 0x00, 0x00, 0x00, 0x00, 0x00, 0x00, 0x00, 0x00, 0x00,
  0x00, 0x00, 0x00, 0x00, 0x04, 0x00, 0x00, 0x00, 0x00, 0x00, 0x00, 0xe2,
  0xe8, 0x00, 0x00, 0x00, 0x02, 0x00, 0xf3, 0x00, 0x00, 0x00, 0x00, 0x00,
  0x00, 0x00, 0x00, 0x00, 0x00, 0x00, 0x00, 0x00, 0x01, 0x00, 0x00, 0x00,
  0x00, 0x00, 0xfd, 0x00, 0xd3, 0x00, 0xe0, 0x00, 0x00, 0x00, 0x00, 0x00,
  0x00, 0x00, 0x00, 0x00, 0x00, 0x00, 0x00, 0x00, 0x00, 0x00, 0x00, 0x00,
  0x00, 0x00, 0x00, 0x00, 0xdc, 0x00, 0xe9, 0x00, 0x00, 0x00, 0x00, 0xda,
  0x00, 0x00, 0x00, 0xee, 0xe1, 0xdc, 0x00, 0x00, 0xe6, 0xed, 0x00, 0xdd,
  0xeb, 0x00, 0x00, 0x00, 0x00, 0x00, 0x00, 0x00, 0x00, 0x00, 0x00, 0xd7,
  0xef, 0x00, 0xfa, 0x00, 0x00, 0xd7, 0x00, 0x00, 0x00, 0x00, 0xbb, 0xe1,
  0x00, 0x00, 0xfe, 0x00, 0xc0, 0x00, 0xdd, 0x00, 0x00, 0x00, 0xaf, 0x00,
  0x00, 0x00, 0x00, 0x00, 0xcb, 0x00, 0x00, 0xf1, 0xd7, 0x00, 0xc4, 0x00,
  0x00, 0xf1, 0x00, 0x00, 0xc1, 0x00, 0x00, 0xde, 0x00, 0x00, 0x00, 0x00,
  0x00, 0xeb, 0xef, 0x00, 0x00, 0x1c, 0x00, 0xe2, 0x00, 0x00, 0x00, 0x00,
  0x00, 0x00, 0x00, 0x00, 0x00, 0x00, 0x00, 0x00, 0x00, 0x00, 0x00, 0x1a,
  0x00, 0x00, 0x00, 0x00, 0x00, 0x00, 0x00, 0x00, 0x37, 0x00, 0x00, 0x00,
  0x00, 0x00, 0x2a, 0x00, 0x00, 0x00, 0x00, 0x00, 0x00, 0x00, 0xcc, 0x00,
  0xf1, 0x1d, 0x00, 0x00, 0x00, 0x00, 0x00, 0x00, 0x00, 0x00, 0xce, 0x00,
  0x00, 0xe2, 0x00, 0x00, 0xcb, 0x00, 0x00, 0x00, 0x00, 0x00, 0x00, 0x00,
  0xe5, 0xe3, 0x00, 0x00, 0x00, 0x00, 0xf0, 0x00, 0x02, 0x00, 0x00, 0x18,
  0xe0, 0x00, 0x00, 0x00, 0x00, 0x1b, 0x00, 0x00, 0x00, 0x00, 0x00, 0x00,
  0x00, 0x00, 0x00, 0x00, 0x00, 0x22, 0x00, 0xdd, 0x06, 0x00, 0xeb, 0x00,
  0x00, 0x00, 0x00, 0x00, 0xe6, 0x00, 0xe6, 0x00, 0xfb, 0x00, 0x00, 0x1d,
  0xe8, 0x00, 0x00, 0x00, 0xeb, 0x00, 0x00, 0x00, 0x00, 0x00, 0xe5, 0x00,
  0x00, 0x00, 0x00, 0x00, 0xd7, 0x18, 0xe1, 0x00, 0x00, 0x00, 0x00, 0x00,
  0x00, 0x00, 0x02, 0x00, 0xdc, 0x13, 0x00, 0xeb, 0x00, 0x00, 0x00, 0x00,
  0xec, 0xdf, 0x00, 0x00, 0x00, 0x00, 0x00, 0xe3, 0x00, 0x00, 0x00, 0x00,
  0x00, 0x00, 0x00, 0x00, 0x00, 0x00, 0x00, 0x00, 0x12, 0x00, 0x00, 0x00,
  0xe4, 0x00, 0x00, 0x00, 0x00, 0x00, 0xf6, 0x11, 0x00, 0x00, 0x00, 0x00,
  0x00, 0x00, 0xec, 0x00, 0x00, 0x00, 0x00, 0x00, 0xec, 0x00, 0xcf, 0x1a,
  0xf4, 0x0c, 0x00, 0x00, 0xcf, 0x00, 0xd1, 0x1b, 0x00, 0x00, 0x00, 0x00,
  0xeb, 0x00, 0xe5, 0x00, 0xc5, 0x00, 0x00, 0x00, 0x00, 0x00, 0xd0, 0x22,
  0x00, 0xea, 0x00, 0x00, 0x00, 0x00, 0xef, 0xe4, 0x00, 0x00, 0x00, 0x00,
  0x00, 0x00, 0x00, 0x00, 0x14, 0x00, 0x00, 0x00, 0x00, 0x00, 0x00, 0x00,
  0x00, 0x00, 0x00, 0x00, 0x0b, 0x00, 0x00, 0x00, 0x00, 0x00, 0x00, 0x00,
  0xf9, 0x00, 0x0c, 0xe8, 0x00, 0xdf, 0x00, 0xdc, 0x09, 0x00, 0x00, 0x00,
  0x00, 0xe7, 0x00, 0x00, 0xcc, 0xdf, 0x00, 0xea, 0x00, 0x00, 0xb4, 0xdd,
  0x00, 0xe3, 0x09, 0x00, 0xd5, 0x00, 0x00, 0xc4, 0xfb, 0x00, 0xba, 0xe4,
  0x00, 0xea, 0x03, 0x00, 0xd1, 0x00, 0x00, 0x00, 0xff, 0x00, 0x00, 0x00,
  0x00, 0x00, 0x00, 0x00, 0x00, 0x00, 0x00, 0xce, 0x00, 0x00, 0x00, 0x00,
  0x00, 0x00, 0x00, 0x00, 0x00, 0x00, 0xe7, 0x00, 0x00, 0x00, 0xc9, 0x00,
  0xeb, 0x00, 0x2b, 0x00, 0x00, 0x00, 0x00, 0x00, 0x00, 0x00, 0x00, 0x00,
  0xea, 0x00, 0x00, 0x00, 0x00, 0x00, 0x00, 0x21, 0x00, 0x00, 0x00, 0x00,
  0x00, 0x00, 0x00, 0x00, 0x00, 0xeb, 0xde, 0x00, 0x00, 0xef, 0x00, 0x00,
  0x00, 0x00, 0x00, 0x00, 0x00, 0x00, 0x00, 0x00, 0x00, 0x00, 0x00, 0xe6,
  0x00, 0x00, 0x00, 0x00, 0x00, 0x00, 0x00, 0x00, 0x00, 0x00, 0x00, 0xee,
  0x00, 0x00, 0x00, 0x00, 0x0a, 0x00, 0x00, 0x00, 0x00, 0x00, 0x15, 0xd6,
  0x1d, 0x00, 0xe7, 0x00, 0x00, 0xe5, 0x00, 0x00, 0xf1, 0x1e, 0x13, 0x00,
  0x00, 0x00, 0x00, 0x00, 0x00, 0x00, 0x00, 0x00, 0x00, 0x00, 0x00, 0x00,
  0x00, 0x00, 0x00, 0x00, 0x00, 0xe9, 0x14, 0x00, 0x00, 0x00, 0x00, 0x00,
  0x18, 0xe0, 0x00, 0x19, 0xef, 0x00, 0x00, 0xe7, 0x00, 0x12, 0x00, 0x00,
  0x00, 0x00, 0x00, 0x00, 0x00, 0x00, 0x00, 0x00, 0xf1, 0x00, 0xe3, 0xe4,
  0x00, 0xf9, 0xf9, 0x00, 0xee, 0x00, 0x00, 0x00, 0x00, 0x00, 0xdb, 0x00,
  0x00, 0xe6, 0xf4, 0x00, 0xe8, 0x00, 0x00, 0x00, 0xeb, 0x00, 0xdc, 0x00,
  0x00, 0x00, 0xd1, 0x00, 0x00, 0x00, 0x00, 0x00, 0x00, 0x00, 0xdd, 0x24,
  0x00, 0xd4, 0x00, 0x00, 0xd3, 0x00, 0x00, 0x00, 0x00, 0x00, 0xd7, 0x2f,
  0x00, 0x00, 0x00, 0x00, 0x00, 0x36, 0x00, 0x00, 0xe2, 0x00, 0x00, 0x00,
  0x00, 0x0d, 0x00, 0x00, 0x12, 0x00, 0x1b, 0x0e, 0x00, 0x00, 0x00, 0x3b,
  0x00, 0x00, 0x00, 0x00, 0x00, 0x3b, 0x00, 0x00, 0x00, 0x00, 0x00, 0x00,
  0x10, 0x00, 0x00, 0x00, 0xc6, 0x00, 0x00, 0x00, 0x00, 0x00, 0x00, 0x00,
  0x00, 0x00, 0x00, 0x00, 0xd2, 0x00, 0x00, 0x00, 0x00, 0x17, 0xd5, 0x00,
  0x00, 0x00, 0x00, 0x00, 0x00, 0x00, 0x00, 0x00, 0x00, 0x00, 0x00, 0x00,
  0x00, 0x00, 0x00, 0x25, 0x00, 0x00, 0x00, 0x00, 0x00, 0x00, 0x00, 0x00,
  0x00, 0x00, 0x00, 0x00, 0xd2, 0x00, 0x00, 0x00, 0x00, 0x00, 0x00, 0x00,
  0x00, 0x00, 0x00, 0x00, 0x00, 0x00, 0x00, 0x00, 0x00, 0x00, 0x00, 0x00,
  0x00, 0x00, 0x00, 0x00, 0xd3, 0x00, 0x00, 0x00, 0x00, 0x00, 0xd2, 0x00,
  0x00, 0x00, 0x00, 0x1f, 0x00, 0x00, 0x0f, 0x00, 0xed, 0x00, 0x00, 0x00,
  0x00, 0xf0, 0x00, 0x00, 0x00, 0x00, 0x10, 0x00, 0x00, 0x00, 0x00, 0x00,
  0x00, 0x00, 0x00, 0x00, 0x00, 0x00, 0xd9, 0x00, 0x00, 0x00, 0x00, 0x00,
  0x24, 0x2a, 0x00, 0x00, 0x00, 0x00, 0x00, 0x00, 0xeb, 0x00, 0x00, 0x00,
  0x00, 0x00, 0x00, 0x00, 0x00, 0x00, 0x23, 0x00, 0x00, 0x24, 0xcf, 0xf1,
  0x00, 0x00, 0x00, 0x00, 0x00, 0x00, 0x00, 0x00, 0x00, 0x00, 0x00, 0x00,
  0x00, 0x00, 0x00, 0x00, 0x00, 0xef, 0x00, 0x00, 0x00, 0x00, 0x00, 0x00,
  0x10, 0xc6, 0x00, 0x00, 0x00, 0x00, 0x00, 0x00, 0xe0, 0x00, 0x00, 0x2d,
  0x00, 0x00, 0x00, 0x00, 0x00, 0x00, 0x10, 0x00, 0x00, 0x00, 0x00, 0x30,
  0x00, 0x00, 0x00, 0xe4, 0x00, 0x30, 0x16, 0x00, 0xde, 0x00, 0x0d, 0x30,
  0x00, 0x00, 0x00, 0x00, 0x00, 0x40, 0x00, 0x26, 0x00, 0x00, 0x0e, 0x00,
  0x00, 0x00, 0x00, 0x00, 0x00, 0x00, 0x00, 0x00, 0x00, 0x00, 0x00, 0x00,
  0x13, 0x00, 0x00, 0x00, 0x25, 0x00, 0x00, 0x00, 0x00, 0x00, 0x00, 0x00,
  0x00, 0x00, 0x00, 0x00, 0x00, 0x00, 0x00, 0xf0, 0x00, 0x00, 0x00, 0x00,
  0x00, 0x00, 0x00, 0x00, 0x00, 0x00, 0x00, 0x00, 0x00, 0x00, 0x00, 0x00,
  0x00, 0x00, 0x00, 0x00, 0x00, 0x00, 0x00, 0xf2, 0x00, 0x00, 0x00, 0x00,
  0x00, 0x00, 0x00, 0x00, 0x00, 0x00, 0x00, 0x00, 0x00, 0x00, 0x00, 0x00,
  0xe2, 0x00, 0x00, 0x00, 0x00, 0x00, 0xe4, 0x00, 0x00, 0x00, 0xd9, 0x00,
  0x00, 0x18, 0x00, 0x00, 0x00, 0x00, 0x00, 0x00, 0x00, 0x00, 0x00, 0x2f,
  0x00, 0x00, 0xde, 0x00, 0x00, 0x36, 0x00, 0x00, 0xdb, 0x1a, 0x00, 0x34,
  0x00, 0x00, 0xd4, 0x00, 0x00, 0x00, 0x00, 0x00, 0xd8, 0x00, 0x00, 0x38,
  0x22, 0x00, 0x00, 0x00, 0x00, 0x46, 0x00, 0xd3, 0xcd, 0x00, 0x00, 0x3a,
  0x00, 0x00, 0x00, 0x00, 0x00, 0x00, 0x28, 0x00, 0x00, 0x1f, 0x00, 0x00,
  0x00, 0xdb, 0x00, 0x00, 0x00, 0x00, 0x00, 0x00, 0xdc, 0x00, 0x00, 0x00,
  0x00, 0x00, 0xdd, 0x00, 0xd3, 0x00, 0x00, 0x00, 0xe4, 0x21, 0x00, 0x00,
  0x00, 0x00, 0xe8, 0x00, 0xd9, 0x42, 0x00, 0x00, 0x00, 0x00, 0xc7, 0x00,
  0x00, 0x00, 0x00, 0x00, 0x00, 0x3f, 0x00, 0x00, 0xdf, 0x00, 0x00, 0x41,
  0x00, 0x00, 0x00, 0x00, 0xd6, 0x00, 0x00, 0x00, 0x00, 0x00, 0xda, 0x00,
  0x00, 0x00, 0x00, 0x00, 0x00, 0x3a, 0x00, 0x00, 0x00, 0x00, 0x00, 0x00,
  0x00, 0x00, 0x00, 0x00, 0x00, 0x00, 0x00, 0x00, 0x00, 0x00, 0x21, 0x00,
  0x00, 0xd5, 0xd1, 0x00, 0xda, 0x00, 0x00, 0xdc, 0x00, 0x00, 0x00, 0x00,
  0x00, 0x00, 0xcb, 0x00, 0x00, 0x35, 0x00, 0x00, 0xe2, 0x00, 0x00, 0x31,
  0x00, 0x00, 0x00, 0x00, 0x00, 0x28, 0x00, 0x00, 0x00, 0x00, 0x1c, 0x32,
  0x00, 0x00, 0x00, 0x00, 0x00, 0x00, 0x00, 0x00, 0x00, 0x00, 0x00, 0x00,
  0x00, 0x00, 0x00, 0x00, 0x00, 0x00, 0xce, 0x00, 0x00, 0xc9, 0x00, 0x00,
  0xc9, 0x00, 0x00, 0xc5, 0x00, 0x00, 0x00, 0x00, 0x00, 0x00, 0xe9, 0x00,
  0x00, 0x00, 0x00, 0x03, 0x00, 0x00, 0xc3, 0x00, 0x00, 0x00, 0x00, 0x00,
  0xd1, 0x00, 0x00, 0x00, 0x00, 0x00, 0x00, 0x00, 0x00, 0x00, 0xe3, 0x00,
  0x00, 0x00, 0x35, 0x00, 0xe1, 0x00, 0x00, 0x00, 0x37, 0x00, 0xe0, 0x00,
  0x00, 0x00, 0x37, 0x00, 0x00, 0x00, 0x00, 0x00, 0x00, 0x00, 0x00, 0x00,
  0x00, 0x00, 0x00, 0x00, 0x00, 0x00, 0x00, 0x00, 0x30, 0x00, 0xd9, 0x00,
  0x00, 0x00, 0x00, 0x00, 0xd5, 0x00, 0x00, 0xef, 0x00, 0x00, 0x00, 0x00,
  0x00, 0x00, 0x00, 0xcb, 0xe4, 0xdf, 0x00, 0x00, 0x2d, 0x00, 0x00, 0xda,
  0x00, 0x00, 0x36, 0x00, 0x00, 0x00, 0x00, 0xe6, 0x1e, 0xcb, 0x00, 0x00,
  0x00, 0x00, 0x00, 0x00, 0x2b, 0xd6, 0x00, 0x00, 0x00, 0x00, 0x00, 0xca,
  0x00, 0x1d, 0x00, 0xc2, 0x00, 0x00, 0x00, 0x00, 0x00, 0xbb, 0x00, 0x00,
  0x00, 0x00, 0x00, 0x00, 0x00, 0x00, 0x00, 0x00, 0x00, 0x00, 0x00, 0x00,
  0xd0, 0x27, 0x00, 0x00, 0x00, 0x00, 0x00, 0x00, 0x00, 0x00, 0xee, 0x00,
  0xd5, 0xea, 0x00, 0x00, 0x00, 0x00, 0xcc, 0x00, 0xe0, 0x00, 0x00, 0x00,
  0x00, 0x00, 0xc0, 0x00, 0x00, 0x00, 0x00, 0x00, 0x00, 0x00, 0xd7, 0x00,
  0x00, 0xf9, 0x00, 0x00, 0xee, 0x0b, 0x00, 0x00, 0xcc, 0x00, 0xe4, 0x00,
  0x00, 0x42, 0xcf, 0x00, 0x00, 0x00, 0x00, 0x00, 0xce, 0x00, 0x00, 0x00,
  0x00, 0x00, 0x00, 0x00, 0xee, 0x00, 0x00, 0x00, 0x00, 0x00, 0xef, 0x00,
  0xd4, 0x00, 0x00, 0x04, 0xe7, 0x20, 0x00, 0x00, 0xd1, 0x00, 0xe5, 0x00,
  0x00, 0x28, 0xd7, 0x00, 0x00, 0x1f, 0x00, 0x00, 0xc1, 0x00, 0xe1, 0x00,
  0x00, 0x00, 0x00, 0x00, 0x00, 0x00, 0x00, 0xcc, 0x00, 0x07, 0x00, 0x00,
  0x00, 0xe4, 0x00, 0x00, 0x00, 0x26, 0x00, 0x00, 0xd6, 0x00, 0x14, 0x20,
  0x00, 0x00, 0x00, 0x00, 0x00, 0x22, 0x00, 0x00, 0x00, 0x05, 0x00, 0x00,
  0x00, 0x00, 0x00, 0x00, 0x00, 0x00, 0xd0, 0x00, 0x00, 0x00, 0x00, 0x00,
  0x00, 0x00, 0xc3, 0x00, 0xdd, 0x20, 0x00, 0x00, 0x00, 0x00, 0x00, 0x00,
  0x00, 0x00, 0x00, 0x00, 0x00, 0x00, 0x00, 0x00, 0x00, 0xd5, 0x00, 0x00,
  0xcb, 0x00, 0x00, 0x00, 0x00, 0x00, 0x00, 0x00, 0x00, 0x00, 0x00, 0x00,
  0x00, 0x00, 0x00, 0x00, 0x00, 0x00, 0x00, 0x00, 0x00, 0xc8, 0x00, 0x00,
  0x00, 0xf4, 0x00, 0x00, 0x23, 0x00, 0x00, 0xf0, 0x00, 0x00, 0x00, 0xdd,
  0x00, 0x00, 0x00, 0x00, 0x23, 0x00, 0x00, 0x00, 0x00, 0x00, 0x00, 0x00,
  0x00, 0x00, 0xda, 0x00, 0x00, 0x00, 0x00, 0x00, 0x00, 0x00, 0x00, 0xd8,
  0x00, 0xe3, 0x00, 0x00, 0x23, 0x00, 0x00, 0x00, 0x00, 0x00, 0x00, 0x00,
  0x00, 0xe7, 0x00, 0x07, 0x00, 0x00, 0x00, 0x00, 0x00, 0x00, 0xed, 0x00,
  0x00, 0x00, 0x00, 0x00, 0xe9, 0xc5, 0x00, 0x00, 0x00, 0x10, 0xea, 0x00,
  0x1b, 0x00, 0x00, 0x14, 0x00, 0x00, 0x00, 0xd9, 0x00, 0x0c, 0x00, 0x00,
  0xe0, 0x00, 0x00, 0x00, 0x00, 0x00, 0x00, 0x0a, 0x00, 0x06, 0x00, 0x00,
  0x00, 0x00, 0x00, 0x00, 0x00, 0x00, 0x00, 0x00, 0x00, 0x00, 0x00, 0x00,
  0x00, 0x00, 0x00, 0x06, 0x00, 0x00, 0x00, 0x00, 0x00, 0x00, 0x00, 0x00,
  0x00, 0x00, 0x00, 0x00, 0x00, 0x00, 0x00, 0x1c, 0x00, 0x00, 0x00, 0xc0,
  0x00, 0x00, 0x00, 0x00, 0x00, 0x00, 0x00, 0x00, 0x00, 0x00, 0x37, 0x00,
  0x00, 0x00, 0x00, 0x00, 0x43, 0x00, 0xdf, 0x00, 0x00, 0x00, 0x55, 0x00,
  0xdd, 0x00, 0x00, 0xfa, 0x3d, 0x00, 0x00, 0x00, 0x00, 0x00, 0x00, 0x00,
  0x00, 0xed, 0x00, 0x00, 0x00, 0x00, 0x00, 0x00, 0x00, 0x00, 0x00, 0x00,
  0xe0, 0x00, 0x00, 0x00, 0x00, 0x00, 0xda, 0x3e, 0xc0, 0x00, 0x00, 0x00,
  0x00, 0x00, 0x00, 0x00, 0x00, 0x00, 0x00, 0x00, 0xc3, 0x00, 0x00, 0x00,
  0x2a, 0xdc, 0x00, 0xe8, 0x00, 0xe7, 0x00, 0xe8, 0x00, 0x00, 0x00, 0x00,
  0x00, 0x00, 0xdd, 0x00, 0x00, 0xe9, 0x00, 0x00, 0xdc, 0x00, 0x00, 0x00,
  0x00, 0x00, 0xd6, 0x00, 0x00, 0x00, 0x00, 0x00, 0xe7, 0x00, 0x00, 0x00,
  0x31, 0x00, 0xeb, 0x00, 0xcf, 0x00, 0x15, 0x00, 0xe6, 0x00, 0xcc, 0x00,
  0x00, 0x00, 0x00, 0x2e, 0x00, 0x00, 0x00, 0x00, 0x00, 0x00, 0x00, 0x00,
  0x00, 0xd8, 0x00, 0x00, 0x00, 0x00, 0x00, 0xdb, 0x00, 0x00, 0x00, 0x00,
  0x00, 0xe7, 0x00, 0x00, 0x00, 0x00, 0x00, 0x00, 0x00, 0x00, 0x0f, 0x00,
  0x00, 0x00, 0x00, 0x00, 0x00, 0x00, 0x00, 0x00, 0x00, 0x00, 0x00, 0x00,
  0x00, 0x00, 0x00, 0x00, 0x1a, 0x00, 0x00, 0x00, 0xdf, 0x00, 0x00, 0x22,
  0x00, 0x00, 0xe7, 0x00, 0x11, 0x00, 0x2b, 0x00, 0x00, 0x00, 0x00, 0x00,
  0x00, 0xd2, 0x00, 0x00, 0x00, 0xed, 0x00, 0xdc, 0x00, 0x00, 0x00, 0x00,
  0x00, 0x00, 0x00, 0x00, 0xda, 0x00, 0x00, 0xf2, 0xf3, 0x00, 0x00, 0xd4,
  0x2b, 0xe2, 0x00, 0x12, 0x00, 0x00, 0x00, 0xd3, 0x00, 0x10, 0x00, 0x00,
  0x2d, 0xe7, 0xf8, 0x00, 0x00, 0xdd, 0x1d, 0xd5, 0x00, 0x00, 0xdd, 0x00,
  0xf0, 0x00, 0x00, 0x0f, 0xed, 0x00, 0x00, 0x00, 0x00, 0x00, 0x00, 0x00,
  0x00, 0x00, 0xfb, 0x00, 0x00, 0x00, 0x00, 0xea, 0xf5, 0x1a, 0x00, 0x00,
  0x00, 0x00, 0xf1, 0x00, 0xe6, 0x00, 0x00, 0x00, 0xdc, 0x00, 0xda, 0x00,
  0x00, 0x00, 0xdc, 0x00, 0x00, 0x00, 0x00, 0x00, 0xe8, 0x12, 0x00, 0xe5,
  0x17, 0xf7, 0x00, 0x16, 0x00, 0x18, 0x00, 0x00, 0x00, 0x20, 0x00, 0x00,
  0x1f, 0x00, 0xd5, 0x15, 0x13, 0x00, 0x2f, 0x00, 0x00, 0x0e, 0x00, 0x00,
  0x00, 0xf9, 0x00, 0x00, 0x00, 0x00, 0x00, 0x00, 0x00, 0x00, 0x00, 0x00,
  0x29, 0x00, 0x00, 0x0e, 0xd1, 0x00, 0x00, 0x00, 0xe9, 0x00, 0x00, 0x00,
  0x00, 0x00, 0x00, 0x00, 0x00, 0x00, 0x00, 0x00, 0xe5, 0x1b, 0x00, 0x00,
  0x00, 0x00, 0xd0, 0x11, 0x00, 0x00, 0x16, 0x00, 0xdf, 0x00, 0x00, 0xe5,
  0x00, 0xda, 0x00, 0x00, 0x00, 0x00, 0x00, 0x00, 0x00, 0x15, 0x09, 0x00,
  0x00, 0x00, 0x00, 0x10, 0x14, 0x00, 0x00, 0x00, 0x00, 0x00, 0x00, 0x00,
  0x1e, 0x00, 0xdf, 0x00, 0x12, 0x00, 0x00, 0x00, 0xd9, 0x00, 0x00, 0x00,
  0x28, 0x00, 0xde, 0x00, 0x00, 0x00, 0x00, 0x00, 0x00, 0x00, 0x07, 0x00,
  0x00, 0x00, 0x00, 0x00, 0x00, 0x00, 0x22, 0x00, 0x22, 0x0e, 0x06, 0x00,
  0x00, 0xcd, 0x00, 0x00, 0x00, 0xf2, 0x00, 0xde, 0x00, 0x00, 0x00, 0x00,
  0x1b, 0xed, 0x00, 0x00, 0x00, 0x00, 0x00, 0xe8, 0x00, 0x00, 0x00, 0x00,
  0x42, 0xdd, 0x00, 0x00, 0x00, 0x00, 0x00, 0xdd, 0x00, 0x00, 0x00, 0x00,
  0x00, 0x00, 0x1a, 0x00, 0x07, 0x00, 0x00, 0x00, 0x00, 0x2b, 0x1b, 0x00,
  0x00, 0xe2, 0x00, 0x00, 0x14, 0x00, 0x28, 0x00, 0x00, 0x00, 0x0d, 0x00,
  0x17, 0xed, 0x00, 0x00, 0x0b, 0xe6, 0x00, 0xec, 0x00, 0x00, 0x11, 0xe5,
  0x29, 0xe5, 0x00, 0x31, 0x00, 0xd2, 0x00, 0xce, 0x00, 0x35, 0x00, 0xe9,
  0x00, 0xdd, 0x00, 0x00, 0x00, 0xd4, 0x00, 0xd9, 0x00, 0x00, 0x00, 0xd5,
  0x00, 0xdc, 0xd6, 0x00, 0x03, 0xe3, 0x25, 0x00, 0x00, 0x38, 0x05, 0x00,
  0x00, 0x00, 0xca, 0x33, 0x1e, 0x00, 0x44, 0x00, 0x00, 0x00, 0x0e, 0x00,
  0x48, 0x00, 0x00, 0x00, 0x00, 0x00, 0x00, 0x00, 0x00, 0x00, 0x00, 0xe7,
  0x00, 0x00, 0x00, 0x00, 0x00, 0x00, 0x00, 0x00, 0x00, 0x00, 0x00, 0xdb,
  0x22, 0x00, 0x00, 0x00, 0x00, 0xdf, 0x22, 0xe5, 0x00, 0x00, 0x1e, 0x00,
  0x00, 0x00, 0x00, 0x27, 0x20, 0xda, 0x00, 0xe9, 0xe7, 0x00, 0x00, 0x00,
  0x00, 0xdc, 0x00, 0x00, 0x00, 0x00, 0x24, 0xc8, 0xed, 0x00, 0x00, 0x00,
  0x00, 0xd8, 0x00, 0x29, 0x00, 0x00, 0x00, 0x00, 0xe7, 0x00, 0x00, 0x00,
  0x00, 0x00, 0x00, 0x00, 0x00, 0x00, 0x00, 0x00, 0x00, 0x00, 0x00, 0x00,
  0x00, 0x00, 0x00, 0x00, 0x00, 0x00, 0x00, 0x00, 0x00, 0x00, 0x00, 0x00,
  0x00, 0x00, 0x00, 0x00, 0x00, 0x00, 0x00, 0x00, 0x00, 0x00, 0x00, 0x00,
  0x00, 0x00, 0x00, 0x00, 0x2f, 0x00, 0x25, 0xe4, 0x00, 0x00, 0x00, 0x00,
  0x27, 0xd4, 0x00, 0x00, 0x00, 0xc2, 0x00, 0xe1, 0x00, 0x00, 0x00, 0x00,
  0x00, 0xeb, 0x00, 0x00, 0x00, 0x00, 0x00, 0x00, 0x00, 0x00, 0x00, 0x06,
  0x00, 0x00, 0x00, 0x00, 0x00, 0x00, 0x00, 0x00, 0x00, 0x00, 0x00, 0x00,
  0x11, 0x00, 0x00, 0xca, 0x00, 0x00, 0x04, 0x00, 0x00, 0xc8, 0xfd, 0x00,
  0x00, 0x00, 0x00, 0x00, 0x00, 0x00, 0x00, 0x00, 0x00, 0x00, 0xf7, 0x00,
  0x04, 0x00, 0x00, 0x00, 0x00, 0x47, 0x00, 0x00, 0x00, 0x00, 0x00, 0x42,
  0x00, 0x00, 0x00, 0x00, 0x00, 0x00, 0x00, 0x00, 0x00, 0x00, 0xc3, 0x3d,
  0x01, 0x00, 0x00, 0x00, 0x00, 0x00, 0x16, 0x00, 0x00, 0x00, 0x00, 0x42,
  0x00, 0x00, 0xd6, 0x00, 0x00, 0x3c, 0x00, 0x00, 0xd6, 0x00, 0x00, 0x00,
  0x11, 0xe8, 0xde, 0x00, 0x00, 0x45, 0x00, 0x00, 0x00, 0x00, 0x00, 0x00,
  0x00, 0xd2, 0x00, 0x00, 0x00, 0x00, 0x00, 0xdf, 0x00, 0x00, 0x00, 0x00,
  0x00, 0x00, 0x00, 0x00, 0x00, 0x00, 0x00, 0xee, 0x00, 0x00, 0x00, 0x00,
  0x00, 0x00, 0x00, 0x00, 0x00, 0x00, 0x00, 0x00, 0x00, 0x00, 0x00, 0x00,
  0x00, 0x00, 0x00, 0x00, 0x00, 0x00, 0x00, 0x00, 0x00, 0x00, 0x00, 0x00,
  0x00, 0x00, 0x00, 0x00, 0x00, 0x00, 0x00, 0x00, 0xe8, 0x00, 0x00, 0x00,
  0x00, 0xf5, 0x00, 0x00, 0x00, 0x08, 0x00, 0xdf, 0x12, 0x00, 0x00, 0x00,
  0x00, 0xdf, 0x00, 0x00, 0x00, 0x00, 0x00, 0xef, 0x00, 0xd5, 0x00, 0xfd,
  0x00, 0xe2, 0x00, 0xcb, 0x00, 0xfd, 0x00, 0x00, 0x00, 0x00, 0x00, 0x00,
  0x00, 0x00, 0x00, 0x00, 0x00, 0x00, 0xfc, 0x00, 0x00, 0x00, 0x00, 0x00,
  0x00, 0x00, 0x00, 0x00, 0x00, 0x00, 0x00, 0x00, 0x00, 0x00, 0x00, 0x06,
  0x00, 0x00, 0x00, 0x00, 0x00, 0x00, 0x07, 0xd2, 0x00, 0x00, 0x00, 0x00,
  0x00, 0xc7, 0x00, 0x00, 0x00, 0x00, 0x00, 0xd9, 0xfb, 0x00, 0x00, 0x00,
  0x00, 0x00, 0x00, 0x00, 0x00, 0x00, 0x0e, 0x00, 0xe7, 0xdc, 0x00, 0x00,
  0x15, 0x00, 0xe6, 0x00, 0x00, 0x00, 0x1b, 0x00, 0x00, 0x00, 0x00, 0x00,
  0x00, 0x00, 0x00, 0x00, 0x00, 0x00, 0x00, 0x00, 0xe1, 0x00, 0x00, 0x44,
  0x08, 0x00, 0x00, 0x00, 0x00, 0x46, 0x00, 0x00, 0x00, 0x00, 0x00, 0x00,
  0x00, 0x00, 0x00, 0x00, 0x00, 0x00, 0x07, 0x00, 0xf1, 0x00, 0x00, 0x00,
  0x18, 0xe5, 0x00, 0x00, 0x00, 0x00, 0x00, 0xde, 0x00, 0x00, 0x00, 0x00,
  0x00, 0xe9, 0xe1, 0x00, 0x00, 0x00, 0x1a, 0x00, 0x00, 0x00, 0x00, 0x00,
  0x0e, 0xe8, 0x00, 0x00, 0x00, 0x00, 0x00, 0xe0, 0x00, 0x00, 0x00, 0x00,
  0x00, 0x00, 0x2a, 0x00, 0x00, 0x40, 0x00, 0x00, 0x00, 0x00, 0x00, 0x47,
  0x00, 0x00, 0x00, 0x00, 0x00, 0x00, 0x0a, 0x00, 0x00, 0x00, 0x00, 0x00,
  0xdf, 0x00, 0x00, 0x00, 0x00, 0x00, 0x00, 0x00, 0x00, 0xdf, 0x00, 0x00,
  0x00, 0xdd, 0x00, 0x00, 0x00, 0x00, 0x00, 0xc8, 0x00, 0x00, 0x00, 0x00,
  0x00, 0xdc, 0x00, 0x00, 0x00, 0x00, 0x00, 0x00, 0x00, 0xdd, 0x00, 0x00,
  0x00, 0x00, 0x00, 0x00, 0x00, 0x07, 0x00, 0x00, 0x00, 0x00, 0x00, 0x04,
  0x00, 0x00, 0x00, 0x00, 0x00, 0x00, 0x00, 0x00, 0x00, 0x00, 0x00, 0x00,
  0x00, 0x00, 0x00, 0x00, 0x00, 0x00, 0x00, 0x00, 0x00, 0x00, 0x12, 0x00,
  0x00, 0x00, 0x00, 0x00, 0x15, 0x00, 0x0e, 0xe3, 0x00, 0x00, 0x00, 0x00,
  0x09, 0xda, 0x00, 0x00, 0x00, 0xfd, 0x00, 0xe5, 0x00, 0x00, 0x00, 0x00,
  0x00, 0xed, 0x00, 0x00, 0x00, 0x00, 0x00, 0xed, 0x00, 0x00, 0x00, 0x00,
  0x00, 0x00, 0xe7, 0x1f, 0x00, 0x00, 0x0d, 0x00, 0x00, 0x00, 0x00, 0x00,
  0x0e, 0x00, 0xf0, 0x00, 0x00, 0x00, 0x00, 0x00, 0x00, 0x00, 0x00, 0x3f,
  0x06, 0x00, 0x00, 0x00, 0x00, 0x00, 0x00, 0x00, 0x00, 0x00, 0x00, 0x00,
  0x00, 0x00, 0x00, 0x00, 0x00, 0x00, 0x06, 0xf7, 0x00, 0x00, 0x00, 0x00,
  0x00, 0xee, 0x00, 0x00, 0x00, 0x00, 0x00, 0xe8, 0x00, 0x00, 0x00, 0x00,
  0x00, 0x00, 0xed, 0x00, 0x00, 0x00, 0x09, 0x00, 0x00, 0x00, 0x00, 0x00,
  0x00, 0x00, 0x00, 0x00, 0x00, 0x00, 0x00, 0x00, 0x00, 0x00, 0x00, 0x00,
  0x0f, 0x00, 0x1c, 0x00, 0x00, 0x3d, 0x00, 0x00, 0x00, 0x00, 0x00, 0x00,
  0x00, 0x00, 0x00, 0x00, 0x00, 0x38, 0x00, 0x00, 0x0e, 0x00, 0x00, 0x42,
  0x00, 0x00, 0x00, 0x00, 0x00, 0x00, 0x00, 0x00, 0x10, 0x00, 0x00, 0x00,
  0x00, 0x00, 0xd2, 0x00, 0xcb, 0x17, 0x00, 0x00, 0x00, 0x00, 0x00, 0x0f,
  0x00, 0x00, 0x00, 0x00, 0x00, 0x17, 0xfa, 0x00, 0x00, 0x00, 0x00, 0x12,
  0x00, 0x00, 0x00, 0x00, 0x00, 0x00, 0x00, 0x00, 0x00, 0x00, 0x00, 0x1c,
  0x00, 0x00, 0x00, 0x00, 0x00, 0x00, 0x00, 0x00, 0x00, 0x00, 0x00, 0x15,
  0x00, 0x00, 0x00, 0x00, 0x00, 0x16, 0x00, 0x00, 0x00, 0x00, 0x00, 0x00,
  0x00, 0x00, 0x00, 0x00, 0x00, 0x00, 0x00, 0x00, 0x00, 0x00, 0x00, 0x00,
  0x00, 0x00, 0x00, 0x00, 0x00, 0x00, 0x00, 0x00, 0x00, 0x00, 0x00, 0x00,
  0x00, 0x00, 0x00, 0x00, 0x00, 0x00, 0x00, 0x00, 0x00, 0x00, 0x00, 0x00,
  0x00, 0x00, 0x00, 0x00, 0xde, 0x00, 0x00, 0x00, 0x00, 0x00, 0x00, 0x00,
  0x00, 0x00, 0x00, 0x00, 0xd6, 0x00, 0x00, 0x00, 0x00, 0x00, 0x00, 0x00,
  0x00, 0x00, 0x00, 0x00, 0x00, 0x00, 0x00, 0xd1, 0x00, 0x00, 0x00, 0x00,
  0x00, 0x00, 0x00, 0x00, 0x00, 0x1b, 0x00, 0x00, 0x00, 0x00, 0x00, 0x00,
  0x00, 0x00, 0x00, 0x00, 0x00, 0x00, 0x00, 0x00, 0x00, 0x00, 0x00, 0x1a,
  0x00, 0x00, 0x00, 0x26, 0x00, 0x00, 0x00, 0x00, 0x00, 0x00, 0x00, 0x21,
  0x00, 0xd6, 0x00, 0x00, 0x00, 0x00, 0x00, 0xd8, 0x00, 0x00, 0x00, 0x00,
  0x00, 0xdc, 0x00, 0x00, 0xe1, 0x00, 0x00, 0x00, 0x00, 0x00, 0x00, 0x1a,
  0x00, 0x00, 0x00, 0x00, 0x00, 0x00, 0x00, 0x00, 0x00, 0x00, 0x00, 0x00,
  0x00, 0x00, 0x00, 0x00, 0x00, 0x24, 0x00, 0x18, 0x00, 0x00, 0x00, 0x25,
  0x00, 0x00, 0x00, 0x25, 0x00, 0x00, 0x00, 0x12, 0x00, 0x00, 0x00, 0x2e,
  0x00, 0x1a, 0x00, 0x00, 0x00, 0x1f, 0x00, 0x00, 0x00, 0x28, 0x00, 0x00,
  0x00, 0x19, 0x00, 0x00, 0x00, 0x00, 0x00, 0x00, 0x00, 0x00, 0x00, 0x14,
  0x00, 0x00, 0xe9, 0x00, 0x00, 0x0f, 0x00, 0x15, 0x00, 0x00, 0x00, 0x13,
  0x00, 0x00, 0xf0, 0x00, 0x00, 0x14, 0x00, 0x00, 0x00, 0x00, 0x00, 0x1a,
  0x00, 0x00, 0x00, 0x00, 0x00, 0x28, 0x00, 0x00, 0x00, 0x00, 0x00, 0x00,
  0x00, 0x00, 0x00, 0x00, 0x00, 0x00, 0x00, 0xd6, 0x00, 0x00, 0x00, 0x00,
  0x00, 0x00, 0x00, 0x00, 0x00, 0x00, 0x00, 0x00, 0xdb, 0x00, 0x00, 0x00,
  0x00, 0x00, 0x00, 0x20, 0x00, 0x00, 0x00, 0x00, 0x00, 0x00, 0xe8, 0x00,
  0x00, 0x00, 0x00, 0x00, 0x00, 0x19, 0x00, 0x00, 0x00, 0x00, 0xe7, 0x00,
  0x00, 0x00, 0x00, 0x00, 0x00, 0x00, 0x00, 0x00, 0x00, 0x00, 0x00, 0x00,
  0x00, 0x00, 0x00, 0x00, 0x00, 0x00, 0x00, 0x00, 0x00, 0x00, 0x00, 0x00,
  0x00, 0x05, 0x00, 0x00, 0x00, 0x00, 0x00, 0x00, 0x00, 0x00, 0xeb, 0x00,
  0x00, 0x0d, 0x00, 0x00, 0x00, 0x00, 0x00, 0x00, 0x00, 0x2a, 0x00, 0x00,
  0x00, 0x00, 0x1a, 0x00, 0x00, 0x00, 0x00, 0xd1, 0x40, 0x00, 0x00, 0x00,
  0x00, 0xd1, 0x23, 0x27, 0xe2, 0x00, 0x00, 0x00, 0x00, 0x2a, 0x00, 0x00,
  0x00, 0x00, 0x00, 0x00, 0xe4, 0x00, 0x00, 0x00, 0x00, 0x00, 0x00, 0x00,
  0x00, 0x00, 0x00, 0x00, 0xe5, 0x00, 0x00, 0x00, 0x00, 0x00, 0x00, 0x00,
  0x00, 0x00, 0x00, 0x00, 0x00, 0x00, 0x00, 0xd4, 0x00, 0x00, 0x00, 0x00,
  0x00, 0x00, 0x00, 0x00, 0x00, 0x00, 0x00, 0x00, 0x00, 0x26, 0x00, 0x00,
  0x00, 0x00, 0x00, 0x00, 0x00, 0x00, 0x00, 0x00, 0x00, 0x00, 0x00, 0x0f,
  0x00, 0x00, 0x00, 0x28, 0xdc, 0x0c, 0x39, 0x00, 0x00, 0x00, 0xdc, 0x11,
  0x00, 0xd8, 0x00, 0x00, 0x00, 0x00, 0xff, 0x00, 0x00, 0x00, 0x00, 0x00,
  0x00, 0x00, 0x00, 0x00, 0x00, 0x17, 0x00, 0x00, 0x00, 0x00, 0x00, 0x00,
  0x00, 0x00, 0x00, 0xf6, 0x00, 0x12, 0x00, 0x00, 0x00, 0x00, 0x00, 0x23,
  0x00, 0x00, 0x00, 0x00, 0x00, 0x00, 0x00, 0x00, 0x00, 0x00, 0x00, 0x00,
  0x00, 0x00, 0x00, 0x00, 0x00, 0x00, 0x00, 0x00, 0x00, 0x00, 0x00, 0x0f,
  0x00, 0x00, 0x00, 0x00, 0x00, 0x00, 0x00, 0x00, 0x00, 0x00, 0xe7, 0x1a,
  0x00, 0xe1, 0x00, 0x00, 0xea, 0x00, 0x00, 0xd8, 0x00, 0x00, 0x00, 0x13,
  0x00, 0x00, 0x00, 0x00, 0x00, 0x0d, 0x00, 0x00, 0x00, 0x00, 0xe4, 0x00,
  0x00, 0x00, 0x00, 0x00, 0x00, 0x00, 0x00, 0x00, 0x00, 0x00, 0x00, 0x00,
  0x00, 0x00, 0x00, 0x00, 0x00, 0x00, 0x00, 0x00, 0x00, 0x00, 0x00, 0x0d,
  0x00, 0xf0, 0x00, 0x00, 0x00, 0x00, 0x00, 0x00, 0x00, 0x00, 0x00, 0xc4,
  0x35, 0x00, 0x00, 0x00, 0x00, 0xc4, 0x00, 0x00, 0x00, 0x00, 0x00, 0x00,
  0x00, 0x00, 0x00, 0x3c, 0x00, 0x00, 0x00, 0x10, 0x00, 0x3e, 0x00, 0x00,
  0x00, 0x00, 0x00, 0x30, 0x00, 0x00, 0x00, 0x00, 0x00, 0x2f, 0x00, 0x00,
  0x00, 0x00, 0x00, 0x00, 0x00, 0x00, 0x00, 0x00, 0x00, 0x36, 0x3c, 0x00,
  0x00, 0x00, 0x00, 0x2b, 0x2f, 0x00, 0x00, 0x00, 0x00, 0x00, 0x00, 0x00,
  0x00, 0x00, 0x00, 0x00, 0x00, 0x00, 0x00, 0x00, 0x00, 0x34, 0x00, 0x00,
  0x00, 0x00, 0x00, 0x00, 0x00, 0x00, 0x00, 0x00, 0x00, 0x00, 0x2e, 0x00,
  0x00, 0x00, 0x00, 0x00, 0x00, 0x00, 0x00, 0x00, 0x00, 0x00, 0x00, 0x00,
  0x00, 0x00, 0x00, 0x00, 0x00, 0x00, 0x00, 0x00, 0x00, 0x00, 0x00, 0xd6,
  0x00, 0x00, 0x00, 0x00, 0x00, 0x00, 0x00, 0x00, 0x00, 0x00, 0x00, 0x00,
  0x00, 0x00, 0x00, 0x00, 0x00, 0xcb, 0x00, 0x00, 0x00, 0x00, 0x00, 0x00,
  0x00, 0x00, 0x00, 0x46, 0x00, 0x00, 0x00, 0x00, 0x00, 0x00, 0x00, 0x00,
  0x00, 0x00, 0x00, 0x00, 0x00, 0x00, 0x00, 0x00, 0x00, 0x00, 0x00, 0x00,
  0x00, 0x00, 0x00, 0x00, 0x00, 0x00, 0x00, 0x00, 0x00, 0x00, 0x00, 0x00,
  0x00, 0x00, 0x00, 0x00, 0x00, 0x00, 0x00, 0x00, 0x00, 0x00, 0x00, 0x00,
  0x00, 0x00, 0x00, 0x00, 0x00, 0xd3, 0x00, 0x00, 0x00, 0x27, 0x00, 0x00,
  0x00, 0x00, 0x00, 0x00, 0x00, 0x00, 0x00, 0x00, 0x00, 0x00, 0x00, 0xc2,
  0x43, 0x00, 0x00, 0x00, 0x32, 0x00, 0x46, 0x00, 0x00, 0x00, 0x00, 0xcb,
  0x00, 0x00, 0x00, 0x00, 0x00, 0x00, 0x00, 0x00, 0x00, 0x00, 0x00, 0x00,
  0x00, 0x00, 0x00, 0x39, 0x00, 0x00, 0x00, 0x00, 0x00, 0x00, 0x00, 0x00,
  0x00, 0x00, 0x00, 0x31, 0x00, 0x00, 0x00, 0x00, 0xe6, 0x2c, 0x00, 0x00,
  0x00, 0x00, 0x00, 0x00, 0x00, 0x00, 0x00, 0x00, 0x00, 0x00, 0x00, 0x00,
  0x00, 0x00, 0x00, 0x00, 0x00, 0x00, 0x00, 0x00, 0x00, 0x35, 0x00, 0x00,
  0x00, 0x00, 0x00, 0x00, 0x00, 0x00, 0x00, 0x00, 0x00, 0x38, 0x00, 0x00,
  0x00, 0x22, 0x00, 0x00, 0x00, 0x00, 0x00, 0x1a, 0x00, 0x00, 0x00, 0x00,
  0x00, 0x00, 0x00, 0x00, 0x00, 0x00, 0x5e, 0x00, 0x00, 0xec, 0x00, 0x00,
  0x00, 0x00, 0x00, 0x00, 0x00, 0x00, 0x00, 0x00, 0x00, 0x00, 0x00, 0x00,
  0x46, 0x00, 0x00, 0x00, 0x00, 0x00, 0x00, 0xd9, 0x1e, 0x00, 0x00, 0x00,
  0x00, 0x00, 0x00, 0x00, 0x00, 0x00, 0x00, 0x00, 0x12, 0x00, 0x00, 0x00,
  0x00, 0x00, 0x01, 0x00, 0x00, 0x00, 0x00, 0x00, 0x00, 0x2c, 0x00, 0x00,
  0x40, 0x00, 0x00, 0x21, 0x00, 0x00, 0x00, 0x00, 0x00, 0x00, 0x00, 0x00,
  0x48, 0x00, 0x00, 0x00, 0x00, 0x00, 0x00, 0x00, 0x00, 0x00, 0x00, 0x00,
  0x00, 0x00, 0x00, 0x00, 0x00, 0x00, 0x00, 0x00, 0x00, 0x00, 0x00, 0x00,
  0x00, 0x00, 0x00, 0x00, 0x00, 0x00, 0x47, 0x00, 0x00, 0x00, 0x00, 0x00,
  0x00, 0xf0, 0x00, 0x00, 0x00, 0x00, 0x44, 0x00, 0x00, 0x00, 0x2f, 0x00,
  0x00, 0x00, 0xd7, 0x00, 0x00, 0xcd, 0x00, 0x00, 0x00, 0x00, 0x30, 0x00,
  0x00, 0x00, 0x00, 0x00, 0x00, 0x00, 0x00, 0x00, 0x00, 0x00, 0x00, 0x00,
  0x46, 0x00, 0x00, 0x00, 0x00, 0x00, 0x00, 0x00, 0x00, 0x00, 0x00, 0x00,
  0x00, 0x00, 0x00, 0x00, 0x00, 0x00, 0x00, 0x00, 0x00, 0x00, 0x00, 0x00,
  0x00, 0x00, 0x00, 0x00, 0x00, 0x00, 0x00, 0x00, 0x00, 0x00, 0x00, 0xc8,
  0x00, 0x00, 0x00, 0x2d, 0x00, 0x00, 0x00, 0x00, 0x00, 0x00, 0x00, 0xce,
  0x00, 0x00, 0x00, 0x00, 0x00, 0x00, 0x00, 0x00, 0x00, 0x00, 0x00, 0x00,
  0x00, 0x00, 0x09, 0x34, 0x28, 0x00, 0x00, 0x00, 0x00, 0x00, 0x00, 0x00,
  0x00, 0x1b, 0x00, 0x00, 0x00, 0x00, 0x38, 0x00, 0x00, 0x00, 0x2b, 0x00,
  0x00, 0x00, 0x00, 0x00, 0x00, 0x00, 0x44, 0x00, 0x00, 0xfa, 0x00, 0xd1,
  0x4e, 0x00, 0x00, 0x00, 0x2d, 0x00, 0x00, 0x00, 0x00, 0x00, 0x35, 0x00,
  0x00, 0x00, 0x0f, 0xfc, 0x00, 0xc1, 0x00, 0x00, 0x00, 0x00, 0x00, 0x00,
  0x00, 0x00, 0x0c, 0x00, 0x00, 0x00, 0x00, 0x00, 0x00, 0x00, 0x27, 0x00,
  0x45, 0x00, 0x00, 0x00, 0x00, 0x00, 0x00, 0x0a, 0x00, 0x00, 0x00, 0x00,
  0x00, 0x00, 0x00, 0x00, 0x00, 0x00, 0x00, 0x00, 0x00, 0x00, 0x00, 0x00,
  0x00, 0x00, 0x00, 0x00, 0x00, 0x00, 0x00, 0x00, 0x00, 0xd5, 0x23, 0x00,
  0x00, 0x00, 0x00, 0x00, 0x00, 0x00, 0x00, 0x00, 0x00, 0xd6, 0x00, 0x00,
  0x00, 0x00, 0x00, 0xd2, 0x00, 0x00, 0x00, 0x28, 0x00, 0x00, 0x00, 0x00,
  0x00, 0x00, 0x00, 0xc8, 0x00, 0x00, 0x00, 0x00, 0x00, 0x00, 0x00, 0x00,
  0x00, 0x00, 0x00, 0xce, 0x00, 0x00, 0x00, 0x00, 0x00, 0x00, 0x00, 0x00,
  0x00, 0x00, 0x00, 0xc8, 0x00, 0x00, 0x00, 0x00, 0x00, 0xc6, 0xe9, 0x00,
  0x00, 0x00, 0xe4, 0x00, 0x00, 0x00, 0x00, 0x00, 0xe6, 0x00, 0x1b, 0x00,
  0x00, 0x00, 0x00, 0x00, 0x00, 0x00, 0x00, 0x00, 0x00, 0xd0, 0x00, 0x00,
  0x00, 0x00, 0x00, 0x00, 0x00, 0x00, 0x00, 0x00, 0x00, 0x00, 0x00, 0x00,
  0x10, 0x00, 0x00, 0xc1, 0x00, 0x00, 0x00, 0x00, 0x00, 0xd3, 0x00, 0x00,
  0x00, 0x00, 0x00, 0x00, 0x00, 0x00, 0x00, 0x00, 0x00, 0xda, 0x00, 0x00,
  0x00, 0x00, 0x00, 0x00, 0x00, 0x00, 0x00, 0x00, 0x00, 0xdb, 0x00, 0x00,
  0x0b, 0x00, 0x00, 0x00, 0x00, 0x00, 0x00, 0x00, 0x00, 0x00, 0x00, 0x00,
  0x00, 0x00, 0x00, 0x00, 0x00, 0x00, 0x00, 0x00, 0x00, 0x00, 0x00, 0x3d,
  0x00, 0x00, 0x00, 0x00, 0x00, 0x00, 0x00, 0x00, 0x00, 0xd2, 0x00, 0x00,
  0x00, 0x00, 0x00, 0x00, 0x00, 0x00, 0x00, 0x00, 0x00, 0x00, 0x00, 0x00,
  0x00, 0x00, 0x00, 0xdc, 0x00, 0x00, 0x00, 0x00, 0x00, 0x00, 0x00, 0x00,
  0x00, 0x00, 0x00, 0x00, 0x00, 0x00, 0x00, 0x00, 0x00, 0x00, 0x00, 0x00,
  0x00, 0x00, 0x10, 0x00, 0x00, 0x00, 0x00, 0x00, 0x28, 0x00, 0x00, 0x00,
  0x00, 0xd9, 0x00, 0xce, 0x00, 0x00, 0x00, 0x00, 0x00, 0x00, 0x00, 0x00,
  0x00, 0x15, 0x00, 0x00, 0x00, 0x00, 0xe6, 0x00, 0x00, 0x00, 0x00, 0x00,
  0x00, 0x00, 0x00, 0x00, 0x00, 0x00, 0x00, 0xdd, 0x00, 0xce, 0xe6, 0x00,
  0x00, 0xee, 0x00, 0x00, 0x00, 0x00, 0x00, 0xf0, 0x00, 0xd3, 0x00, 0x00,
  0x00, 0x00, 0x00, 0x00, 0x00, 0x00, 0x00, 0xf0, 0x00, 0x00, 0x00, 0x00,
  0x00, 0xf0, 0x00, 0xd0, 0x29, 0x00, 0x00, 0x00, 0x00, 0xdd, 0x00, 0x00,
  0x00, 0x00, 0x00, 0x00, 0x00, 0x00, 0x00, 0x00, 0xef, 0xda, 0x00, 0x00,
  0x00, 0x18, 0x00, 0x00, 0x00, 0x00, 0x00, 0x00, 0x00, 0xdb, 0x00, 0x00,
  0x00, 0x00, 0x00, 0xd7, 0x00, 0x00, 0x00, 0x00, 0x00, 0x00, 0x2f, 0x00,
  0xe2, 0x00, 0x00, 0xd3, 0x00, 0x00, 0x00, 0x00, 0x00, 0x00, 0x00, 0x00,
  0x00, 0x00, 0x00, 0x00, 0x00, 0x00, 0x00, 0x00, 0x00, 0xd0, 0x00, 0x00,
  0x17, 0x00, 0x00, 0xd0, 0x00, 0x00, 0x00, 0x00, 0x00, 0x00, 0x00, 0x00,
  0x00, 0x00, 0x00, 0x00, 0x00, 0x4c, 0x00, 0x00, 0x00, 0x00, 0x00, 0x00,
  0x00, 0x00, 0x00, 0x00, 0x00, 0x00, 0x00, 0x00, 0x00, 0x00, 0x00, 0x00,
  0x00, 0x00, 0x00, 0x00, 0x00, 0x00, 0x00, 0x00, 0x00, 0x00, 0x00, 0x00,
  0x00, 0x00, 0x00, 0x00, 0x00, 0x00, 0x00, 0x00, 0x00, 0x00, 0x00, 0x00,
  0x00, 0x00, 0x00, 0x00, 0x00, 0x00, 0x00, 0xfb, 0x00, 0xd8, 0x00, 0x00,
  0x00, 0x00, 0x1b, 0xd9, 0x00, 0x00, 0x00, 0x00, 0x00, 0x00, 0x37, 0x00,
  0x00, 0x00, 0x00, 0x00, 0x00, 0x00, 0x00, 0x00, 0x00, 0xcb, 0x00, 0x00,
  0x00, 0x00, 0x00, 0x00, 0x33, 0x00, 0x00, 0x00, 0x00, 0x00, 0x00, 0x00,
  0x00, 0x00, 0x00, 0x00, 0x00, 0x00, 0x00, 0x00, 0x00, 0x00, 0x00, 0x00,
  0x00, 0x00, 0x00, 0xd5, 0x00, 0x00, 0x00, 0x00, 0x00, 0xda, 0x00, 0x00,
  0x00, 0x00, 0x00, 0x00, 0x28, 0x00, 0x00, 0x00, 0x00, 0xd0, 0x00, 0x00,
  0x00, 0x00, 0x00, 0xce, 0x00, 0x00, 0x00, 0x00, 0x00, 0x00, 0x2d, 0x00,
  0x00, 0x00, 0x00, 0x00, 0x34, 0x00, 0x00, 0x00, 0x00, 0x00, 0x30, 0x00,
  0x00, 0x00, 0x00, 0x00, 0x00, 0x00, 0x00, 0x00, 0x00, 0x00, 0x00, 0x00,
  0x00, 0x00, 0x00, 0xd6, 0x00, 0x00, 0x00, 0x00, 0x00, 0x00, 0x00, 0x00,
  0x00, 0x00, 0x00, 0x00, 0x00, 0x00, 0x00, 0x00, 0x00, 0x00, 0x00, 0x00,
  0x00, 0x00, 0x00, 0x00, 0x27, 0x00, 0x00, 0x00, 0x00, 0x00, 0x00, 0x00,
  0x00, 0x00, 0x00, 0xc7, 0x00, 0x00, 0xc9, 0x00, 0x00, 0x00, 0x00, 0x4a,
  0xda, 0x00, 0x00, 0x00, 0x00, 0xc2, 0x00, 0x00, 0x00, 0x00, 0x00, 0x00,
  0x22, 0xc3, 0x00, 0x00, 0x00, 0x00, 0x00, 0xbe, 0x00, 0x00, 0x00, 0x00,
  0x00, 0xc0, 0x06, 0x00, 0x00, 0x00, 0x00, 0xc7, 0x00, 0x00, 0x00, 0x00,
  0x00, 0xcc, 0x00, 0x00, 0x00, 0x00, 0x00, 0xd3, 0x00, 0x00, 0x00, 0x00,
  0x00, 0x00, 0x00, 0x00, 0x00, 0x00, 0x00, 0x00, 0xf9, 0x00, 0x00, 0x00,
  0x24, 0x00, 0x00, 0x00, 0x00, 0x00, 0x16, 0x00, 0x00, 0x00, 0x00, 0x00,
  0x00, 0x00, 0x00, 0x00, 0x00, 0x00, 0x1d, 0xda, 0x00, 0x00, 0x00, 0x00,
  0x00, 0xd3, 0x00, 0x00, 0x00, 0x00, 0x00, 0x00, 0x00, 0x00, 0x00, 0x00,
  0x00, 0x00, 0x00, 0x00, 0x00, 0x00, 0x00, 0xcc, 0x00, 0x00, 0x00, 0x00,
  0x2e, 0xcd, 0x00, 0xf7, 0x00, 0x00, 0x00, 0xcf, 0xf1, 0x00, 0x00, 0x00,
  0x00, 0x00, 0x00, 0x00, 0x1a, 0x00, 0x00, 0x00, 0x00, 0x00, 0x11, 0x00,
  0x00, 0xd8, 0x00, 0x00, 0x00, 0x00, 0x00, 0x00, 0x00, 0x00, 0x00, 0x00,
  0xda, 0x00, 0x00, 0x00, 0x00, 0x00, 0x00, 0x00, 0x00, 0x00, 0x00, 0x00,
  0x00, 0x00, 0x00, 0x00, 0x00, 0x00, 0x00, 0x00, 0x00, 0x00, 0x00, 0x00,
  0x28, 0x00, 0x00, 0x00, 0x00, 0xbe, 0x00, 0x00, 0x00, 0x00, 0x00, 0x00,
  0x00, 0x00, 0x00, 0x00, 0x00, 0xc6, 0x00, 0x00, 0x00, 0x00, 0x0a, 0x00,
  0x00, 0x00, 0xe6, 0x00, 0x00, 0xc9, 0x24, 0x00, 0xf9, 0x00, 0x00, 0xc1,
  0x27, 0x00, 0x00, 0x00, 0x00, 0x00, 0x00, 0x00, 0xed, 0x00, 0x00, 0x00,
  0x00, 0x00, 0xfa, 0xf7, 0x00, 0x00, 0x00, 0x00, 0xe8, 0xf1, 0x00, 0x00,
  0x00, 0xe0, 0xee, 0x00, 0x00, 0x00, 0x00, 0xe4, 0xf4, 0xfa, 0x00, 0x00,
  0x10, 0xe0, 0x00, 0xf7, 0x00, 0x00, 0x00, 0xd9, 0x00, 0x00, 0x00, 0x00,
  0x00, 0xcd, 0x00, 0x00, 0x00, 0x00, 0x00, 0xcd, 0x00, 0x00, 0x00, 0x00,
  0x00, 0xdd, 0xe2, 0xfc, 0x00, 0x00, 0x00, 0xd5, 0xe4, 0x00, 0x00, 0x00,
  0x15, 0x00, 0xe4, 0x00, 0x00, 0x00, 0xda, 0x00, 0xec, 0x00, 0x00, 0x00,
  0x00, 0x00, 0xd6, 0xff, 0x00, 0x00, 0x23, 0x00, 0xe7, 0x00, 0x00, 0xf9,
  0x00, 0xeb, 0x00, 0x00, 0x00, 0x00, 0x00, 0x00, 0x00, 0x00, 0x00, 0x00,
  0x00, 0x00, 0x00, 0xfc, 0x00, 0x00, 0x00, 0x00, 0x00, 0xff, 0xff, 0x00,
  0x13, 0x00, 0x00, 0x00, 0x00, 0x00, 0x00, 0x00, 0x00, 0x00, 0x00, 0x00,
  0x00, 0x00, 0x00, 0x00, 0x00, 0x00, 0x11, 0x00, 0x00, 0x00, 0x00, 0x00,
  0x00, 0x00, 0x35, 0x00, 0x00, 0x00, 0x00, 0x00, 0x29, 0x00, 0x00, 0x00,
  0x00, 0x00, 0x00, 0x00, 0x00, 0x00, 0x00, 0x00, 0x00, 0x00, 0x00, 0x00,
  0x00, 0x00, 0x00, 0x03, 0x00, 0x00, 0x00, 0x00, 0x00, 0x00, 0x00, 0x00,
  0x16, 0x00, 0xf1, 0x00, 0x00, 0x00, 0x00, 0x00, 0x00, 0x00, 0x00, 0x00,
  0x00, 0x00, 0x00, 0x00, 0x00, 0x00, 0x00, 0xe1, 0x00, 0x0d, 0x09, 0xf3,
  0x00, 0x00, 0x00, 0x08, 0x00, 0x00, 0x00, 0x00, 0x00, 0xff, 0x00, 0x00,
  0x00, 0x00, 0x00, 0x00, 0x00, 0x00, 0x00, 0x00, 0x00, 0x00, 0x00, 0x00,
  0x26, 0x00, 0x00, 0x00, 0x00, 0x00, 0x3d, 0xd2, 0x00, 0x0a, 0x00, 0x00,
  0x2c, 0xd6, 0x00, 0x00, 0x00, 0x00, 0x28, 0x00, 0x00, 0x08, 0x00, 0x00,
  0x00, 0xd9, 0x11, 0x00, 0x00, 0x00, 0x00, 0x00, 0xfe, 0x00, 0x00, 0x00,
  0x00, 0xcc, 0x00, 0x00, 0x00, 0x00, 0x00, 0x00, 0x00, 0x00, 0x00, 0x00,
  0x00, 0x00, 0xe1, 0x1a, 0x00, 0x00, 0x00, 0x00, 0x00, 0x17, 0x00, 0x00,
  0x00, 0xd3, 0x00, 0x00, 0x00, 0x00, 0xf0, 0xd5, 0x00, 0x00, 0x00, 0x00,
  0x26, 0x00, 0x00, 0x12, 0x00, 0x00, 0x00, 0xd9, 0x00, 0x00, 0x00, 0x00,
  0xeb, 0xe4, 0x00, 0x00, 0x00, 0x00, 0x00, 0x00, 0xdc, 0x00, 0x00, 0x00,
  0x1d, 0xca, 0xe4, 0x0e, 0x25, 0x00, 0x2a, 0xd4, 0x00, 0x00, 0x00, 0x00,
  0x1f, 0xce, 0x00, 0x00, 0x00, 0x00, 0x00, 0x00, 0xee, 0x00, 0x00, 0x00,
  0x00, 0x00, 0x00, 0x00, 0x00, 0x00, 0x26, 0x00, 0x00, 0x00, 0x00, 0x00,
  0x00, 0x00, 0x00, 0x00, 0x00, 0x00, 0x00, 0x00, 0x00, 0x00, 0x00, 0xc1,
  0x00, 0x00, 0x00, 0x00, 0x23, 0x00, 0x00, 0x00, 0x00, 0x00, 0x00, 0x00,
  0x00, 0xdf, 0x00, 0x00, 0x00, 0x00, 0x00, 0xd0, 0x00, 0x2a, 0x00, 0x00,
  0x00, 0x00, 0xdb, 0x00, 0xda, 0x00, 0x00, 0x00, 0x00, 0x00, 0x00, 0x00,
  0x00, 0x00, 0xd7, 0x00, 0x00, 0x00, 0x00, 0x00, 0x00, 0x00, 0xd6, 0x00,
  0x24, 0x00, 0x00, 0x00, 0x00, 0x00, 0x00, 0x00, 0x00, 0x00, 0x00, 0x00,
  0x00, 0x00, 0x00, 0xd4, 0x00, 0x2e, 0x00, 0x00, 0x00, 0x00, 0x00, 0x00,
  0x00, 0x00, 0x00, 0xd9, 0x00, 0x00, 0x00, 0x00, 0x00, 0x00, 0x00, 0x00,
  0x00, 0x00, 0x00, 0x00, 0x07, 0x00, 0x00, 0x00, 0x00, 0x00, 0x00, 0x2e,
  0x00, 0xdd, 0x25, 0x00, 0x00, 0x00, 0x00, 0xcb, 0x00, 0x00, 0x00, 0x00,
  0x00, 0x00, 0x29, 0x00, 0x00, 0x00, 0x00, 0x00, 0x34, 0x00, 0xd2, 0x00,
  0x1c, 0x00, 0x2a, 0xdb, 0x00, 0x00, 0x00, 0x00, 0x26, 0x00, 0x00, 0xe4,
  0x00, 0x00, 0x27, 0x00, 0xce, 0xeb, 0x00, 0x00, 0x00, 0x00, 0x00, 0xd9,
  0x00, 0x00, 0x2d, 0x00, 0x00, 0xdc, 0x00, 0x22, 0x00, 0xd9, 0x00, 0x00,
  0x00, 0x1c, 0x34, 0x00, 0x00, 0xd5, 0x00, 0x00, 0x00, 0x00, 0x00, 0xea,
  0x00, 0x00, 0x00, 0x00, 0x00, 0x00, 0x00, 0x00, 0x00, 0xd3, 0x00, 0x00,
  0x00, 0x00, 0x00, 0x00, 0x00, 0x00, 0x00, 0x00, 0x00, 0x00, 0x00, 0x00,
  0x18, 0x00, 0x00, 0xd1, 0x00, 0x00, 0x21, 0x13, 0x00, 0x00, 0x00, 0x00,
  0x1a, 0x00, 0x00, 0xda, 0x00, 0x00, 0x23, 0x00, 0x00, 0x00, 0x11, 0x00,
  0x00, 0x00, 0x00, 0xdf, 0x00, 0x00, 0x00, 0x00, 0x00, 0xe1, 0x0e, 0xf6,
  0x3c, 0x00, 0x00, 0x00, 0x00, 0x00, 0x00, 0xe7, 0x00, 0xcb, 0x00, 0x00,
  0x00, 0x00, 0x00, 0x00, 0x00, 0x30, 0x00, 0x00, 0xe2, 0x00, 0x00, 0x00,
  0x00, 0xc9, 0xe6, 0x00, 0x00, 0x00, 0x21, 0xdf, 0x00, 0x00, 0xd3, 0x00,
  0x00, 0xce, 0x00, 0x00, 0x00, 0x3f, 0x00, 0x00, 0x00, 0x00, 0x00, 0x48,
  0x00, 0x00, 0x00, 0xd4, 0x00, 0x3f, 0x00, 0x00, 0x00, 0x00, 0xd4, 0x33,
  0x00, 0x00, 0x00, 0x00, 0x00, 0x00, 0x00, 0x00, 0x00, 0x00, 0x00, 0x3c,
  0x00, 0x00, 0x00, 0x00, 0x00, 0x00, 0x00, 0x00, 0x27, 0xdb, 0x00, 0x00,
  0x00, 0x00, 0x00, 0x00, 0x00, 0x00, 0x00, 0x00, 0x00, 0x00, 0x00, 0x00,
  0x00, 0x00, 0x30, 0x00, 0x00, 0x00, 0x00, 0x00, 0x2b, 0x00, 0xd5, 0x00,
  0x20, 0xd6, 0x00, 0x00, 0x00, 0x00, 0x00, 0x00, 0x00, 0x00, 0xcd, 0x00,
  0x00, 0x00, 0x00, 0x00, 0xdf, 0xed, 0x00, 0x00, 0x00, 0x00, 0xca, 0x00,
  0x00, 0x00, 0x00, 0x00, 0xce, 0x00, 0x00, 0x00, 0x00, 0x00, 0xd7, 0xed,
  0x00, 0x00, 0x00, 0x00, 0xd1, 0x00, 0x00, 0x00, 0x00, 0x00, 0x00, 0x00,
  0x00, 0x00, 0x00, 0x00, 0x00, 0x00, 0x00, 0x00, 0x00, 0x00, 0x00, 0x00,
  0x00, 0x00, 0x00, 0x0f, 0x00, 0x00, 0x00, 0x00, 0x00, 0x00, 0x00, 0x00,
  0x25, 0x00, 0x00, 0x18, 0xe0, 0x00, 0x00, 0x00, 0xef, 0x00, 0x13, 0x00,
  0x00, 0x00, 0x00, 0x00, 0x00, 0x2d, 0x2a, 0x12, 0x00, 0x00, 0x00, 0x00,
  0x00, 0x17, 0x00, 0x00, 0x00, 0x00, 0x00, 0x00, 0x00, 0x00, 0x00, 0x00,
  0x31, 0x00, 0x00, 0x00, 0x00, 0x00, 0x00, 0x00, 0x00, 0x00, 0x00, 0x00,
  0x1d, 0x18, 0x00, 0x00, 0x00, 0x00, 0x00, 0x06, 0xe4, 0x00, 0x00, 0x00,
  0x00, 0x00, 0x00, 0x00, 0xd6, 0x00, 0x25, 0x00, 0xe4, 0x00, 0x00, 0x00,
  0x00, 0x00, 0x00, 0x00, 0x00, 0x29, 0x21, 0x00, 0x00, 0x00, 0x00, 0x32,
  0x22, 0x00, 0xe7, 0x00, 0x00, 0x00, 0x00, 0x00, 0xea, 0x00, 0x00, 0x00,
  0x00, 0x00, 0x00, 0x0c, 0xd8, 0x3b, 0x00, 0x00, 0x00, 0x00, 0xda, 0x00,
  0x00, 0x00, 0x00, 0x00, 0x00, 0x30, 0x00, 0x00, 0x26, 0x00, 0x00, 0x00,
  0x00, 0x00, 0x00, 0x00, 0x00, 0x2d, 0x00, 0x00, 0x00, 0x00, 0x00, 0x30,
  0x00, 0x00, 0x00, 0x00, 0x00, 0x00, 0x00, 0x00, 0x00, 0x00, 0x00, 0x00,
  0x00, 0x00, 0x00, 0x00, 0x00, 0x00, 0x24, 0x00, 0x00, 0xe0, 0x00, 0x00,
  0x2f, 0x00, 0x00, 0x00, 0x00, 0x22, 0x00, 0x00, 0x00, 0x00, 0x00, 0x00,
  0x00, 0x00, 0x00, 0x00, 0xd4, 0x00, 0x00, 0x00, 0x00, 0x00, 0x00, 0x00,
  0x00, 0x00, 0x26, 0x00, 0x00, 0x00, 0x00, 0x00, 0x31, 0x00, 0x00, 0x00,
  0x00, 0x00, 0x2a, 0x00, 0x00, 0x00, 0x00, 0x00, 0x00, 0x18, 0x00, 0x00,
  0x00, 0x00, 0x00, 0x00, 0x00, 0x00, 0x00, 0x10, 0x00, 0x19, 0x00, 0x00,
  0x00, 0x00, 0x00, 0x00, 0x00, 0x00, 0x00, 0x04, 0x00, 0x00, 0x00, 0xc6,
  0x00, 0x00, 0x00, 0x00, 0x00, 0xc1, 0x00, 0x00, 0x2a, 0x00, 0x00, 0xb4,
  0x00, 0x00, 0x30, 0x00, 0x00, 0x00, 0x00, 0x00, 0x00, 0x00, 0x00, 0x00,
  0x00, 0x00, 0x00, 0x00, 0x00, 0x00, 0x00, 0x00, 0x00, 0x00, 0x00, 0x00,
  0x00, 0x00, 0x14, 0x00, 0x00, 0xc0, 0x00, 0x00, 0x00, 0xc6, 0x1f, 0x00,
  0x00, 0x00, 0x00, 0x00, 0x00, 0xc7, 0x00, 0x00, 0x00, 0x00, 0x00, 0xb6,
  0x00, 0x00, 0x00, 0x00, 0x00, 0xc1, 0x00, 0x00, 0x00, 0x00, 0x00, 0x00,
  0x00, 0x00, 0x00, 0x00, 0x18, 0x00, 0x00, 0x00, 0x00, 0x00, 0x16, 0x00,
  0x00, 0x00, 0x00, 0x00, 0x00, 0x00, 0x00, 0x00, 0x00, 0x00, 0x00, 0x00,
  0x00, 0x00, 0x00, 0x00, 0x00, 0x00, 0x00, 0x00, 0xcb, 0x00, 0x00, 0x00,
  0x00, 0xd4, 0xc1, 0x00, 0x00, 0x00, 0x00, 0x00, 0xcd, 0x00, 0x00, 0x00,
  0xf0, 0xcd, 0x00, 0x00, 0x00, 0x03, 0x00, 0x00, 0x00, 0xbf, 0x00, 0x00,
  0x00, 0x00, 0x00, 0x00, 0x00, 0x00, 0x24, 0xc5, 0x00, 0xc7, 0xd5, 0x00,
  0x00, 0x00, 0x00, 0x00, 0x00, 0x00, 0x00, 0x00, 0x00, 0x00, 0x00, 0x00,
  0x00, 0x00, 0x00, 0x00, 0x00, 0x00, 0x00, 0xc5, 0x00, 0xc4, 0x00, 0x00,
  0x00, 0x00, 0x00, 0x00, 0x00, 0x00, 0xf1, 0x00, 0x00, 0x00, 0x00, 0x00,
  0x00, 0x00, 0x00, 0x00, 0xdd, 0x00, 0x00, 0x00, 0x00, 0x00, 0x00, 0x00,
  0x00, 0x00, 0x00, 0x00, 0x00, 0x00, 0x00, 0x05, 0x00, 0x00, 0x00, 0x00,
  0x00, 0x14, 0x00, 0x00, 0x00, 0x00, 0xef, 0x14, 0x00, 0x00, 0x00, 0x05,
  0x00, 0x00, 0x00, 0xc5, 0x00, 0x00, 0x00, 0x00, 0x00, 0x00, 0x00, 0x00,
  0x00, 0x00, 0x00, 0x00, 0x00, 0x00, 0x00, 0x00, 0x00, 0x00, 0x00, 0x00,
  0x00, 0x09, 0x00, 0x00, 0x00, 0x00, 0xf2, 0x00, 0x00, 0x00, 0x00, 0x00,
  0x00, 0x00, 0x00, 0x00, 0x00, 0x00, 0x2a, 0xd3, 0x00, 0x00, 0x00, 0x00,
  0x00, 0x00, 0x00, 0x00, 0x00, 0x02, 0x00, 0x0c, 0x00, 0x00, 0x00, 0x00,
  0x00, 0x00, 0x00, 0x00, 0x00, 0x00, 0x00, 0x00, 0x00, 0x00, 0x00, 0x00,
  0x00, 0xc0, 0x00, 0x00, 0x00, 0x00, 0x00, 0xc5, 0x00, 0x00, 0x00, 0x00,
  0x00, 0x00, 0x00, 0x00, 0x00, 0x00, 0x00, 0x00, 0x08, 0x00, 0x00, 0xd1,
  0x00, 0x00, 0xfe, 0x00, 0x00, 0xd6, 0x2b, 0x00, 0x00, 0x00, 0x00, 0xcb,
  0x00, 0x00, 0xd8, 0x00, 0x00, 0x00, 0x00, 0xfe, 0x00, 0x00, 0x13, 0xd1,
  0x00, 0x00, 0x0a, 0x00, 0x00, 0xb5, 0x00, 0x00, 0x00, 0x00, 0x00, 0x00,
  0x24, 0x00, 0x00, 0x00, 0x00, 0xca, 0x00, 0x00, 0x00, 0x00, 0x00, 0xcc,
  0x00, 0x00, 0x00, 0xc5, 0x16, 0xa8, 0x00, 0x00, 0x00, 0x00, 0x19, 0xbb,
  0x00, 0x00, 0x00, 0x00, 0x2a, 0x00, 0x00, 0x00, 0x00, 0x00, 0x00, 0xb4,
  0x00, 0x00, 0x00, 0x00, 0x00, 0xc3, 0xf9, 0x00, 0x00, 0x00, 0x28, 0x00,
  0x00, 0x00, 0x00, 0x00, 0x00, 0x00, 0x00, 0x00, 0x00, 0x00, 0x00, 0x00,
  0x00, 0x00, 0x00, 0x00, 0x00, 0xbb, 0x00, 0x00, 0x00, 0xba, 0x29, 0x00,
  0xfa, 0x00, 0x00, 0x00, 0x00, 0x00, 0x00, 0x00, 0x00, 0x00, 0x00, 0x00,
  0x00, 0x00, 0x00, 0x00, 0x00, 0x00, 0x00, 0xbd, 0x00, 0x00, 0x00, 0x00,
  0x00, 0x00, 0x00, 0x00, 0x00, 0xfb, 0xf6, 0x00, 0x00, 0xbe, 0x00, 0x00,
  0x00, 0x00, 0x00, 0x00, 0x00, 0xfc, 0x00, 0x00, 0x00, 0x00, 0x00, 0x00,
  0x00, 0x00, 0x00, 0x00, 0x00, 0x00, 0x00, 0x00, 0x00, 0x00, 0x00, 0x00,
  0xfa, 0x00, 0xc2, 0x00, 0xeb, 0xfb, 0x00, 0xfe, 0x00, 0x00, 0x00, 0x0e,
  0x00, 0x00, 0x00, 0x00, 0xdb, 0x00, 0x00, 0xce, 0x00, 0x00, 0xe7, 0x0b,
  0x00, 0x00, 0x00, 0x00, 0xd6, 0x01, 0xf6, 0x00, 0x00, 0x00, 0xe3, 0x00,
  0x00, 0x00, 0x00, 0x00, 0x00, 0x0b, 0x00, 0x00, 0x00, 0x00, 0xe3, 0x0a,
  0x00, 0x00, 0x00, 0x00, 0xe4, 0x07, 0x00, 0x00, 0x00, 0x00, 0xdb, 0x15,
  0x00, 0x00, 0x00, 0x00, 0xe1, 0x00, 0x00, 0x16, 0x00, 0x00, 0xd4, 0x00,
  0x00, 0x00, 0x00, 0x00, 0xcc, 0x0f, 0x00, 0x00, 0x00, 0x00, 0xdd, 0x0b,
  0x00, 0x00, 0x00, 0x00, 0xc9, 0x00, 0x00, 0x00, 0x00, 0x00, 0x00, 0x00,
  0x00, 0x00, 0x00, 0x00, 0x00, 0x00, 0x00, 0xc9, 0x00, 0x00, 0x00, 0x00,
  0x00, 0x00, 0x00, 0x00, 0xf5, 0x00, 0x00, 0x00, 0xd7, 0x00, 0x00, 0x00,
  0x00, 0x00, 0xda, 0x00, 0x00, 0xd2, 0x00, 0x00, 0xd3, 0x36, 0x00, 0x00,
  0xe8, 0x00, 0x00, 0x37, 0xfa, 0x00, 0xdd, 0x00, 0x00, 0x00, 0x00, 0x00,
  0x00, 0x00, 0xc3, 0x32, 0x00, 0x00, 0x00, 0x00, 0x00, 0x00, 0xf1, 0x00,
  0x00, 0x00, 0xca, 0x00, 0x2b, 0x0f, 0xf3, 0x05, 0x00, 0x00, 0x00, 0x00,
  0x00, 0x00, 0x00, 0x2d, 0x36, 0x0e, 0x00, 0x00, 0x00, 0x38, 0x38, 0x00,
  0x00, 0x00, 0x00, 0x36, 0x00, 0x00, 0xe3, 0xdc, 0x00, 0x00, 0x00, 0x00,
  0xeb, 0x00, 0x00, 0x3b, 0x00, 0x00, 0x00, 0x00, 0x00, 0x00, 0x00, 0x00,
  0x00, 0xe5, 0x00, 0x37, 0x00, 0xcf, 0x00, 0xd5, 0x00, 0x2d, 0x00, 0x00,
  0x00, 0xd7, 0xc1, 0x2b, 0x00, 0x00, 0xef, 0xe0, 0x00, 0x00, 0x00, 0xda,
  0xe0, 0x00, 0x00, 0x00, 0x00, 0xdd, 0xe6, 0x00, 0x00, 0x2b, 0x00, 0x00,
  0x00, 0x00, 0x00, 0x42, 0x00, 0x00, 0x00, 0x00, 0x00, 0x34, 0xe9, 0x00,
  0x00, 0x00, 0x00, 0x31, 0x00, 0x00, 0x00, 0x00, 0x00, 0x00, 0xe0, 0x00,
  0xe2, 0x00, 0x00, 0x00, 0xe8, 0xdb, 0xd4, 0xe3, 0x00, 0x00, 0x00, 0x00,
  0x00, 0xdf, 0x00, 0x00, 0x00, 0x00, 0x00, 0x00, 0xe0, 0x00, 0xdd, 0x00,
  0x00, 0x00, 0xdc, 0x00, 0x00, 0x00, 0x00, 0x00, 0xdf, 0x34, 0x00, 0x00,
  0x00, 0xc8, 0x00, 0x00, 0xe6, 0x00, 0x00, 0x00, 0x00, 0x00, 0x00, 0x00,
  0x00, 0x00, 0x00, 0x2f, 0xdb, 0xd6, 0x00, 0x00, 0x00, 0x00, 0xe0, 0x00,
  0x00, 0x00, 0x00, 0x2a, 0xe1, 0xd9, 0x00, 0x00, 0x00, 0x2c, 0x00, 0xd3,
  0xd7, 0x27, 0x00, 0x00, 0x00, 0x00, 0x00, 0x21, 0x00, 0x00, 0xd8, 0x00,
  0xe0, 0x00, 0x00, 0x00, 0x00, 0xd3, 0x00, 0x00, 0x00, 0x00, 0xe4, 0x00,
  0x00, 0x00, 0x00, 0x00, 0x00, 0xc8, 0xd0, 0x00, 0x00, 0x00, 0xe0, 0xd5,
  0xce, 0x18, 0x00, 0x00, 0x00, 0x00, 0x00, 0x00, 0x00, 0x00, 0xe0, 0x00,
  0x00, 0x00, 0x00, 0x00, 0x00, 0x00, 0x00, 0x00, 0x00, 0x00, 0x00, 0x00,
  0x00, 0x02, 0xd5, 0x00, 0x00, 0x00, 0x00, 0x00, 0x00, 0x00, 0x0e, 0x00,
  0x00, 0x00, 0x00, 0x00, 0x00, 0x00, 0x00, 0x00, 0x00, 0x00, 0x13, 0xd2,
  0xdf, 0x00, 0x00, 0x00, 0x00, 0x00, 0x00, 0x00, 0x00, 0x00, 0x00, 0xdb,
  0x00, 0x00, 0x00, 0x00, 0xcd, 0x00, 0x00, 0xd7, 0x00, 0x00, 0x00, 0xd2,
  0x00, 0xcf, 0xdd, 0x00, 0xd4, 0xdd, 0x00, 0x00, 0xec, 0x00, 0xd3, 0xd8,
  0x00, 0x00, 0xf3, 0x00, 0x00, 0x00, 0x00, 0x00, 0xf5, 0x00, 0xd0, 0x00,
  0x00, 0x00, 0x00, 0x23, 0x00, 0x00, 0x00, 0x00, 0xf7, 0x00, 0x00, 0xde,
  0xdc, 0x00, 0xf3, 0x24, 0x00, 0x00, 0x00, 0x00, 0x00, 0x00, 0xe2, 0x00,
  0x00, 0x00, 0x02, 0x00, 0xdf, 0x00, 0x00, 0x00, 0xf9, 0x00, 0x00, 0x00,
  0x00, 0x00, 0xf1, 0x00, 0x00, 0x00, 0x00, 0x00, 0x00, 0x00, 0xd3, 0x00,
  0x00, 0x00, 0x00, 0x00, 0x00, 0x00, 0x00, 0x00, 0xfc, 0x00, 0xce, 0x00,
  0x00, 0x00, 0x00, 0x00, 0xc0, 0x00, 0x00, 0x00, 0x00, 0x2c, 0x00, 0x00,
  0x00, 0x00, 0x00, 0x00, 0x00, 0x00, 0x00, 0x00, 0x03, 0x2a, 0x00, 0x1e,
  0x00, 0x00, 0xfc, 0x29, 0x00, 0x00, 0x00, 0x00, 0xed, 0x00, 0x00, 0x00,
  0xd4, 0x00, 0x00, 0x00, 0x00, 0x00, 0x00, 0x00, 0x00, 0x00, 0x00, 0x00,
  0x00, 0x00, 0x00, 0x00, 0x00, 0x00, 0xe2, 0x00, 0x00, 0x00, 0x00, 0x00,
  0x00, 0x00, 0x00, 0x00, 0x00, 0x34, 0xe0, 0x00, 0x00, 0x00, 0x00, 0x1c,
  0xe2, 0x00, 0x00, 0x00, 0x00, 0x3a, 0x00, 0x00, 0x00, 0x00, 0xc6, 0x22,
  0xee, 0x00, 0x00, 0x00, 0xa9, 0x00, 0xed, 0x00, 0x00, 0x00, 0xbb, 0x00,
  0x00, 0x00, 0x00, 0x00, 0x00, 0x25, 0x00, 0x00, 0x00, 0x00, 0x00, 0x20,
  0x00, 0x00, 0x00, 0x00, 0x00, 0x00, 0x00, 0x00, 0x00, 0x00, 0x00, 0x21,
  0x00, 0x00, 0x00, 0x00, 0x00, 0x00, 0xe2, 0x00, 0x00, 0x00, 0x00, 0x00,
  0x00, 0x00, 0x00, 0x00, 0x00, 0x00, 0x00, 0x00, 0x00, 0x00, 0xd8, 0x00,
  0x00, 0x00, 0x00, 0x31, 0x00, 0x00, 0x00, 0x00, 0x00, 0x00, 0xd7, 0x0d,
  0x00, 0x00, 0x00, 0x00, 0x00, 0x00, 0x00, 0xed, 0x00, 0x35, 0xe6, 0x00,
  0x00, 0xf8, 0x00, 0x3b, 0xdb, 0x00, 0x00, 0xfb, 0x00, 0x34, 0x00, 0x00,
  0x00, 0x00, 0x22, 0xc7, 0x26, 0x00, 0x00, 0x00, 0x1c, 0x00, 0x00, 0x00,
  0x00, 0x00, 0x1f, 0x00, 0x00, 0xfb, 0x00, 0x00, 0x00, 0x00, 0x00, 0xf4,
  0x00, 0x00, 0x00, 0x00, 0x00, 0x00, 0x00, 0x00, 0x00, 0x00, 0x00, 0x00,
  0x00, 0x4c, 0xf4, 0xd1, 0x00, 0x00, 0x00, 0x00, 0x00, 0x00, 0x00, 0x00,
  0x22, 0x00, 0x00, 0x00, 0x00, 0x00, 0x00, 0x00, 0x00, 0x00, 0x00, 0x00,
  0xcc, 0x3d, 0x00, 0x00, 0x00, 0x00, 0x00, 0x3c, 0x00, 0x00, 0x2c, 0x00,
  0x00, 0x00, 0x00, 0x00, 0x00, 0x00, 0x00, 0x00, 0x00, 0x00, 0xfb, 0x00,
  0x00, 0x00, 0xe3, 0x00, 0x00, 0x00, 0x00, 0x00, 0x00, 0x00, 0x00, 0xf4,
  0x00, 0x00, 0x00, 0x00, 0xff, 0xf9, 0x06, 0x00, 0x00, 0x00, 0x00, 0x00,
  0x0f, 0x00, 0x00, 0x00, 0x00, 0x00, 0x0c, 0x00, 0x00, 0x16, 0x00, 0x00,
  0x24, 0x00, 0x00, 0x00, 0xed, 0x00, 0x00, 0x00, 0x00, 0x00, 0x00, 0x00,
  0x00, 0xf2, 0x00, 0x00, 0x00, 0xe9, 0x2a, 0x00, 0x00, 0x00, 0x00, 0x00,
  0x00, 0x00, 0x00, 0x00, 0xec, 0x00, 0x00, 0x00, 0x00, 0x00, 0x00, 0xf6,
  0x00, 0x00, 0x00, 0x00, 0x00, 0x00, 0x00, 0x00, 0x00, 0x00, 0x00, 0xfe,
  0x00, 0x00, 0x00, 0x00, 0x00, 0xf9, 0x13, 0x00, 0x00, 0x00, 0x2a, 0xfa,
  0x00, 0x00, 0x00, 0x00, 0x2d, 0x00, 0x00, 0x00, 0x00, 0xce, 0x21, 0x00,
  0x34, 0xf7, 0x00, 0xc9, 0x1f, 0xeb, 0x00, 0xf2, 0x00, 0x00, 0x29, 0x00,
  0x00, 0x00, 0xed, 0x00, 0x2d, 0xee, 0x12, 0x00, 0x00, 0x00, 0x29, 0x01,
  0x00, 0xef, 0x00, 0x00, 0x27, 0x03, 0x00, 0xdd, 0x00, 0xc5, 0x00, 0xf4,
  0x00, 0xff, 0x19, 0xc5, 0x31, 0x00, 0x00, 0xf6, 0x00, 0xcd, 0x00, 0xf9,
  0x00, 0x00, 0x00, 0x00, 0x00, 0x00, 0x00, 0x00, 0xe5, 0x00, 0x23, 0x00,
  0x00, 0x00, 0x00, 0x00, 0x25, 0x00, 0x0e, 0xe6, 0x00, 0x00, 0x00, 0x00,
  0x12, 0xf6, 0x00, 0x00, 0x00, 0x02, 0x00, 0x00, 0x00, 0xcf, 0x00, 0x00,
  0x00, 0x00, 0x00, 0xd1, 0x00, 0x00, 0x07, 0x00, 0x00, 0x00, 0x00, 0x00,
  0x11, 0xd6, 0x00, 0x00, 0x00, 0x04, 0x12, 0xe5, 0x00, 0x00, 0x00, 0x00,
  0x00, 0x00, 0xf2, 0xd7, 0x00, 0x00, 0x00, 0x00, 0x00, 0xce, 0x00, 0xfd,
  0x00, 0x00, 0x00, 0x00, 0x2b, 0x00, 0x1a, 0x00, 0x00, 0x00, 0x23, 0xf7,
  0x00, 0x2e, 0xe2, 0x00, 0x00, 0x00, 0x23, 0x00, 0xe5, 0x00, 0x00, 0x00,
  0x12, 0x00, 0x00, 0x0c, 0x24, 0x00, 0x00, 0x00, 0x00, 0x00, 0x00, 0xf5,
  0x16, 0x00, 0x00, 0x00, 0x21, 0x00, 0x11, 0xec, 0x00, 0x00, 0x00, 0x01,
  0x00, 0x00, 0x00, 0x00, 0x00, 0x00, 0x00, 0x01, 0x00, 0x00, 0x00, 0x00,
  0x00, 0x00, 0x00, 0x00, 0x00, 0x00, 0x00, 0x00, 0xed, 0x00, 0x00, 0x04,
  0x00, 0x00, 0x00, 0x13, 0x00, 0x00, 0x00, 0x00, 0x00, 0x00, 0x00, 0xfa,
  0x00, 0x3d, 0x00, 0x00, 0x00, 0x00, 0x00, 0x00, 0x00, 0xd2, 0x00, 0x00,
  0x20, 0x00, 0x00, 0x00, 0x00, 0x00, 0x00, 0x00, 0x00, 0x00, 0x00, 0x00,
  0x00, 0x00, 0xf6, 0x00, 0x00, 0x00, 0x00, 0x00, 0x00, 0xd2, 0x30, 0x00,
  0x00, 0x00, 0x00, 0x00, 0x00, 0x00, 0x00, 0x00, 0x00, 0x00, 0x35, 0x00,
  0x00, 0x00, 0x23, 0xcb, 0x00, 0x00, 0x00, 0x00, 0x00, 0x00, 0x00, 0x00,
  0x15, 0x00, 0xf1, 0x00, 0x00, 0x00, 0x00, 0x00, 0x00, 0x00, 0x20, 0x00,
  0x00, 0x00, 0x00, 0x00, 0x00, 0x00, 0x08, 0x00, 0x00, 0x00, 0x00, 0x00,
  0x00, 0x00, 0x3b, 0xd6, 0x00, 0x00, 0xcb, 0x00, 0x00, 0xc2, 0x00, 0x00,
  0x00, 0x00, 0x00, 0x00, 0x2c, 0x00, 0x0c, 0x00, 0x00, 0x00, 0x00, 0x00,
  0x00, 0xfa, 0x00, 0x0a, 0x2b, 0xf1, 0x00, 0x00, 0x00, 0x01, 0x25, 0xf4,
  0x00, 0x30, 0x00, 0x00, 0x00, 0xfa, 0xcb, 0x00, 0x00, 0x00, 0x28, 0x00,
  0x00, 0x00, 0x39, 0x00, 0x00, 0xf6, 0x00, 0x00, 0x00, 0xce, 0x00, 0x00,
  0x00, 0x00, 0x00, 0x00, 0x00, 0x00, 0x1c, 0x00, 0x00, 0xd0, 0x00, 0x00,
  0x00, 0x00, 0x00, 0xc8, 0x00, 0xef, 0x00, 0x00, 0x00, 0x00, 0x00, 0xf1,
  0x1e, 0x00, 0x00, 0x00, 0xdc, 0xe2, 0x00, 0x00, 0x00, 0xd7, 0x00, 0xf4,
  0x00, 0x00, 0x00, 0x00, 0xd2, 0x00, 0x00, 0xfe, 0x00, 0x00, 0x00, 0x00,
  0x00, 0x00, 0x00, 0xd2, 0xe0, 0x00, 0x00, 0x00, 0x00, 0x00, 0x00, 0x00,
  0x00, 0x00, 0xd5, 0x00, 0x52, 0x00, 0x2e, 0x00, 0xe3, 0x00, 0x3e, 0x00,
  0x00, 0x00, 0x00, 0x00, 0x3a, 0x00, 0x00, 0xd4, 0x00, 0x00, 0x00, 0x00,
  0x00, 0x00, 0x00, 0x00, 0x00, 0x00, 0x00, 0x00, 0x00, 0x00, 0x00, 0x00,
  0x46, 0x00, 0x00, 0x00, 0x00, 0x00, 0x4f, 0x00, 0xcd, 0x00, 0x00, 0x00,
  0x3d, 0xcd, 0xd4, 0x00, 0x00, 0xf2, 0x00, 0x00, 0x00, 0x00, 0x00, 0xfd,
  0x00, 0x00, 0x00, 0x00, 0x00, 0xe2, 0x00, 0x00, 0x00, 0x00, 0x00, 0xe7,
  0x00, 0x00, 0x00, 0x00, 0x00, 0x00, 0x00, 0xda, 0x00, 0x00, 0x00, 0xfa,
  0x00, 0x00, 0x00, 0x00, 0x00, 0xf8, 0x00, 0x10, 0xd8, 0x00, 0x00, 0x00,
  0x00, 0x00, 0xe0, 0x00, 0x00, 0xf8, 0x00, 0x00, 0x00, 0x00, 0x00, 0x00,
  0x00, 0x00, 0x00, 0x00, 0x00, 0x00, 0x00, 0x00, 0x00, 0x00, 0x00, 0x00,
  0x00, 0x00, 0x00, 0x00, 0x00, 0x00, 0x00, 0x00, 0xdb, 0x00, 0x33, 0x00,
  0x00, 0x00, 0xe3, 0x00, 0x00, 0x00, 0x2a, 0x00, 0xf1, 0x00, 0x44, 0x00,
  0x00, 0x00, 0xe0, 0x00, 0x00, 0x00, 0x00, 0x00, 0xee, 0x00, 0x4d, 0x00,
  0x00, 0x00, 0xf0, 0x00, 0x3c, 0x00, 0x4d, 0x00, 0xf3, 0x00, 0x00, 0x00,
  0x00, 0x00, 0xdc, 0x00, 0x00, 0x00, 0x00, 0x00, 0xd7, 0x00, 0x00, 0x00,
  0x00, 0x00, 0xea, 0x00, 0x00, 0x00, 0x50, 0x00, 0x00, 0x00, 0x38, 0x00,
  0x00, 0x00, 0x00, 0x00, 0x00, 0x00, 0x00, 0xd6, 0x00, 0x00, 0x00, 0xf2,
  0x4a, 0x00, 0xe1, 0x00, 0x00, 0x00, 0x37, 0x00, 0xe1, 0x00, 0x00, 0x00,
  0x47, 0x00, 0xe6, 0x00, 0x38, 0x00, 0x4a, 0x00, 0x00, 0x00, 0x00, 0x00,
  0x47, 0x00, 0x00, 0x00, 0x00, 0x00, 0x40, 0xeb, 0x00, 0x00, 0x00, 0x00,
  0x54, 0x00, 0x00, 0x00, 0x00, 0x00, 0x00, 0xdc, 0x00, 0x00, 0x00, 0x00,
  0x51, 0x00, 0x00, 0x00, 0x00, 0xf3, 0x60, 0x00, 0xe0, 0x00, 0x00, 0x00,
  0x00, 0x00, 0x00, 0x14, 0x00, 0x00, 0x00, 0xc9, 0x00, 0x00, 0x00, 0x25,
  0x45, 0x00, 0x10, 0x00, 0x00, 0x2c, 0x00, 0x00, 0x00, 0x00, 0x41, 0x00,
  0x53, 0x00, 0x00, 0x00, 0x00, 0x00, 0x00, 0xcd, 0x00, 0x00, 0x00, 0x00,
  0x00, 0x00, 0x00, 0x00, 0x00, 0x00, 0x4c, 0xd8, 0x00, 0x00, 0x41, 0x00,
  0x00, 0xcb, 0x00, 0x00, 0x00, 0x00, 0x44, 0x00, 0x00, 0x00, 0x00, 0x00,
  0x00, 0x00, 0xe2, 0x15, 0x44, 0xfa, 0x00, 0x00, 0x00, 0x00, 0x00, 0x00,
  0x00, 0xda, 0x00, 0x08, 0x00, 0x00, 0x00, 0xb8, 0x00, 0x00, 0x00, 0x00,
  0x00, 0xd1, 0xef, 0x00, 0x00, 0x00, 0x00, 0x00, 0xf4, 0x12, 0x00, 0x00,
  0x00, 0x00, 0xdc, 0x00, 0x00, 0x00, 0x00, 0x00, 0xf4, 0x11, 0x00, 0x00,
  0x50, 0x00, 0xf0, 0x00, 0x00, 0x2d, 0x50, 0x00, 0xea, 0x00, 0x00, 0x23,
  0x00, 0xcc, 0x00, 0x00, 0x00, 0x00, 0x00, 0x00, 0x00, 0x00, 0x00, 0x23,
  0x00, 0xcc, 0x00, 0x00, 0x00, 0x00, 0x00, 0xd4, 0x00, 0x00, 0x00, 0x00,
  0x00, 0xe5, 0xf8, 0x00, 0x00, 0x00, 0x44, 0x00, 0xed, 0x00, 0x00, 0x00,
  0x3e, 0x00, 0xe9, 0x4b, 0x00, 0x00, 0x3d, 0x00, 0xfc, 0x00, 0x00, 0x00,
  0x3a, 0xe7, 0xef, 0x00, 0x00, 0x21, 0x00, 0xe1, 0x00, 0x00, 0x00, 0x00,
  0x00, 0xd5, 0x00, 0x00, 0x00, 0x00, 0x00, 0xe0, 0x00, 0x00, 0x00, 0x2d,
  0x00, 0x00, 0x00, 0x00, 0xf0, 0x00, 0x00, 0xd4, 0x00, 0x00, 0x00, 0x00,
  0x51, 0x00, 0x00, 0x00, 0x00, 0x00, 0x4b, 0xdd, 0x00, 0x00, 0x00, 0x34,
  0x00, 0xe4, 0x1d, 0x00, 0xd5, 0x00, 0x00, 0x00, 0x15, 0x00, 0xe3, 0x00,
  0x00, 0x00, 0x13, 0x00, 0x00, 0x00, 0x00, 0x00, 0x0a, 0x00, 0x00, 0x00,
  0x40, 0xc3, 0x07, 0x00, 0x00, 0x00, 0x00, 0x00, 0x00, 0x00, 0x00, 0x00,
  0x00, 0x00, 0x00, 0x00, 0x0b, 0x00, 0x4b, 0x00, 0x00, 0x00, 0x15, 0x00,
  0x00, 0x00, 0x00, 0x00, 0x00, 0x00, 0x00, 0x00, 0x00, 0x00, 0x00, 0xec,
  0x00, 0x00, 0x00, 0x00, 0x0d, 0xfc, 0x00, 0x00, 0x00, 0x00, 0x00, 0xe8,
  0x00, 0x00, 0x00, 0x00, 0x00, 0xf2, 0x00, 0x00, 0x00, 0x4c, 0x00, 0xf3,
  0x00, 0x00, 0x00, 0x00, 0x00, 0x00, 0x00, 0x00, 0x00, 0x00, 0x00, 0x00,
  0x00, 0x00, 0x00, 0x00, 0x00, 0x00, 0x00, 0x00, 0x00, 0x00, 0x00, 0x00,
  0x2c, 0x00, 0x00, 0x00, 0x00, 0x00, 0x2b, 0x00, 0x00, 0x00, 0x00, 0x30,
  0x00, 0x00, 0x00, 0x00, 0x00, 0x00, 0x00, 0xfb, 0x00, 0x00, 0x00, 0x00,
  0x00, 0xfa, 0x00, 0x00, 0x00, 0x00, 0x00, 0xe3, 0x00, 0x00, 0x00, 0x00,
  0x00, 0xf2, 0x00, 0x00, 0x2a, 0x00, 0x00, 0xf2, 0x00, 0x00, 0x00, 0x00,
  0x00, 0x00, 0x00, 0x00, 0x00, 0x00, 0x00, 0x00, 0x00, 0x00, 0x00, 0x2b,
  0xda, 0x00, 0x00, 0x00, 0x00, 0x00, 0x00, 0x39, 0x00, 0x00, 0xee, 0x00,
  0x00, 0x00, 0x00, 0x00, 0x00, 0x00, 0x00, 0x00, 0x00, 0xe4, 0xea, 0x00,
  0x00, 0x42, 0x00, 0x00, 0x00, 0x00, 0xdd, 0x3f, 0xd7, 0x00, 0x00, 0x00,
  0x00, 0x00, 0x00, 0x00, 0x00, 0x00, 0x00, 0x00, 0x00, 0x00, 0x00, 0x00,
  0x00, 0x00, 0x00, 0x00, 0x00, 0x00, 0x00, 0x00, 0x00, 0x00, 0x00, 0x00,
  0x00, 0x00, 0x00, 0x00, 0x00, 0x00, 0x00, 0x00, 0x00, 0x00, 0x00, 0x00,
  0x00, 0x00, 0x00, 0x00, 0x00, 0x00, 0x00, 0x00, 0x00, 0x00, 0x00, 0x00,
  0x00, 0x00, 0x00, 0x00, 0xdb, 0x00, 0x00, 0x00, 0x00, 0x00, 0x00, 0x00,
  0x00, 0x00, 0x00, 0x00, 0xd6, 0x00, 0x00, 0xed, 0x00, 0x00, 0x00, 0x00,
  0x00, 0x01, 0x00, 0x00, 0xda, 0x00, 0x00, 0x00, 0x00, 0x00, 0xc7, 0x00,
  0x00, 0x00, 0xd8, 0x00, 0xdf, 0x00, 0x00, 0x00, 0x00, 0x00, 0x00, 0x00,
  0x00, 0x00, 0xd7, 0x00, 0x00, 0x00, 0x00, 0x00, 0xd6, 0x00, 0x00, 0x00,
  0x00, 0x27, 0x00, 0xf8, 0x00, 0x00, 0x00, 0x00, 0x00, 0x2f, 0x00, 0x27,
  0x00, 0x00, 0x00, 0x00, 0x00, 0x00, 0x00, 0x00, 0x00, 0x00, 0x00, 0x00,
  0x00, 0x00, 0x00, 0x00, 0x00, 0x00, 0x00, 0x00, 0x00, 0x00, 0xf8, 0x00,
  0xd5, 0x3c, 0x00, 0x00, 0x00, 0x00, 0x00, 0x00, 0x00, 0x34, 0xf0, 0x00,
  0x00, 0xf1, 0x00, 0x00, 0xf9, 0x00, 0x00, 0xed, 0x00, 0x00, 0xfa, 0x00,
  0x00, 0xf6, 0x00, 0x00, 0x00, 0x00, 0x00, 0x00, 0x00, 0x00, 0xf7, 0x00,
  0x00, 0xeb, 0x00, 0x00, 0xea, 0x00, 0x07, 0xf5, 0x00, 0x00, 0x00, 0x00,
  0x00, 0xfe, 0x00, 0x01, 0x00, 0x00, 0x00, 0x00, 0x00, 0x00, 0x00, 0x00,
  0x00, 0x00, 0x00, 0x00, 0x00, 0x00, 0x00, 0x00, 0x00, 0x00, 0x00, 0x00,
  0x00, 0x00, 0x00, 0x00, 0x2b, 0x00, 0x00, 0x04, 0x00, 0x00, 0x00, 0xf1,
  0x00, 0x00, 0x00, 0x00, 0x37, 0x00, 0x00, 0x00, 0x00, 0x00, 0x29, 0xee,
  0x00, 0x00, 0x00, 0x00, 0x00, 0x00, 0x00, 0x00, 0x00, 0x00, 0x30, 0x00,
  0x00, 0x00, 0x00, 0x00, 0x25, 0x00, 0x00, 0x00, 0x00, 0x00, 0x00, 0xed,
  0x00, 0x00, 0x00, 0x00, 0x00, 0x00, 0x00, 0x25, 0x00, 0x00, 0x00, 0xec,
  0x00, 0x00, 0x00, 0x00, 0x00, 0xef, 0x00, 0x00, 0x00, 0x00, 0xf3, 0x00,
  0x00, 0x00, 0x00, 0x00, 0x00, 0x00, 0x00, 0x32, 0x00, 0x00, 0x00, 0x00,
  0x00, 0x00, 0xef, 0x00, 0xf5, 0x00, 0x00, 0x00, 0xef, 0xfe, 0x00, 0x00,
  0x00, 0x00, 0xcd, 0x00, 0x00, 0x00, 0x00, 0x00, 0xc4, 0x00, 0x00, 0x00,
  0x00, 0x00, 0xd0, 0x00, 0x00, 0x00, 0x00, 0x00, 0xd9, 0x00, 0x00, 0x00,
  0x00, 0x00, 0xcc, 0x00, 0x00, 0x00, 0x00, 0x00, 0xd6, 0x00, 0x00, 0x00,
  0x00, 0x00, 0xe2, 0x00, 0x00, 0x00, 0x00, 0x00, 0xe6, 0x00, 0x00, 0xd8,
  0x00, 0x00, 0x00, 0x00, 0x00, 0x00, 0x00, 0x00, 0xcf, 0x00, 0x00, 0x00,
  0x00, 0xfa, 0xd2, 0x00, 0x00, 0xe0, 0x00, 0x00, 0xca, 0x00, 0x00, 0x00,
  0x00, 0x00, 0xdd, 0x00, 0x00, 0x00, 0x00, 0x00, 0xe0, 0x00, 0x00, 0xe3,
  0x00, 0x00, 0x00, 0x00, 0x00, 0x00, 0x00, 0x00, 0x00, 0x00, 0x00, 0xe6,
  0x00, 0x00, 0x00, 0x00, 0x00, 0x00, 0x00, 0x00, 0x00, 0x00, 0x00, 0x00,
  0x00, 0x27, 0x00, 0x00, 0x00, 0x00, 0x00, 0x32, 0x00, 0x00, 0x00, 0x00,
  0x00, 0x3b, 0x00, 0x00, 0x19, 0xd4, 0x00, 0x38, 0x00, 0x00, 0x00, 0xe8,
  0x00, 0x00, 0x00, 0x00, 0x00, 0x00, 0xe0, 0x00, 0x00, 0x00, 0x00, 0xd8,
  0xdf, 0x00, 0xd7, 0x00, 0x00, 0x00, 0x00, 0x00, 0xdf, 0x00, 0x00, 0x00,
  0x00, 0x00, 0x00, 0x00, 0x00, 0x00, 0x00, 0x00, 0xd2, 0x00, 0x00, 0x00,
  0x00, 0x00, 0xeb, 0x00, 0x00, 0xe9, 0x00, 0x00, 0xea, 0x00, 0x00, 0xeb,
  0x00, 0x00, 0x00, 0x00, 0x00, 0xec, 0x00, 0x00, 0x00, 0x00, 0x00, 0x00,
  0x00, 0x00, 0xf2, 0x00, 0x00, 0x00, 0x00, 0x00, 0xfa, 0x00, 0x00, 0xdc,
  0x00, 0x00, 0x00, 0x00, 0x00, 0xc4, 0x00, 0x00, 0x00, 0xd6, 0x00, 0xbc,
  0x00, 0x00, 0x00, 0x00, 0x00, 0xbe, 0x00, 0x00, 0xb8, 0xd1, 0xfb, 0x00,
  0x26, 0xf7, 0x00, 0x00, 0x00, 0x00, 0x00, 0xee, 0x00, 0x00, 0x00, 0x00,
  0x00, 0x00, 0x00, 0x00, 0x00, 0x00, 0x00, 0x00, 0x00, 0x00, 0x00, 0x00,
  0x00, 0x00, 0x00, 0xc4, 0x00, 0x00, 0x15, 0xec, 0x00, 0x00, 0x00, 0x00,
  0x00, 0xfb, 0x00, 0xc4, 0x00, 0xca, 0x00, 0x00, 0x00, 0x00, 0x00, 0xd7,
  0x00, 0x00, 0xbe, 0xce, 0x00, 0xd3, 0x00, 0x00, 0x00, 0xc5, 0x00, 0xda,
  0x00, 0x00, 0x00, 0x00, 0x22, 0xd6, 0x00, 0x00, 0x00, 0x00, 0x24, 0x00,
  0x00, 0x00, 0x00, 0x00, 0x00, 0xd8, 0x00, 0x00, 0x00, 0x00, 0x27, 0xd6,
  0x00, 0x00, 0x00, 0xcc, 0x00, 0x00, 0x00, 0x00, 0x00, 0xc6, 0x00, 0x00,
  0x00, 0x00, 0x00, 0x00, 0x00, 0xd3, 0x00, 0x00, 0xdb, 0xb8, 0x00, 0x00,
  0x00, 0x20, 0x00, 0x00, 0x00, 0xd7, 0x00, 0x26, 0xde, 0x00, 0x00, 0x00,
  0x18, 0x00, 0x00, 0x00, 0x00, 0x00, 0x00, 0x00, 0x00, 0x00, 0x00, 0x00,
  0x00, 0x00, 0x00, 0x00, 0x00, 0x00, 0x00, 0x00, 0x00, 0x00, 0x00, 0x00,
  0x00, 0x00, 0x00, 0xb2, 0x00, 0xd4, 0x18, 0xf0, 0x00, 0x00, 0x00, 0x00,
  0x19, 0x00, 0xd9, 0x00, 0x00, 0x00, 0x22, 0x24, 0xd6, 0x00, 0x00, 0x00,
  0x00, 0x00, 0x00, 0x00, 0x00, 0x00, 0x00, 0x00, 0x0a, 0x00, 0x00, 0x00,
  0x00, 0xf3, 0x00, 0x00, 0x00, 0xd6, 0x00, 0xe7, 0x00, 0x00, 0x00, 0xd3,
  0x00, 0x00, 0x00, 0x00, 0x00, 0xcf, 0x00, 0x00, 0x00, 0x00, 0x00, 0xd8,
  0x00, 0x00, 0x00, 0x00, 0x00, 0xdd, 0x26, 0x00, 0xd4, 0x00, 0x00, 0xda,
  0x21, 0x00, 0xd4, 0x00, 0x00, 0xdc, 0x00, 0x00, 0x00, 0xc9, 0x00, 0x00,
  0x00, 0x00, 0x00, 0x00, 0x00, 0xdf, 0x00, 0x00, 0x00, 0x00, 0x00, 0x00,
  0x00, 0x00, 0x20, 0xb7, 0x00, 0x00, 0x00, 0x00, 0x00, 0xc0, 0x33, 0xcf,
  0x00, 0x00, 0x00, 0x00, 0x00, 0xc4, 0x00, 0x00, 0x00, 0xc1, 0x00, 0xcd,
  0x00, 0x00, 0x00, 0x00, 0x31, 0xd6, 0x00, 0xfa, 0x00, 0x00, 0x00, 0xcc,
  0x00, 0x00, 0x00, 0x00, 0x35, 0x00, 0x00, 0xf6, 0x00, 0x00, 0x2c, 0x00,
  0x00, 0x00, 0x00, 0x00, 0x00, 0x00, 0x00, 0x00, 0x00, 0x00, 0x00, 0x00,
  0x00, 0x00, 0x00, 0x00, 0x00, 0x00, 0x24, 0x00, 0x00, 0x00, 0x2e, 0x00,
  0x00, 0x00, 0x00, 0x00, 0x00, 0x00, 0x00, 0x00, 0xd3, 0x00, 0x00, 0x00,
  0xf3, 0x43, 0xd1, 0x00, 0x00, 0x00, 0x00, 0x00, 0x00, 0x00, 0x00, 0x00,
  0x27, 0x00, 0x00, 0x00, 0x00, 0x00, 0x00, 0xfa, 0x00, 0x00, 0x00, 0x00,
  0x00, 0x00, 0x00, 0x00, 0x00, 0x00, 0x00, 0x00, 0x00, 0x00, 0x00, 0x00,
  0x00, 0x00, 0x00, 0x00, 0x00, 0x00, 0x1f, 0x00, 0x00, 0x00, 0x00, 0x00,
  0x18, 0x00, 0xc1, 0x00, 0x00, 0x00, 0x1c, 0x00, 0xba, 0x00, 0x00, 0x00,
  0x00, 0x00, 0xca, 0x00, 0x00, 0x00, 0x00, 0x00, 0x00, 0x00, 0x00, 0x00,
  0x00, 0x00, 0x00, 0x00, 0x00, 0xd5, 0x00, 0x00, 0x00, 0x00, 0x00, 0xe4,
  0x18, 0x00, 0x00, 0x00, 0x00, 0xd4, 0x00, 0x00, 0x00, 0x00, 0x00, 0xeb,
  0x00, 0x29, 0x00, 0x00, 0x00, 0xe7, 0x15, 0x00, 0x00, 0x00, 0x00, 0x00,
  0x00, 0xe4, 0x00, 0x00, 0x00, 0x00, 0x00, 0x00, 0x00, 0x00, 0x00, 0x00,
  0x00, 0x00, 0x00, 0xf7, 0xf0, 0x00, 0x00, 0x00, 0x00, 0x00, 0x00, 0x00,
  0x19, 0x00, 0x00, 0x00, 0x00, 0x00, 0x14, 0xf8, 0x00, 0x00, 0x00, 0xda,
  0x00, 0x00, 0x00, 0x00, 0x00, 0xd9, 0x00, 0x00, 0x00, 0x00, 0x00, 0xce,
  0x00, 0x00, 0x00, 0x00, 0x00, 0x00, 0x00, 0x00, 0x00, 0x00, 0x00, 0x00,
  0x00, 0x00, 0xd2, 0x00, 0x00, 0x00, 0x00, 0x00, 0x00, 0x00, 0x00, 0x00,
  0x00, 0x00, 0xe1, 0x00, 0x00, 0x00, 0x00, 0x00, 0x00, 0x00, 0x00, 0x00,
  0x16, 0xfa, 0x00, 0x00, 0x00, 0x00, 0x00, 0x00, 0x00, 0x00, 0x2b, 0x00,
  0x00, 0x00, 0x00, 0x00, 0x00, 0x00, 0x00, 0x00, 0x00, 0x00, 0x00, 0x00,
  0x00, 0x00, 0x00, 0x00, 0x00, 0x00, 0x20, 0xf3, 0x00, 0x00, 0x00, 0x00,
  0x19, 0x00, 0x00, 0x00, 0x00, 0xe5, 0x00, 0x00, 0x00, 0x00, 0x00, 0x00,
  0x00, 0x10, 0x00, 0x00, 0x2c, 0x00, 0x00, 0x12, 0xb5, 0x00, 0x00, 0xe7,
  0x00, 0x00, 0x00, 0x00, 0x25, 0x00, 0x00, 0xfb, 0x00, 0x57, 0x00, 0x00,
  0x00, 0xf1, 0x00, 0x4d, 0x00, 0x00, 0x00, 0xde, 0x00, 0x4f, 0x33, 0x00,
  0x00, 0xee, 0x00, 0x00, 0x36, 0x00, 0x00, 0xea, 0x00, 0x5d, 0x42, 0x00,
  0x00, 0x00, 0x00, 0x56, 0x00, 0x00, 0x00, 0x00, 0x00, 0x00, 0x30, 0x00,
  0x00, 0x00, 0x00, 0x00, 0x27, 0x00, 0x1a, 0x00, 0x00, 0x00, 0x2a, 0x00,
  0x24, 0x00, 0x00, 0x40, 0x00, 0xea, 0x00, 0x00, 0x00, 0x4a, 0x00, 0xeb,
  0x23, 0x00, 0x00, 0x00, 0x00, 0xe8, 0x00, 0xef, 0x00, 0x00, 0x00, 0xdd,
  0x00, 0x00, 0x00, 0x4d, 0x18, 0x00, 0x00, 0xd9, 0x00, 0x40, 0x00, 0x00,
  0x00, 0x00, 0x00, 0x00, 0x00, 0x00, 0x2a, 0x00, 0x00, 0x5d, 0x00, 0x00,
  0x27, 0x00, 0x00, 0x45, 0x00, 0x1f, 0x18, 0x00, 0x00, 0x3e, 0x00, 0x00,
  0x00, 0x00, 0x00, 0x00, 0x00, 0x21, 0x00, 0x00, 0x00, 0x52, 0x00, 0x24,
  0x00, 0x00, 0x00, 0x00, 0x14, 0x00, 0x00, 0x1f, 0x00, 0x00, 0x00, 0x00,
  0x00, 0x00, 0xf8, 0x00, 0x1a, 0x00, 0x00, 0x00, 0xfa, 0x00, 0x00, 0x00,
  0x00, 0x00, 0xf0, 0x4e, 0x00, 0x00, 0x24, 0x00, 0xee, 0x55, 0x2a, 0x00,
  0x00, 0x00, 0x00, 0x4c, 0x00, 0x00, 0x00, 0x00, 0x00, 0x00, 0x28, 0x24,
  0x00, 0x00, 0x00, 0x58, 0x25, 0x00, 0x00, 0x00, 0x00, 0x00, 0x1b, 0x00,
  0x22, 0x00, 0x00, 0x00, 0x00, 0x2b, 0x00, 0xee, 0x00, 0x34, 0x00, 0x00,
  0x00, 0x00, 0x00, 0x00, 0x00, 0x00, 0x00, 0x00, 0x00, 0x00, 0x00, 0x00,
  0x00, 0x00, 0x00, 0x00, 0x00, 0xe9, 0x23, 0x00, 0x00, 0x00, 0x00, 0xef,
  0x00, 0xea, 0x00, 0x2e, 0x00, 0xda, 0x00, 0x00, 0x00, 0x00, 0x1f, 0xdf,
  0x00, 0xf5, 0x00, 0x00, 0x00, 0x00, 0x00, 0xee, 0x00, 0x00, 0x1d, 0x00,
  0x00, 0x00, 0x00, 0x00, 0x22, 0x00, 0x00, 0x00, 0xef, 0x00, 0x29, 0x00,
  0x00, 0x00, 0x00, 0x00, 0x1b, 0x00, 0x14, 0x00, 0xf8, 0x00, 0x00, 0x00,
  0x00, 0x00, 0x00, 0x00, 0x1d, 0xeb, 0x1c, 0x00, 0xf9, 0x00, 0x27, 0xd9,
  0x2f, 0xfb, 0x18, 0x00, 0x00, 0x00, 0x00, 0x00, 0x00, 0x2e, 0x00, 0x00,
  0x00, 0xf5, 0x00, 0x00, 0x00, 0xdf, 0x00, 0xf1, 0xed, 0x32, 0x00, 0xdc,
  0x2b, 0xf4, 0xf6, 0x00, 0x00, 0xd3, 0x20, 0xeb, 0xee, 0x00, 0xe5, 0x00,
  0x00, 0x00, 0x00, 0x00, 0x00, 0x00, 0x00, 0x27, 0xe1, 0x00, 0x00, 0x19,
  0x00, 0x2b, 0xee, 0x00, 0x00, 0x13, 0x1c, 0x00, 0x00, 0x00, 0x23, 0x00,
  0x00, 0x00, 0x00, 0x00, 0x00, 0x00, 0x00, 0x00, 0xea, 0x00, 0x27, 0x00,
  0x00, 0x00, 0x00, 0x00, 0x00, 0x00, 0x00, 0x00, 0x00, 0x00, 0x00, 0xdc,
  0x00, 0x00, 0x00, 0x00, 0x00, 0xd5, 0x1f, 0x00, 0x00, 0x00, 0x00, 0xe1,
  0x00, 0x00, 0x00, 0x00, 0x00, 0x00, 0x00, 0x00, 0x00, 0x00, 0x00, 0x00,
  0x00, 0x00, 0x00, 0x00, 0x00, 0x00, 0x24, 0x00, 0x00, 0x00, 0x00, 0x00,
  0x1f, 0xe8, 0x00, 0xef, 0x23, 0x00, 0x00, 0x00, 0x00, 0x00, 0x00, 0x00,
  0x00, 0x00, 0x00, 0x00, 0x00, 0xe4, 0x00, 0x00, 0x00, 0x00, 0x14, 0x00,
  0x26, 0x00, 0x00, 0x00, 0x1a, 0x00, 0x25, 0x00, 0x00, 0x00, 0x00, 0xe2,
  0x00, 0xfa, 0x00, 0x00, 0x00, 0xe0, 0x00, 0x00, 0x00, 0x00, 0x2a, 0xd7,
  0x00, 0x01, 0x00, 0x00, 0x00, 0xd8, 0x00, 0x00, 0x21, 0x00, 0x00, 0xdf,
  0x00, 0x00, 0x00, 0x21, 0x00, 0x00, 0x00, 0x00, 0xe4, 0x00, 0x00, 0x00,
  0x00, 0x00, 0x00, 0xea, 0x2e, 0x00, 0x2a, 0x00, 0x00, 0x00, 0x00, 0xe2,
  0x00, 0x00, 0xe4, 0x00, 0x22, 0x00, 0x16, 0x00, 0xdf, 0x00, 0x28, 0x00,
  0x00, 0x00, 0xdf, 0x00, 0x00, 0xe1, 0x00, 0x00, 0x00, 0x00, 0x28, 0xe1,
  0x00, 0x00, 0xd7, 0x00, 0x1c, 0xdb, 0x28, 0x00, 0x00, 0x00, 0x00, 0x00,
  0x25, 0xe4, 0x00, 0x00, 0x00, 0x00, 0x00, 0xf5, 0x00, 0x00, 0x00, 0x00,
  0x00, 0x00, 0x00, 0x00, 0x00, 0x00, 0x00, 0x00, 0x00, 0x00, 0x00, 0x00,
  0x00, 0x00, 0x00, 0x00, 0x00, 0x00, 0x1c, 0x00, 0x00, 0x00, 0x00, 0x00,
  0x00, 0x00, 0xd6, 0xd8, 0x00, 0x00, 0x00, 0x00, 0x00, 0x00, 0x00, 0xe0,
  0x00, 0x00, 0x00, 0x00, 0x2b, 0xe6, 0x00, 0x00, 0x00, 0xe5, 0x00, 0xd0,
  0x00, 0x00, 0x00, 0x00, 0x00, 0xc3, 0x00, 0x00, 0x00, 0xe5, 0x00, 0xca,
  0x00, 0x00, 0x00, 0x00, 0x00, 0x00, 0x00, 0x00, 0x00, 0x00, 0x00, 0x00,
  0x00, 0x00, 0xd2, 0xfc, 0x00, 0x00, 0x00, 0x00, 0xcc, 0x00, 0x00, 0x00,
  0x00, 0x00, 0xdd, 0x00, 0x00, 0x00, 0x00, 0x00, 0xd1, 0x00, 0x00, 0x00,
  0x00, 0x00, 0xde, 0x00, 0x00, 0x00, 0x00, 0x00, 0xd8, 0x00, 0x1e, 0x00,
  0x1e, 0x02, 0x00, 0xfc, 0x00, 0x00, 0x00, 0x00, 0x00, 0x00, 0x00, 0x00,
  0x00, 0x00, 0x00, 0x00, 0x00, 0x00, 0x00, 0x00, 0x00, 0x00, 0x27, 0x00,
  0x18, 0x00, 0x00, 0xf8, 0x00, 0x00, 0x00, 0x00, 0x00, 0x00, 0x00, 0x00,
  0x00, 0x00, 0x00, 0x00, 0x00, 0x00, 0x00, 0x10, 0xe8, 0x00, 0xe2, 0x00,
  0x00, 0x00, 0xd3, 0x00, 0x00, 0x00, 0x29, 0x00, 0x00, 0x00, 0x00, 0xce,
  0x00, 0x00, 0x00, 0x00, 0xea, 0x00, 0xe5, 0x00, 0x00, 0x00, 0x00, 0x00,
  0x00, 0x00, 0x00, 0x00, 0x00, 0x00, 0x00, 0x00, 0x00, 0x00, 0x00, 0x00,
  0x00, 0xcb, 0xd8, 0x00, 0x00, 0x00, 0x00, 0x00, 0x00, 0x00, 0x00, 0x00,
  0x1c, 0x00, 0xd9, 0x00, 0x00, 0x00, 0x00, 0x00, 0xd2, 0x00, 0x00, 0x00,
  0x00, 0x00, 0x00, 0xf9, 0x00, 0x00, 0x00, 0x00, 0x00, 0x00, 0x00, 0x00,
  0x00, 0x00, 0x00, 0x00, 0xd0, 0x00, 0x00, 0x00, 0x00, 0x00, 0xd5, 0x00,
  0x00, 0xbf, 0x00, 0x00, 0xcd, 0x00, 0xf5, 0xbb, 0x00, 0xfc, 0xc8, 0x00,
  0xf2, 0x00, 0x00, 0x00, 0x00, 0x00, 0x00, 0x00, 0xdf, 0x00, 0xd3, 0x00,
  0x32, 0x00, 0x00, 0x00, 0xdd, 0x00, 0x00, 0x00, 0x00, 0x00, 0x00, 0x00,
  0x00, 0x08, 0x00, 0x00, 0x00, 0x00, 0x00, 0x13, 0x00, 0xfe, 0x00, 0x00,
  0x00, 0x00, 0x00, 0x00, 0x00, 0x00, 0x00, 0x00, 0x00, 0x00, 0x00, 0x00,
  0xe3, 0x00, 0x00, 0x00, 0x00, 0x00, 0x00, 0x00, 0x00, 0x00, 0x00, 0x00,
  0x00, 0x00, 0xf5, 0x00, 0x00, 0x00, 0x00, 0x00, 0xf5, 0x00, 0x00, 0x00,
  0x00, 0x00, 0xf6, 0x00, 0x00, 0x00, 0x00, 0x00, 0xe2, 0x00, 0x00, 0x00,
  0x00, 0x07, 0xec, 0x00, 0x00, 0xfc, 0x1a, 0x00, 0xe6, 0x00, 0x1f, 0x00,
  0x00, 0x00, 0x00, 0x00, 0x23, 0x0d, 0xe8, 0x00, 0x00, 0x00, 0x00, 0xfb,
  0x00, 0x04, 0x00, 0x01, 0x1f, 0x00, 0x00, 0x00, 0x00, 0x00, 0x00, 0x02,
  0x00, 0x00, 0x00, 0xfc, 0x00, 0x00, 0x00, 0x00, 0x00, 0xff, 0x00, 0x00,
  0xe8, 0x00, 0xcd, 0x00, 0x00, 0x00, 0x00, 0x01, 0x00, 0x00, 0xe8, 0x00,
  0x00, 0x00, 0x00, 0x00, 0x00, 0x00, 0x00, 0x00, 0x00, 0x00, 0x00, 0x00,
  0x00, 0x00, 0x00, 0xf6, 0x00, 0x0a, 0x00, 0x00, 0x00, 0x00, 0x00, 0x00,
  0x00, 0x00, 0x00, 0x02, 0x00, 0x00, 0xed, 0xcd, 0x00, 0x00, 0x00, 0x0f,
  0x00, 0x00, 0x00, 0x00, 0x20, 0x00, 0x00, 0x00, 0xe4, 0x00, 0x00, 0x00,
  0x00, 0x0b, 0xd9, 0x00, 0x00, 0x09, 0x34, 0x00, 0x00, 0x00, 0x00, 0x00,
  0x00, 0x00, 0x00, 0x00, 0x00, 0x00, 0x00, 0xd8, 0x00, 0x03, 0x00, 0x04,
  0x00, 0xf6, 0x00, 0x06, 0x00, 0x00, 0x00, 0xeb, 0x00, 0x00, 0x00, 0x00,
  0x00, 0xe5, 0x00, 0x00, 0xe1, 0x00, 0x00, 0x00, 0x00, 0x00, 0x00, 0x00,
  0x00, 0x00, 0x00, 0xf4, 0x00, 0x00, 0x24, 0x00, 0x00, 0x00, 0x00, 0x00,
  0x00, 0x00, 0x00, 0x00, 0x00, 0x00, 0x00, 0x27, 0x00, 0x00, 0x00, 0x00,
  0x00, 0x2f, 0x00, 0x00, 0x00, 0x00, 0x00, 0x00, 0x00, 0x00, 0x00, 0x00,
  0x00, 0x00, 0x00, 0x00, 0x00, 0x00, 0xe7, 0x00, 0x00, 0x00, 0x00, 0x00,
  0x00, 0x05, 0xe3, 0x36, 0xe7, 0x00, 0x00, 0x00, 0xdd, 0x00, 0xe1, 0x00,
  0x00, 0x00, 0x00, 0x00, 0xdb, 0x00, 0x00, 0x00, 0x00, 0x00, 0xed, 0x00,
  0x00, 0x00, 0x00, 0x00, 0xdb, 0x00, 0x00, 0x00, 0xd1, 0x00, 0x00, 0x00,
  0x00, 0x00, 0xdb, 0x00, 0x00, 0xff, 0x00, 0x00, 0x00, 0x05, 0x00, 0x00,
  0x00, 0x00, 0x00, 0x00, 0x00, 0x00, 0x00, 0x00, 0x00, 0x00, 0x00, 0x00,
  0x00, 0x00, 0xf4, 0x00, 0xf2, 0x00, 0x00, 0x00, 0x00, 0x00, 0x00, 0x00,
  0x00, 0x00, 0xd6, 0x00, 0xf5, 0x00, 0x00, 0x00, 0xc8, 0x00, 0x00, 0x00,
  0x00, 0x00, 0xd3, 0x00, 0x00, 0x00, 0x26, 0x00, 0x00, 0x00, 0x00, 0x00,
  0x00, 0x00, 0x00, 0x03, 0x2a, 0x00, 0x00, 0x00, 0x00, 0x04, 0x29, 0x00,
  0x00, 0x00, 0x00, 0x00, 0x3b, 0x00, 0x00, 0xe9, 0x00, 0x00, 0x44, 0x00,
  0x15, 0x00, 0x2a, 0x00, 0x00, 0x00, 0x16, 0x00, 0x27, 0x00, 0x00, 0x00,
  0x00, 0x00, 0x28, 0x00, 0x00, 0x00, 0x00, 0x00, 0x2a, 0x00, 0x00, 0x00,
  0x00, 0x00, 0x00, 0x00, 0xd8, 0xee, 0x00, 0x00, 0x2b, 0xba, 0x00, 0x00,
  0x00, 0x00, 0x00, 0x00, 0x00, 0x00, 0x14, 0x00, 0x00, 0x00, 0x00, 0x00,
  0x00, 0x00, 0x00, 0x00, 0x00, 0xf6, 0x18, 0x00, 0x00, 0x00, 0x00, 0x00,
  0x25, 0xdb, 0x27, 0x00, 0x00, 0x00, 0x00, 0x00, 0x00, 0x00, 0x00, 0x00,
  0x00, 0x00, 0x3a, 0x00, 0x00, 0x00, 0x00, 0x00, 0x36, 0x00, 0x00, 0xfa,
  0x00, 0x00, 0x2e, 0x00, 0x00, 0x00, 0x19, 0x00, 0x00, 0x00, 0x00, 0x00,
  0x24, 0x00, 0x00, 0x00, 0x00, 0x00, 0x00, 0x00, 0x00, 0x00, 0x00, 0x00,
  0x15, 0x00, 0x00, 0xc6, 0x00, 0x00, 0x00, 0x00, 0x00, 0x00, 0xd6, 0x00,
  0x00, 0x00, 0x32, 0x00, 0x00, 0x00, 0x16, 0x00, 0x35, 0x00, 0x00, 0x00,
  0x00, 0x00, 0x38, 0x00, 0x00, 0x00, 0x00, 0x00, 0x00, 0x00, 0x00, 0x00,
  0x00, 0xf3, 0x00, 0x00, 0x00, 0xfd, 0x12, 0x00, 0x00, 0x00, 0x00, 0x00,
  0x23, 0x00, 0x00, 0x00, 0x00, 0x00, 0x00, 0x00, 0x2a, 0xc3, 0x00, 0x00,
  0x00, 0x00, 0x3c, 0xbe, 0x00, 0xfe, 0x00, 0xfb, 0x2b, 0xc1, 0x00, 0x00,
  0x00, 0x00, 0x1f, 0x00, 0x00, 0xf1, 0x00, 0x00, 0x28, 0xb5, 0x00, 0x00,
  0x00, 0x00, 0x00, 0xb4, 0x00, 0xf8, 0x00, 0x00, 0x00, 0xc0, 0x00, 0xf7,
  0x0d, 0x00, 0x00, 0xb0, 0x00, 0x03, 0x10, 0x00, 0x00, 0x00, 0x00, 0x00,
  0x00, 0x00, 0x23, 0x00, 0x00, 0x00, 0x04, 0x00, 0x28, 0x00, 0x00, 0x09,
  0x00, 0x00, 0x37, 0xbe, 0x00, 0x00, 0x00, 0x00, 0x00, 0xbb, 0x00, 0x04,
  0x00, 0x00, 0x00, 0x00, 0x00, 0x00, 0x00, 0x00, 0x00, 0x00, 0x00, 0x00,
  0x00, 0x00, 0x00, 0x00, 0x00, 0x00, 0x0b, 0x00, 0x00, 0x00, 0x00, 0x00,
  0x00, 0x00, 0x00, 0x00, 0x00, 0x00, 0x0d, 0x00, 0x00, 0x00, 0x00, 0x00,
  0x00, 0xd8, 0x00, 0x00, 0x00, 0x00, 0x00, 0xdc, 0x00, 0x00, 0x00, 0x00,
  0x00, 0xec, 0x00, 0x00, 0x00, 0x38, 0x00, 0x00, 0x00, 0xaf, 0x00, 0x00,
  0x00, 0x00, 0x00, 0xb0, 0x00, 0x00, 0x12, 0x00, 0xf5, 0x00, 0xc7, 0x00,
  0x05, 0x00, 0xf5, 0x00, 0x00, 0x00, 0x00, 0x00, 0x00, 0x00, 0x00, 0x00,
  0x05, 0x00, 0x00, 0x00, 0x00, 0x00, 0x00, 0xf3, 0x3d, 0x00, 0x00, 0xef,
  0x00, 0x00, 0x5e, 0x00, 0x00, 0x00, 0x00, 0x00, 0x00, 0x00, 0xd6, 0xfb,
  0x00, 0x00, 0x00, 0x00, 0x00, 0x00, 0x00, 0x00, 0x00, 0x00, 0x00, 0x00,
  0x00, 0x00, 0x00, 0x00, 0x00, 0x00, 0x04, 0x00, 0x00, 0x00, 0x00, 0x00,
  0x00, 0x00, 0xfd, 0x00, 0x00, 0x00, 0x00, 0x29, 0x2f, 0x00, 0x00, 0x00,
  0x00, 0x00, 0x3b, 0x00, 0x00, 0x00, 0x00, 0x00, 0x29, 0x00, 0x00, 0x00,
  0x00, 0x00, 0x24, 0xb9, 0x00, 0x00, 0x00, 0x00, 0x00, 0x00, 0x00, 0x00,
  0x00, 0x00, 0xe1, 0x00, 0x00, 0x00, 0x00, 0x00, 0x00, 0x00, 0x00, 0xf8,
  0x0c, 0x00, 0x00, 0x00, 0xc8, 0x04, 0x0f, 0x00, 0x00, 0x00, 0x00, 0x00,
  0x01, 0x00, 0x00, 0x00, 0x00, 0x00, 0x00, 0x00, 0x00, 0x00, 0x00, 0x00,
  0x00, 0x00, 0x00, 0x00, 0x00, 0x00, 0x00, 0x00, 0x00, 0x00, 0x00, 0x00,
  0x00, 0x00, 0x00, 0x00, 0x00, 0x00, 0x00, 0x00, 0x00, 0x00, 0x00, 0x00,
  0x0e, 0x00, 0x00, 0x00, 0x00, 0x00, 0x00, 0x00, 0x00, 0x00, 0x00, 0x00,
  0x09, 0xf6, 0x00, 0x00, 0x00, 0x00, 0x15, 0x00, 0x00, 0x00, 0x00, 0x00,
  0x00, 0xf2, 0x00, 0x00, 0x00, 0x41, 0x00, 0x00, 0x38, 0x00, 0x00, 0x00,
  0x00, 0x00, 0x00, 0x00, 0x00, 0x41, 0x07, 0x00, 0x36, 0x00, 0x00, 0x00,
  0x14, 0x00, 0x00, 0x00, 0x00, 0x00, 0x20, 0x00, 0x00, 0x00, 0x00, 0x00,
  0x00, 0x00, 0x00, 0x00, 0x00, 0x00, 0x0b, 0x00, 0x00, 0x00, 0x00, 0x00,
  0x10, 0x00, 0x25, 0x00, 0x00, 0x00, 0x00, 0x00, 0x48, 0x00, 0x00, 0x00,
  0x03, 0x00, 0x41, 0x00, 0x00, 0x00, 0x00, 0x00, 0x25, 0x00, 0x00, 0x00,
  0x00, 0x00, 0x00, 0x00, 0x00, 0x00, 0x00, 0x00, 0x00, 0x00, 0x00, 0x00,
  0x03, 0x00, 0x41, 0xbf, 0x00, 0x00, 0x05, 0x00, 0x00, 0x00, 0x00, 0x00,
  0x00, 0x00, 0x00, 0x00, 0x00, 0x00, 0x00, 0x00, 0x37, 0x00, 0x00, 0x00,
  0x00, 0x00, 0x00, 0x00, 0x27, 0xc7, 0x00, 0x00, 0x00, 0x00, 0x30, 0x00,
  0x00, 0xf7, 0x00, 0x00, 0x43, 0x00, 0x00, 0x00, 0x00, 0x00, 0x00, 0x00,
  0x00, 0x00, 0xe6, 0x00, 0x00, 0x00, 0x00, 0x00, 0x00, 0x00, 0x25, 0x00,
  0x00, 0x00, 0x00, 0x1e, 0x00, 0xde, 0x00, 0x00, 0x00, 0x00, 0x00, 0x00,
  0x00, 0x00, 0xce, 0x00, 0x00, 0x00, 0x00, 0x00, 0xd4, 0x23, 0x00, 0x00,
  0x00, 0x00, 0xca, 0x00, 0x1b, 0x00, 0x00, 0x00, 0x00, 0x00, 0x23, 0x00,
  0x00, 0xeb, 0x00, 0x00, 0x00, 0xdf, 0x00, 0x00, 0x00, 0x00, 0x16, 0xdb,
  0x00, 0x00, 0x00, 0x1b, 0x17, 0x00, 0x00, 0x00, 0x00, 0x00, 0x00, 0xd7,
  0x00, 0x00, 0x00, 0x00, 0x00, 0xd7, 0x00, 0x00, 0x00, 0x00, 0x00, 0x00,
  0x00, 0x00, 0x00, 0x00, 0x00, 0x00, 0x00, 0x00, 0x00, 0x00, 0x11, 0xe3,
  0x00, 0x00, 0x00, 0x00, 0x24, 0xdf, 0xf3, 0x00, 0x00, 0x00, 0x00, 0xe2,
  0x00, 0x00, 0x00, 0xef, 0x2b, 0xc7, 0x00, 0x00, 0x00, 0x00, 0x29, 0xdf,
  0xd7, 0x00, 0x00, 0xe5, 0x2a, 0xdc, 0xfa, 0x00, 0xdf, 0x00, 0x1a, 0xe3,
  0x00, 0x00, 0x00, 0x00, 0x00, 0x00, 0x00, 0x00, 0xd7, 0x00, 0x00, 0x00,
  0x00, 0x00, 0x00, 0x00, 0x00, 0xda, 0x00, 0x00, 0x00, 0x00, 0x26, 0x00,
  0x00, 0x00, 0x00, 0x00, 0x2c, 0xdd, 0x00, 0x00, 0xf4, 0x00, 0x00, 0x00,
  0x00, 0xdb, 0x00, 0x00, 0x00, 0xdf, 0x00, 0x00, 0xf2, 0xd1, 0x00, 0x00,
  0x00, 0x00, 0xe7, 0x00, 0x00, 0x00, 0x00, 0x00, 0x00, 0x00, 0x00, 0xdd,
  0x00, 0x00, 0x00, 0x00, 0x00, 0x00, 0x00, 0x00, 0x00, 0x00, 0x22, 0x00,
  0x00, 0x00, 0x00, 0x1b, 0x00, 0x00, 0x00, 0xd9, 0x00, 0x00, 0x24, 0x00,
  0x00, 0xdc, 0x00, 0x17, 0x00, 0x00, 0x00, 0x00, 0x00, 0x00, 0x00, 0x00,
  0x00, 0x00, 0x00, 0x00, 0x00, 0x00, 0x00, 0x00, 0xd9, 0x00, 0x00, 0x00,
  0x00, 0x00, 0x00, 0x00, 0x00, 0x00, 0x00, 0x13, 0x00, 0x00, 0x00, 0x00,
  0x00, 0x00, 0x00, 0x00, 0x00, 0x00, 0x00, 0x00, 0x00, 0x00, 0x00, 0x00,
  0x00, 0x13, 0xcb, 0x00, 0x00, 0x00, 0x00, 0x00, 0xd0, 0x00, 0x00, 0x00,
  0xe9, 0x1b, 0xdc, 0x1a, 0x00, 0xe1, 0x00, 0x00, 0xe6, 0x1d, 0x00, 0x00,
  0x00, 0x00, 0x00, 0x00, 0x00, 0x00, 0x00, 0x00, 0x00, 0x00, 0xda, 0x00,
  0x00, 0x00, 0x00, 0x00, 0x00, 0x00, 0x00, 0x00, 0x00, 0x00, 0xd8, 0x00,
  0x00, 0x00, 0x00, 0x00, 0xd2, 0x00, 0xdb, 0xda, 0x00, 0xdb, 0x00, 0x00,
  0x00, 0x00, 0x00, 0x00, 0x00, 0x00, 0x00, 0x00, 0x00, 0x00, 0x00, 0x00,
  0xe3, 0x00, 0xe9, 0x00, 0x00, 0x00, 0x00, 0x00, 0x00, 0x00, 0x00, 0x00,
  0xeb, 0x00, 0x00, 0x00, 0x00, 0x00, 0x00, 0x10, 0x00, 0xdd, 0x00, 0x00,
  0xe0, 0x00, 0x00, 0x00, 0x00, 0x1d, 0xd5, 0x00, 0x00, 0xe3, 0x00, 0x15,
  0xd5, 0x00, 0x00, 0x00, 0x00, 0x15, 0xe6, 0x00, 0x00, 0xde, 0x00, 0x00,
  0x00, 0x00, 0x00, 0xdd, 0x00, 0x00, 0x00, 0x00, 0xe2, 0x00, 0xed, 0x00,
  0x00, 0x00, 0x00, 0x00, 0x00, 0x00, 0x00, 0x00, 0x00, 0x00, 0x00, 0xd8,
  0x00, 0x00, 0x00, 0x00, 0x00, 0x00, 0x00, 0x00, 0x00, 0x00, 0x00, 0xdb,
  0x00, 0x00, 0x00, 0xe3, 0x00, 0x00, 0x00, 0x00, 0xe4, 0x00, 0x1b, 0x00,
  0xe7, 0x00, 0x00, 0x00, 0x00, 0x00, 0x00, 0x00, 0xe2, 0x00, 0x00, 0x00,
  0x00, 0x00, 0x00, 0x00, 0x00, 0x00, 0x00, 0x00, 0x00, 0x00, 0x00, 0x00,
  0x00, 0x1c, 0xe3, 0xe2, 0x00, 0x00, 0xef, 0x25, 0x00, 0x00, 0x00, 0x00,
  0x00, 0x00, 0xe6, 0xe4, 0x00, 0x00, 0x00, 0x00, 0x00, 0x00, 0x00, 0x00,
  0x00, 0x00, 0xd0, 0xe2, 0x00, 0x00, 0xd0, 0x00, 0xe3, 0x00, 0xd6, 0x00,
  0xe4, 0x35, 0xe3, 0x00, 0xd6, 0x00, 0x00, 0x00, 0xef, 0x00, 0xc4, 0x00,
  0xe7, 0x00, 0xeb, 0x00, 0x00, 0x00, 0x00, 0x00, 0x00, 0x00, 0xd1, 0x00,
  0xe7, 0x00, 0xdf, 0xdc, 0xca, 0x00, 0xeb, 0x00, 0xec, 0xe2, 0xcd, 0x00,
  0x00, 0x00, 0x00, 0x00, 0x00, 0x00, 0x00, 0x00, 0x00, 0x00, 0xc8, 0x00,
  0x00, 0xdf, 0x00, 0xe1, 0xde, 0x00, 0xda, 0x00, 0x00, 0xe0, 0x00, 0x00,
  0xdb, 0x00, 0x00, 0xdd, 0x00, 0x00, 0xec, 0x00, 0x00, 0x00, 0x00, 0x00,
  0x00, 0xcf, 0x00, 0xe3, 0x00, 0x00, 0x00, 0x00, 0x00, 0x00, 0x00, 0x22,
  0x00, 0x00, 0xf3, 0xf0, 0x00, 0xec, 0x00, 0x00, 0x00, 0x00, 0x00, 0x00,
  0x00, 0x00, 0x00, 0xe8, 0x1a, 0xe6, 0x19, 0x00, 0x00, 0xec, 0x00, 0x00,
  0x00, 0x00, 0x00, 0xee, 0xe9, 0x00, 0x00, 0x1c, 0x00, 0x00, 0x00, 0xe3,
  0x00, 0x00, 0x00, 0x00, 0x00, 0x00, 0x00, 0x00, 0x00, 0x00, 0x00, 0x00,
  0x00, 0x00, 0x00, 0x00, 0xef, 0x00, 0x00, 0x00, 0x00, 0x00, 0xef, 0x00,
  0x00, 0x30, 0x00, 0xf5, 0x00, 0x15, 0x00, 0x00, 0x00, 0x00, 0x00, 0x17,
  0x00, 0x00, 0x00, 0xf6, 0x00, 0x0c, 0x00, 0x00, 0x00, 0xf4, 0x00, 0x00,
  0x00, 0x00, 0xee, 0x00, 0x00, 0x00, 0x00, 0x00, 0x00, 0x00, 0x26, 0x19,
  0x00, 0x00, 0x2e, 0x00, 0x00, 0x00, 0x00, 0x00, 0x33, 0xf6, 0x00, 0x00,
  0x00, 0x00, 0x00, 0xf0, 0x00, 0x00, 0x00, 0xf4, 0x00, 0x00, 0x00, 0x00,
  0x00, 0x00, 0x00, 0x00, 0xec, 0x00, 0x00, 0x00, 0x00, 0xfe, 0x00, 0x05,
  0x00, 0x00, 0x00, 0x00, 0x00, 0x00, 0x00, 0x00, 0x00, 0x00, 0x00, 0x00,
  0x00, 0xe8, 0x00, 0x00, 0x00, 0x00, 0x00, 0x00, 0x00, 0x00, 0x00, 0x00,
  0x00, 0x00, 0x00, 0xea, 0xfe, 0xff, 0x00, 0x00, 0x00, 0x00, 0x00, 0x00,
  0x00, 0x00, 0x00, 0x00, 0x49, 0xfa, 0x00, 0x2a, 0x00, 0x00, 0x00, 0x00,
  0xf7, 0x00, 0x00, 0x00, 0x00, 0x00, 0x00, 0x00, 0x00, 0x00, 0x00, 0x00,
  0x00, 0x00, 0x00, 0x00, 0x45, 0x00, 0x00, 0x2c, 0x00, 0xef, 0x00, 0x00,
  0x00, 0x31, 0xe4, 0x00, 0x00, 0x00, 0x00, 0x00, 0x00, 0x00, 0x00, 0x00,
  0x00, 0x00, 0x00, 0x00, 0x07, 0x00, 0x00, 0x00, 0x00, 0x00, 0xfb, 0x00,
  0x00, 0x00, 0x00, 0x00, 0x00, 0xf8, 0x00, 0x00, 0x00, 0x00, 0x00, 0x00,
  0x00, 0x00, 0x00, 0x00, 0x00, 0x00, 0x00, 0x00, 0x00, 0x00, 0x00, 0xf6,
  0x00, 0x00, 0x00, 0x00, 0x00, 0x00, 0x00, 0x00, 0x00, 0x00, 0x00, 0xfd,
  0x00, 0x00, 0x00, 0xf5, 0x00, 0x00, 0x00, 0x17, 0x00, 0x00, 0x15, 0xff,
  0x00, 0x00, 0x00, 0xf0, 0x13, 0x00, 0x00, 0x00, 0x00, 0x00, 0x00, 0x0e,
  0x00, 0x00, 0x00, 0x00, 0x17, 0x00, 0x00, 0x00, 0x00, 0x00, 0x00, 0x00,
  0x00, 0x00, 0xc8, 0x00, 0x00, 0x00, 0x00, 0x00, 0xbd, 0x00, 0x00, 0x00,
  0x00, 0x00, 0x00, 0x00, 0x00, 0x00, 0x00, 0x00, 0x00, 0x00, 0x00, 0x1c,
  0x2e, 0x00, 0x00, 0xf8, 0x00, 0x00, 0x1c, 0x00, 0x00, 0x00, 0x00, 0x24,
  0x00, 0x00, 0x00, 0xf9, 0x00, 0x29, 0x00, 0x00, 0x00, 0xf8, 0x00, 0x21,
  0x00, 0x00, 0x1a, 0xea, 0x00, 0x00, 0x00, 0xcd, 0x00, 0x00, 0x00, 0x00,
  0xd7, 0x00, 0x00, 0xfc, 0x00, 0x00, 0x00, 0x19, 0x00, 0x00, 0x00, 0x00,
  0x00, 0x00, 0x00, 0xea, 0xd4, 0x00, 0x18, 0x00, 0x00, 0x00, 0x00, 0x22,
  0x00, 0x00, 0x00, 0x00, 0xd8, 0x00, 0x00, 0x00, 0x00, 0x00, 0x00, 0x1b,
  0xe3, 0x00, 0x00, 0x00, 0x00, 0x0c, 0x00, 0x00, 0x00, 0x00, 0x00, 0x13,
  0x00, 0x00, 0x00, 0x00, 0x00, 0x00, 0x00, 0x00, 0xf6, 0x00, 0x00, 0x00,
  0x00, 0x00, 0xe3, 0x00, 0xda, 0x00, 0x00, 0x00, 0xed, 0x00, 0x00, 0x00,
  0x00, 0x04, 0xfb, 0x00, 0x00, 0x00, 0x00, 0x00, 0x00, 0x00, 0x00, 0x00,
  0x00, 0x00, 0x00, 0xf5, 0xdd, 0x00, 0x00, 0x00, 0x00, 0x00, 0x00, 0x00,
  0x00, 0x00, 0x00, 0x00, 0x00, 0x00, 0x00, 0x00, 0x00, 0x00, 0x00, 0x00,
  0x00, 0x00, 0x00, 0x00, 0x00, 0x00, 0x00, 0xc8, 0x00, 0xef, 0x00, 0x00,
  0x00, 0x00, 0x00, 0x00, 0x00, 0x00, 0x00, 0x00, 0x00, 0x00, 0x00, 0xd6,
  0x00, 0x00, 0x00, 0x00, 0x00, 0xcd, 0x00, 0x00, 0x00, 0x00, 0x33, 0x00,
  0x00, 0x00, 0x29, 0x00, 0x00, 0x00, 0x00, 0x00, 0x00, 0x00, 0x00, 0x00,
  0x00, 0x00, 0x00, 0x00, 0x2f, 0x00, 0x00, 0x00, 0x00, 0x00, 0x00, 0xd1,
  0x00, 0x00, 0x37, 0x00, 0x00, 0x00, 0x00, 0x00, 0x00, 0x00, 0x2d, 0x00,
  0x00, 0x00, 0xff, 0x00, 0x00, 0x00, 0x00, 0x00, 0x00, 0x00, 0x3b, 0x00,
  0x00, 0x00, 0x00, 0xe5, 0x00, 0x00, 0x00, 0x00, 0x00, 0x00, 0x00, 0x00,
  0x00, 0x00, 0x00, 0x00, 0x33, 0x00, 0x00, 0xf7, 0x00, 0x00, 0x00, 0x00,
  0x00, 0x00, 0x22, 0xe1, 0x31, 0x00, 0x00, 0x00, 0x00, 0x00, 0x2f, 0x07,
  0x00, 0x00, 0x00, 0xe3, 0x00, 0x05, 0x00, 0x00, 0xdf, 0x00, 0x00, 0x00,
  0x00, 0x2e, 0xe5, 0x00, 0x00, 0xda, 0x00, 0x28, 0xe1, 0x00, 0x00, 0x00,
  0x30, 0x00, 0x00, 0x00, 0x00, 0xe1, 0x22, 0x00, 0x00, 0x00, 0x00, 0xe5,
  0x00, 0x00, 0x00, 0x00, 0xcb, 0x00, 0x00, 0x00, 0x00, 0x00, 0x00, 0x00,
  0x00, 0x00, 0x00, 0x00, 0x00, 0x1b, 0x00, 0x00, 0x00, 0x00, 0x00, 0x00,
  0x00, 0x00, 0xe3, 0x00, 0xc4, 0x00, 0x1c, 0x00, 0xeb, 0xfc, 0x00, 0x00,
  0x18, 0x00, 0xf3, 0x00, 0x00, 0x00, 0x00, 0x00, 0xe4, 0x2c, 0x00, 0x00,
  0x00, 0x3a, 0xe3, 0x00, 0x00, 0x19, 0x20, 0x00, 0x00, 0x31, 0x0f, 0x22,
  0x00, 0x00, 0x00, 0x00, 0x00, 0x16, 0x00, 0x00, 0x00, 0x37, 0x00, 0x00,
  0x00, 0x00, 0x00, 0x00, 0x00, 0x00, 0x00, 0x00, 0x00, 0x00, 0x00, 0x00,
  0x00, 0x00, 0x00, 0x34, 0x00, 0x21, 0x00, 0x00, 0x00, 0x00, 0x00, 0x00,
  0x00, 0x00, 0x00, 0x00, 0x00, 0x00, 0x00, 0x00, 0x00, 0x00, 0xd7, 0x00,
  0x00, 0x00, 0x00, 0x00, 0x00, 0x00, 0x00, 0xf2, 0x1e, 0x00, 0x00, 0xe6,
  0x2e, 0xe9, 0x00, 0x00, 0xcb, 0xe0, 0x00, 0xcf, 0x00, 0x00, 0x00, 0x00,
  0x00, 0xe0, 0x00, 0x00, 0x00, 0x00, 0x00, 0x00, 0x00, 0xfa, 0x00, 0x00,
  0x2c, 0x00, 0x00, 0x00, 0x00, 0x00, 0x49, 0x00, 0x00, 0x00, 0x00, 0xe3,
  0x00, 0x00, 0x00, 0x00, 0x00, 0x00, 0x00, 0x00, 0x00, 0x00, 0x00, 0x00,
  0x37, 0x00, 0x00, 0x00, 0x00, 0xea, 0x2d, 0xfe, 0x00, 0xfc, 0x00, 0x00,
  0x00, 0xf4, 0x00, 0x00, 0x00, 0xe5, 0x20, 0x00, 0x00, 0x00, 0x00, 0x00,
  0x00, 0x00, 0xe7, 0xf3, 0x00, 0x00, 0x00, 0x00, 0x00, 0xe9, 0x00, 0x00,
  0x2e, 0x13, 0xf2, 0x00, 0x0c, 0x00, 0x00, 0x12, 0xe8, 0xdc, 0x00, 0x00,
  0x35, 0x2e, 0x00, 0x00, 0x00, 0x00, 0x2a, 0x00, 0x00, 0x00, 0x00, 0x20,
  0x00, 0x00, 0x00, 0xf6, 0x00, 0x2c, 0x28, 0x00, 0x00, 0x00, 0x10, 0x30,
  0x00, 0x00, 0x00, 0xf4, 0x00, 0x00, 0x00, 0x00, 0x00, 0xeb, 0xd7, 0x27,
  0x00, 0x00, 0x00, 0xec, 0xe3, 0x00, 0x00, 0x00, 0x00, 0x00, 0x00, 0x00,
  0x35, 0x00, 0x00, 0x00, 0x00, 0x00, 0x3f, 0x00, 0x00, 0x00, 0x00, 0x00,
  0x00, 0x00, 0x00, 0x00, 0x1e, 0x00, 0x00, 0x00, 0x13, 0x00, 0xe1, 0x00,
  0x00, 0x00, 0x17, 0x00, 0xbf, 0x00, 0x00, 0x00, 0x00, 0x00, 0x00, 0x00,
  0x00, 0x00, 0x00, 0x00, 0xdd, 0x00, 0x00, 0x00, 0x00, 0x00, 0xd4, 0x00,
  0x00, 0x00, 0x00, 0x00, 0xdc, 0x00, 0x00, 0x00, 0x00, 0x00, 0xc7, 0x00,
  0x00, 0x00, 0x00, 0x00, 0x00, 0x00, 0x00, 0x00, 0x00, 0x00, 0x00, 0x00,
  0x00, 0x00, 0x0e, 0x00, 0x00, 0x00, 0x00, 0x00, 0x13, 0x00, 0x00, 0xe4,
  0x00, 0xcf, 0x00, 0x00, 0xda, 0x00, 0x22, 0xd8, 0x00, 0x00, 0x00, 0x00,
  0x30, 0xcd, 0x00, 0xe7, 0x00, 0x00, 0x00, 0xe1, 0x00, 0x00, 0x00, 0x00,
  0x00, 0x00, 0x00, 0xe2, 0x00, 0x00, 0x00, 0x00, 0x00, 0x00, 0x00, 0x00,
  0x1c, 0x00, 0x00, 0x00, 0x00, 0xe1, 0x00, 0x00, 0x00, 0x00, 0x00, 0x00,
  0x00, 0x00, 0x00, 0x00, 0x00, 0xe5, 0x00, 0x00, 0x00, 0x00, 0x00, 0x00,
  0x00, 0xfe, 0x00, 0x00, 0x00, 0xdb, 0x21, 0xfa, 0x00, 0x00, 0x00, 0x00,
  0x1b, 0x00, 0xf3, 0xe8, 0x00, 0x00, 0x00, 0x00, 0x00, 0x00, 0x00, 0x1c,
  0x24, 0x00, 0xfc, 0x00, 0x00, 0x1e, 0x00, 0x34, 0xfb, 0x00, 0x00, 0x00,
  0x00, 0x3a, 0xe5, 0x00, 0x00, 0x00, 0x1b, 0x00, 0x00, 0xdd, 0x00, 0x27,
  0x00, 0x00, 0x00, 0x00, 0xda, 0x20, 0x00, 0x00, 0x00, 0x00, 0x00, 0x00,
  0x00, 0x35, 0x00, 0x00, 0x00, 0x2e, 0x00, 0x42, 0x00, 0x00, 0x00, 0x00,
  0x00, 0x3b, 0x00, 0x00, 0x00, 0x00, 0x00, 0x00, 0x00, 0x00, 0xcd, 0x00,
  0x00, 0x00, 0x00, 0x00, 0x00, 0x00, 0x00, 0x3c, 0x14, 0x00, 0x00, 0x00,
  0x00, 0x00, 0x00, 0x00, 0x00, 0x00, 0x00, 0x00, 0x00, 0x20, 0x00, 0x00,
  0x00, 0x00, 0x00, 0x00, 0x00, 0x00, 0x00, 0x00, 0x00, 0x00, 0x00, 0x00,
  0x00, 0x00, 0x00, 0x00, 0xc3, 0x00, 0x00, 0x00, 0x00, 0x00, 0xc6, 0x00,
  0x00, 0x00, 0x00, 0x00, 0x00, 0x00, 0x00, 0x00, 0x00, 0x00, 0xc2, 0x00,
  0x00, 0x00, 0x00, 0x00, 0x00, 0x00, 0x00, 0x00, 0x00, 0x00, 0x00, 0x00,
  0x00, 0x00, 0x00, 0x00, 0x00, 0x00, 0x0e, 0x00, 0x1a, 0x00, 0x00, 0x00,
  0x00, 0xe6, 0x00, 0x00, 0x00, 0x23, 0x00, 0x00, 0x00, 0x00, 0x00, 0x00,
  0x00, 0x00, 0x00, 0x29, 0x00, 0x00, 0x00, 0xd5, 0x00, 0x00, 0x00, 0x28,
  0x00, 0xdb, 0x00, 0x00, 0x00, 0x00, 0x00, 0xda, 0x00, 0x00, 0x00, 0x00,
  0x00, 0x00, 0x00, 0x00, 0x00, 0x27, 0x00, 0x00, 0x00, 0x00, 0x00, 0x00,
  0x00, 0x00, 0x00, 0x00, 0x00, 0x00, 0x00, 0x00, 0x00, 0x00, 0x00, 0x00,
  0x00, 0xd1, 0x00, 0x00, 0x00, 0x00, 0x00, 0x00, 0x00, 0x00, 0x00, 0x24,
  0x00, 0x00, 0x00, 0x00, 0x00, 0x00, 0x00, 0x00, 0x00, 0x00, 0xe4, 0x20,
  0x00, 0xc5, 0x00, 0x00, 0x00, 0x00, 0x00, 0xc6, 0x00, 0xeb, 0x00, 0xef,
  0x00, 0x00, 0x00, 0x00, 0x00, 0x00, 0x00, 0xd7, 0x00, 0x00, 0x00, 0x00,
  0x16, 0x00, 0x13, 0x00, 0x00, 0x00, 0x00, 0x00, 0x00, 0x00, 0x00, 0x00,
  0x00, 0x00, 0x00, 0x00, 0x00, 0x00, 0x00, 0x25, 0x00, 0x00, 0x00, 0x18,
  0x00, 0x1f, 0x00, 0x00, 0xe3, 0x00, 0x00, 0x00, 0x00, 0x00, 0xe7, 0x00,
  0x00, 0x00, 0x00, 0x00, 0x00, 0x00, 0x00, 0x00, 0x00, 0x32, 0x00, 0x17,
  0x00, 0x00, 0x00, 0x28, 0x00, 0x00, 0x00, 0x00, 0x00, 0x00, 0x00, 0x00,
  0x00, 0xdc, 0x00, 0x00, 0x00, 0x00, 0x10, 0x00, 0x00, 0x00, 0x00, 0x00,
  0x00, 0x00, 0x00, 0x00, 0x00, 0x00, 0x00, 0x00, 0x00, 0x35, 0x00, 0x1e,
  0x00, 0x00, 0x00, 0x00, 0x00, 0x16, 0x00, 0x00, 0x00, 0x00, 0x00, 0x00,
  0x00, 0x00, 0x00, 0x00, 0x00, 0x00, 0x00, 0x00, 0x00, 0x00, 0x00, 0x00,
  0x00, 0x00, 0x00, 0x00, 0x00, 0x00, 0x00, 0x00, 0x00, 0x00, 0x00, 0x00,
  0x00, 0x00, 0x00, 0x3b, 0x00, 0x00, 0x00, 0x00, 0x00, 0x46, 0x26, 0x00,
  0x00, 0x00, 0xd2, 0x00, 0x00, 0x00, 0x00, 0x00, 0xcf, 0x40, 0x00, 0x00,
  0x00, 0x00, 0x00, 0x2f, 0x00, 0x00, 0x00, 0x00, 0x00, 0x00, 0x00, 0x27,
  0x00, 0x00, 0x00, 0x46, 0x00, 0x00, 0x00, 0x20, 0x00, 0x00, 0x23, 0x36,
  0x00, 0x00, 0x00, 0x00, 0x00, 0x24, 0x00, 0x00, 0x00, 0x35, 0x00, 0x2a,
  0x00, 0x00, 0x00, 0x36, 0x00, 0x00, 0x00, 0x00, 0x00, 0x00, 0x00, 0x25,
  0x00, 0x00, 0x00, 0x00, 0xeb, 0x00, 0x00, 0x00, 0x00, 0x31, 0x00, 0x00,
  0x00, 0x00, 0x00, 0x38, 0x00, 0x00, 0x31, 0xcc, 0x00, 0x31, 0xf0, 0x00,
  0x00, 0xcd, 0x00, 0x33, 0x00, 0x00, 0x00, 0xe4, 0x00, 0x00, 0x00, 0x00,
  0x00, 0x00, 0x00, 0x00, 0x00, 0x00, 0x2e, 0x00, 0x00, 0x00, 0x00, 0x00,
  0x00, 0x00, 0x1c, 0x00, 0x00, 0x00, 0x00, 0x00, 0x00, 0x2c, 0x00, 0x00,
  0x00, 0x00, 0x00, 0x00, 0x00, 0x00, 0x00, 0x00, 0x00, 0x2c, 0x00, 0xed,
  0x00, 0x00, 0x00, 0x28, 0x00, 0x00, 0x00, 0x00, 0x00, 0x00, 0x00, 0x00,
  0x00, 0xe3, 0xd6, 0x3c, 0x00, 0x00, 0x23, 0xc7, 0x00, 0x00, 0x00, 0x00,
  0x00, 0xd5, 0x00, 0x37, 0x00, 0x00, 0x00, 0xe3, 0x00, 0x00, 0x00, 0x00,
  0x00, 0x00, 0x00, 0x00, 0x00, 0x00, 0x23, 0x00, 0x00, 0x00, 0x00, 0x00,
  0x00, 0x00, 0x00, 0x00, 0x00, 0x00, 0x00, 0x00, 0x00, 0x00, 0x00, 0x00,
  0xec, 0x20, 0x00, 0x00, 0x00, 0x00, 0x00, 0x28, 0x00, 0x30, 0x00, 0x00,
  0x00, 0x00, 0x00, 0x00, 0x00, 0x00, 0x00, 0x00, 0x00, 0x3d, 0x00, 0x00,
  0x31, 0x00, 0x00, 0x00, 0x00, 0x00, 0x00, 0xe0, 0x00, 0x00, 0x00, 0x00,
  0x00, 0x00, 0x00, 0x2a, 0x00, 0x00, 0x00, 0xe3, 0xc8, 0x3b, 0x00, 0x00,
  0x00, 0x00, 0x00, 0x00, 0x00, 0x00, 0x39, 0xdf, 0x00, 0x00, 0x00, 0x00,
  0x00, 0xe2, 0x00, 0x00, 0x00, 0x00, 0x00, 0x00, 0x00, 0x3c, 0x00, 0x00,
  0x00, 0x14, 0x00, 0x27, 0x00, 0x00, 0x00, 0x00, 0x00, 0x30, 0x25, 0x00,
  0x00, 0x00, 0x00, 0x3c, 0x25, 0x00, 0xe7, 0x00, 0x00, 0x00, 0x00, 0x00,
  0xf1, 0x00, 0x00, 0x00, 0x00, 0x00, 0x00, 0x00, 0x00, 0x3c, 0x00, 0x00,
  0x00, 0x00, 0x00, 0x26, 0x00, 0x00, 0x00, 0x00, 0x00, 0x00, 0x00, 0xe5,
  0x00, 0x00, 0x00, 0x00, 0x00, 0x00, 0x00, 0x00, 0x00, 0x00, 0x00, 0x00,
  0x00, 0x00, 0x00, 0x00, 0x00, 0x00, 0x00, 0x00, 0x00, 0x00, 0x2f, 0x00,
  0x00, 0x00, 0x00, 0x26, 0x00, 0x00, 0x00, 0x00, 0x00, 0x00, 0x00, 0x00,
  0x00, 0x00, 0x00, 0x00, 0xf0, 0x00, 0x00, 0x00, 0x00, 0x00, 0xd7, 0x00,
  0x00, 0x00, 0x00, 0x00, 0x1c, 0x00, 0xb3, 0x38, 0x00, 0x00, 0x19, 0x00,
  0x00, 0x28, 0x00, 0x00, 0x00, 0x42, 0x00, 0x00, 0x00, 0x00, 0x00, 0x00,
  0x00, 0x00, 0x00, 0x00, 0x00, 0x00, 0x00, 0x00, 0x00, 0x19, 0x00, 0x00,
  0xcd, 0x00, 0x00, 0x00, 0x00, 0x00, 0x00, 0x00, 0x00, 0x00, 0x00, 0x00,
  0x00, 0x00, 0x1c, 0x00, 0x00, 0x35, 0x00, 0x00, 0x1d, 0x00, 0x00, 0x00,
  0x00, 0x00, 0x19, 0x00, 0x00, 0x00, 0x00, 0xdd, 0x20, 0x00, 0xdd, 0x00,
  0x00, 0x00, 0x2a, 0x00, 0x00, 0x00, 0x00, 0x00, 0x2b, 0x00, 0xda, 0x00,
  0x00, 0x00, 0x00, 0x00, 0x00, 0x00, 0x00, 0x00, 0x00, 0x00, 0xde, 0x00,
  0x00, 0x00, 0x00, 0x00, 0xe0, 0x00, 0x00, 0x00, 0x00, 0x00, 0x00, 0x00,
  0x00, 0x00, 0x00, 0x00, 0x00, 0x00, 0x00, 0xf8, 0x00, 0x00, 0x00, 0x00,
  0x00, 0x00, 0x00, 0x00, 0x00, 0x00, 0x00, 0xf7, 0x00, 0x00, 0x17, 0x00,
  0x00, 0x00, 0x00, 0x00, 0x00, 0x00, 0x00, 0x00, 0x00, 0x00, 0x1a, 0x00,
  0x00, 0x00, 0x00, 0x00, 0x1d, 0x2d, 0x00, 0x00, 0x00, 0x00, 0x1a, 0x00,
  0x00, 0x00, 0x00, 0x00, 0x00, 0x00, 0x00, 0x00, 0x00, 0x00, 0x1b, 0x00,
  0x00, 0x00, 0x00, 0x00, 0x00, 0x00, 0x00, 0x00, 0x00, 0x00, 0x22, 0x00,
  0xff, 0x00, 0x00, 0x00, 0x00, 0x00, 0x00, 0x00, 0x00, 0x00, 0x00, 0x00,
  0x00, 0x00, 0x00, 0x00, 0x00, 0x34, 0x00, 0x00, 0x00, 0x00, 0x00, 0x33,
  0x00, 0xde, 0x00, 0x00, 0x00, 0x33, 0x00, 0xd6, 0x00, 0x00, 0x00, 0x35,
  0x00, 0x00, 0x00, 0x00, 0x00, 0x00, 0x00, 0x1a, 0x00, 0x00, 0x00, 0x2f,
  0x00, 0x10, 0x00, 0x00, 0x00, 0x3c, 0x00, 0x00, 0x00, 0x00, 0x00, 0x00,
  0x00, 0x00, 0x00, 0x00, 0x00, 0x00, 0x00, 0x16, 0x00, 0x00, 0x00, 0x4c,
  0xc1, 0x12, 0x00, 0x00, 0xe3, 0x52, 0x00, 0x00, 0x00, 0x00, 0x00, 0x56,
  0x00, 0x00, 0x00, 0x00, 0xd8, 0x4f, 0x00, 0x1d, 0x00, 0x00, 0x00, 0x00,
  0x00, 0x00, 0x00, 0x00, 0xdb, 0x00, 0x00, 0xd9, 0x00, 0x00, 0x00, 0x00,
  0x00, 0x00, 0x49, 0x00, 0xd9, 0x2f, 0x00, 0xf0, 0x4f, 0x00, 0x00, 0x00,
  0x00, 0x00, 0x2a, 0x00, 0xd9, 0x00, 0x00, 0x00, 0x00, 0x00, 0x00, 0x00,
  0x00, 0x00, 0x00, 0x00, 0x00, 0x00, 0x00, 0x00, 0x00, 0x00, 0xd4, 0x00,
  0x00, 0x00, 0x00, 0x00, 0x00, 0x00, 0xfb, 0x00, 0x00, 0x00, 0x00, 0x00,
  0x00, 0x00, 0x00, 0x00, 0x00, 0xf1, 0x00, 0x00, 0x26, 0x00, 0x00, 0x00,
  0x00, 0x29, 0x00, 0x00, 0x08, 0xef, 0x00, 0x00, 0x0f, 0x00, 0x11, 0x00,
  0xfa, 0x00, 0x00, 0x00, 0x00, 0x00, 0x00, 0x00, 0x00, 0x00, 0x00, 0x00,
  0x00, 0x2e, 0x00, 0x00, 0x00, 0x00, 0x00, 0x00, 0x00, 0x00, 0x00, 0x29,
  0x00, 0x00, 0x00, 0x00, 0x0e, 0x00, 0x00, 0x00, 0x00, 0x00, 0x12, 0x26,
  0x00, 0x00, 0x00, 0x00, 0x00, 0x00, 0x00, 0x00, 0x00, 0x00, 0x00, 0x00,
  0x00, 0x00, 0x00, 0x00, 0x00, 0x00, 0x00, 0x00, 0x00, 0x00, 0x00, 0x00,
  0x00, 0x00, 0x00, 0x00, 0x00, 0x00, 0x00, 0x00, 0x00, 0x00, 0x00, 0x00,
  0x00, 0x00, 0x00, 0x11, 0x00, 0x00, 0x00, 0x00, 0x00, 0x00, 0xde, 0x00,
  0x00, 0x00, 0x00, 0x00, 0x00, 0x00, 0x00, 0xe5, 0x00, 0x00, 0xe8, 0x00,
  0x00, 0x00, 0x00, 0x00, 0x00, 0x00, 0x00, 0x00, 0x00, 0x00, 0x00, 0x00,
  0x00, 0x00, 0x00, 0x00, 0x00, 0x00, 0x00, 0x00, 0x00, 0xfe, 0x00, 0x00,
  0x00, 0x00, 0x00, 0x00, 0x00, 0x00, 0x00, 0x00, 0x00, 0x00, 0x00, 0x00,
  0x00, 0x00, 0x00, 0x00, 0x00, 0x00, 0xd7, 0x00, 0x00, 0x00, 0x00, 0x00,
  0x00, 0x30, 0x21, 0x00, 0x2b, 0x00, 0x00, 0x00, 0x22, 0x00, 0x00, 0x00,
  0x0a, 0x00, 0x00, 0xc7, 0x00, 0xfb, 0x00, 0x00, 0x00, 0x00, 0x00, 0x00,
  0x00, 0x00, 0x00, 0x00, 0x00, 0x00, 0x00, 0x00, 0x00, 0x00, 0x00, 0x00,
  0x00, 0x00, 0x00, 0x00, 0x08, 0x00, 0x00, 0x00, 0x00, 0x00, 0x00, 0x00,
  0x00, 0x00, 0x00, 0x00, 0xff, 0x00, 0x00, 0x00, 0x00, 0x00, 0x00, 0x00,
  0x00, 0x00, 0x00, 0x00, 0x00, 0x00, 0x00, 0x00, 0x00, 0x00, 0x00, 0x00,
  0x00, 0xd8, 0x00, 0x00, 0xb1, 0x00, 0x00, 0x00, 0x00, 0x00, 0x00, 0x00,
  0x00, 0x00, 0xfb, 0x00, 0x00, 0x46, 0x00, 0xdb, 0x00, 0x00, 0x00, 0x43,
  0x00, 0x00, 0x00, 0x00, 0x00, 0x00, 0x00, 0x00, 0x00, 0x00, 0x35, 0x00,
  0x00, 0x00, 0x00, 0x00, 0x00, 0x00, 0x31, 0x00, 0x00, 0x00, 0x00, 0x00,
  0x00, 0x00, 0x00, 0x00, 0x00, 0x00, 0xf7, 0x00, 0x00, 0x00, 0x00, 0x00,
  0x00, 0x00, 0x00, 0x00, 0x00, 0xd7, 0x00, 0x00, 0x00, 0x00, 0x00, 0xc9,
  0x00, 0xe8, 0x00, 0x00, 0x00, 0x00, 0x00, 0xd8, 0x00, 0x00, 0x00, 0xd7,
  0x00, 0xc2, 0x00, 0x00, 0x00, 0xdd, 0x00, 0xb7, 0x00, 0xb6, 0x00, 0x00,
  0x35, 0xcb, 0x00, 0x00, 0x00, 0x00, 0x22, 0x00, 0x00, 0xbb, 0x00, 0x00,
  0x00, 0x00, 0xcd, 0x00, 0x00, 0x00, 0x37, 0x00, 0x00, 0x00, 0x00, 0x00,
  0x00, 0x00, 0x00, 0x00, 0x00, 0x00, 0x00, 0x00, 0x00, 0x00, 0x00, 0x00,
  0x00, 0x00, 0x00, 0xb7, 0x00, 0x00, 0x00, 0x00, 0x00, 0x00, 0x00, 0xda,
  0x00, 0x00, 0x00, 0x00, 0x00, 0xca, 0x00, 0x00, 0x00, 0x00, 0x00, 0x00,
  0x00, 0x00, 0x00, 0x00, 0x00, 0xcc, 0x00, 0xc7, 0x00, 0x00, 0x00, 0x00,
  0x00, 0xc7, 0x00, 0x00, 0x00, 0xd0, 0x00, 0x00, 0x00, 0xc3, 0x00, 0x00,
  0x00, 0x00, 0x00, 0x00, 0xed, 0xca, 0x00, 0xda, 0x00, 0x00, 0x00, 0xbb,
  0x31, 0x00, 0x0d, 0x00, 0xed, 0x00, 0x00, 0xd5, 0x00, 0x00, 0x00, 0x00,
  0x2a, 0x00, 0x00, 0x00, 0x00, 0x00, 0x00, 0x00, 0x00, 0xc0, 0x00, 0x00,
  0x00, 0xe3, 0x00, 0xbd, 0x00, 0x00, 0x00, 0xe3, 0x10, 0x00, 0x00, 0xc4,
  0x00, 0xf0, 0x00, 0xc0, 0x00, 0x00, 0xf2, 0x00, 0x00, 0x00, 0x00, 0x00,
  0x00, 0x00, 0x00, 0x00, 0x00, 0xcf, 0xfc, 0x00, 0x00, 0x00, 0x00, 0x00,
  0x00, 0xfa, 0x00, 0x00, 0x00, 0xd1, 0x22, 0x00, 0x00, 0x00, 0x00, 0xd6,
  0x00, 0x00, 0x28, 0x00, 0x00, 0xd6, 0x00, 0x00, 0x1e, 0xbc, 0x00, 0x00,
  0x00, 0x00, 0x00, 0x00, 0x00, 0x00, 0x00, 0xe0, 0x00, 0x00, 0x00, 0xd4,
  0x00, 0x00, 0x00, 0x00, 0x00, 0x00, 0x00, 0x00, 0x00, 0x00, 0x00, 0x00,
  0x00, 0x00, 0x00, 0x00, 0x00, 0x10, 0x00, 0x00, 0x00, 0x00, 0x00, 0x00,
  0x00, 0x00, 0x00, 0x00, 0x00, 0x00, 0x00, 0x00, 0x00, 0x00, 0xfb, 0x00,
  0x00, 0xe3, 0x00, 0x00, 0x00, 0x00, 0x38, 0xc8, 0x00, 0x00, 0x00, 0x00,
  0x13, 0xc0, 0x15, 0x00, 0x00, 0x00, 0x00, 0xd5, 0x00, 0x00, 0xf7, 0x00,
  0x00, 0xe9, 0x00, 0x00, 0xf0, 0x00, 0x00, 0xdf, 0x00, 0x00, 0x00, 0xd4,
  0x00, 0x00, 0x00, 0x00, 0x00, 0x00, 0x00, 0xcf, 0x00, 0x00, 0x00, 0x00,
  0x00, 0xd5, 0x00, 0x00, 0x00, 0x00, 0x00, 0xd5, 0x00, 0x00, 0x00, 0x00,
  0x00, 0x00, 0x00, 0x00, 0x00, 0x00, 0x00, 0x00, 0x00, 0x00, 0x00, 0x00,
  0x00, 0x00, 0x00, 0xa7, 0x00, 0x00, 0x00, 0xc4, 0x00, 0x00, 0x00, 0x00,
  0x00, 0x00, 0x00, 0x00, 0x00, 0x00, 0x00, 0xd0, 0x00, 0x00, 0x00, 0x00,
  0x0e, 0x00, 0x00, 0x00, 0x00, 0x00, 0x00, 0xce, 0x00, 0x00, 0x00, 0x00,
  0x00, 0xc5, 0x3b, 0x00, 0x00, 0x00, 0x00, 0xc8, 0x00, 0x00, 0x00, 0xe1,
  0xf3, 0xbf, 0x00, 0x00, 0x00, 0x00, 0x00, 0x00, 0x00, 0x00, 0x00, 0x00,
  0x00, 0x00, 0x00, 0x00, 0x00, 0x00, 0x00, 0x00, 0x00, 0x00, 0x00, 0x00,
  0x2a, 0x00, 0x00, 0x00, 0x00, 0x00, 0x00, 0x00, 0x00, 0x00, 0x00, 0xec,
  0x00, 0x00, 0x00, 0x00, 0x00, 0x00, 0x00, 0x00, 0x00, 0x9c, 0x00, 0x00,
  0x00, 0x00, 0x00, 0x00, 0x00, 0xed, 0xec, 0xe0, 0x00, 0x00, 0x24, 0x00,
  0x00, 0xe5, 0x00, 0x00, 0x00, 0xf7, 0x00, 0xdb, 0x21, 0x00, 0x00, 0x00,
  0x00, 0xd5, 0x00, 0x00, 0x00, 0x00, 0x00, 0x00, 0xfd, 0x00, 0x00, 0x00,
  0x00, 0x00, 0x00, 0x00, 0x00, 0x00, 0x0a, 0x00, 0x00, 0x00, 0x00, 0x00,
  0x16, 0x00, 0x00, 0x00, 0x00, 0xf6, 0x00, 0x00, 0x00, 0x00, 0x00, 0x00,
  0x00, 0x00, 0x00, 0x00, 0x00, 0x00, 0x00, 0x00, 0x00, 0x00, 0x00, 0x00,
  0x26, 0xe5, 0x00, 0x00, 0x00, 0x00, 0x00, 0x00, 0x00, 0x00, 0x00, 0xfb,
  0x00, 0x00, 0xea, 0x00, 0x00, 0xee, 0x00, 0x00, 0xec, 0xe6, 0x00, 0xdd,
  0x00, 0x00, 0x00, 0x00, 0x00, 0x00, 0x00, 0x00, 0x00, 0x00, 0x00, 0x00,
  0x00, 0x00, 0x00, 0x00, 0x00, 0x03, 0x00, 0x00, 0x00, 0x00, 0x00, 0xf5,
  0x00, 0x00, 0x00, 0x00, 0x00, 0xe9, 0x1e, 0x00, 0x00, 0x00, 0x00, 0xf5,
  0x00, 0x00, 0x00, 0x00, 0x00, 0x00, 0x00, 0x00, 0x00, 0xe1, 0x00, 0xf5,
  0x00, 0x00, 0x00, 0x00, 0x00, 0x00, 0x00, 0x00, 0x00, 0x00, 0x00, 0x00,
  0x00, 0x00, 0x00, 0xd6, 0x00, 0x00, 0x00, 0x00, 0x00, 0x00, 0x00, 0x00,
  0xf6, 0xd5, 0x00, 0xd6, 0x00, 0x00, 0x00, 0x00, 0x00, 0x00, 0x34, 0x00,
  0xf0, 0x00, 0xdf, 0xc7, 0x00, 0xef, 0xe8, 0x00, 0x00, 0x00, 0x00, 0x00,
  0x00, 0xdf, 0x00, 0x00, 0x00, 0xf1, 0x00, 0x00, 0xe1, 0x00, 0x35, 0x00,
  0x00, 0x00, 0xe5, 0x00, 0x00, 0xe0, 0x00, 0xe6, 0x00, 0x00, 0x00, 0x00,
  0x00, 0x00, 0x1a, 0xd9, 0x38, 0xef, 0xd8, 0x00, 0x00, 0x00, 0x00, 0x00,
  0x00, 0x00, 0x00, 0x00, 0x00, 0x00, 0x00, 0x00, 0x00, 0x00, 0x00, 0x00,
  0x00, 0x00, 0x00, 0x00, 0x00, 0x00, 0x00, 0x08, 0x00, 0x00, 0x00, 0x00,
  0x00, 0x00, 0x00, 0x00, 0x00, 0x00, 0x00, 0x00, 0x00, 0x00, 0x00, 0x00,
  0x00, 0x00, 0x08, 0xd5, 0x00, 0x00, 0xf3, 0x00, 0x00, 0x00, 0x00, 0x00,
  0x00, 0x00, 0x00, 0x00, 0x2e, 0x00, 0x00, 0x00, 0x00, 0xd1, 0x00, 0x00,
  0x00, 0x00, 0x00, 0xcb, 0x00, 0x00, 0xde, 0xc9, 0x00, 0xcb, 0x00, 0x00,
  0x00, 0x00, 0x00, 0x00, 0x00, 0x00, 0x00, 0x00, 0x00, 0xcc, 0x00, 0x00,
  0xed, 0x00, 0x00, 0x00, 0x00, 0x00, 0xde, 0x00, 0x00, 0xce, 0x00, 0x00,
  0x00, 0xcf, 0x00, 0x00, 0x00, 0x00, 0x00, 0x00, 0x00, 0x00, 0x00, 0x00,
  0x00, 0x00, 0x00, 0xd5, 0x00, 0x00, 0xe9, 0x00, 0x00, 0xd6, 0x00, 0x00,
  0x00, 0x00, 0xfe, 0x00, 0x00, 0x00, 0x00, 0xc9, 0x00, 0x00, 0x00, 0x00,
  0x00, 0x00, 0x00, 0x00, 0xdd, 0x00, 0x00, 0x00, 0x00, 0x00, 0x00, 0x00,
  0x00, 0x00, 0x00, 0x00, 0x00, 0x00, 0x00, 0x00, 0x00, 0x00, 0x00, 0x00,
  0x00, 0xc2, 0xc9, 0x00, 0x00, 0x00, 0x00, 0x00, 0x00, 0x00, 0x00, 0x00,
  0x00, 0x00, 0x00, 0x00, 0x00, 0x00, 0x00, 0x0d, 0x00, 0x00, 0x00, 0x00,
  0x00, 0x00, 0x00, 0x00, 0x00, 0x43, 0x00, 0x00, 0x00, 0x00, 0x00, 0x00,
  0x00, 0x00, 0x00, 0x00, 0x00, 0x43, 0x00, 0x00, 0x00, 0xe8, 0x00, 0x46,
  0x00, 0x00, 0x1f, 0x00, 0x00, 0x39, 0x00, 0x16, 0x00, 0x00, 0x00, 0x00,
  0xd1, 0x00, 0x00, 0x00, 0x00, 0x2f, 0xdc, 0x00, 0x00, 0x00, 0x00, 0x00,
  0x00, 0x00, 0x00, 0x00, 0x00, 0x37, 0x00, 0x00, 0x00, 0x00, 0x00, 0x00,
  0x00, 0x00, 0x00, 0x00, 0x00, 0x3b, 0x00, 0x00, 0x00, 0x00, 0x00, 0x00,
  0x00, 0x00, 0x00, 0x00, 0x00, 0x00, 0x00, 0x00, 0x00, 0x00, 0x00, 0x00,
  0x00, 0x00, 0xee, 0x00, 0x00, 0x00, 0x00, 0xcb, 0x00, 0x00, 0x00, 0x00,
  0x00, 0x00, 0x00, 0x00, 0x28, 0x00, 0x00, 0x00, 0x00, 0x00, 0x00, 0x00,
  0x00, 0x00, 0x00, 0x00, 0x2a, 0x00, 0x00, 0x00, 0x12, 0xdd, 0x00, 0x00,
  0xe8, 0x00, 0x17, 0x00, 0x00, 0x00, 0x00, 0x00, 0x00, 0x00, 0x00, 0x00,
  0x00, 0x00, 0x00, 0x00, 0x00, 0x00, 0xe3, 0x00, 0x00, 0x00, 0x00, 0x00,
  0xe2, 0x00, 0x00, 0x00, 0x00, 0x00, 0xdb, 0x24, 0x00, 0x00, 0x00, 0x00,
  0x00, 0x00, 0x00, 0xd6, 0x00, 0x00, 0xeb, 0x19, 0x00, 0xdc, 0x00, 0x00,
  0xeb, 0x0d, 0x00, 0x00, 0x35, 0x00, 0xec, 0x00, 0x00, 0x00, 0x00, 0x2f,
  0xec, 0x00, 0x00, 0x00, 0x00, 0x00, 0xf0, 0x00, 0x00, 0x00, 0x00, 0x00,
  0xea, 0x00, 0xc7, 0x00, 0x00, 0x00, 0x00, 0x00, 0x00, 0x00, 0x00, 0x00,
  0x00, 0x00, 0x00, 0xd9, 0x00, 0x00, 0x00, 0x00, 0x00, 0x00, 0x00, 0x00,
  0x00, 0x00, 0x00, 0x00, 0x00, 0x00, 0x00, 0x00, 0x00, 0x00, 0x00, 0x00,
  0x00, 0x00, 0x00, 0x00, 0x00, 0x00, 0x00, 0x00, 0x00, 0x00, 0x00, 0x00,
  0xe0, 0x00, 0x00, 0x00, 0x00, 0x00, 0x00, 0x00, 0x00, 0x00, 0x00, 0x00,
  0xd4, 0x00, 0x00, 0x00, 0x2e, 0x00, 0x00, 0x00, 0x00, 0x00, 0x26, 0x00,
  0x00, 0x00, 0xd4, 0x00, 0x00, 0x00, 0x00, 0x00, 0x00, 0x00, 0x00, 0x00,
  0x00, 0x00, 0x00, 0x00, 0x00, 0x00, 0x00, 0x00, 0x00, 0x00, 0x00, 0x00,
  0x00, 0x00, 0xbf, 0x00, 0x00, 0x35, 0x00, 0x00, 0xc2, 0x00, 0x00, 0x00,
  0x00, 0x00, 0xc2, 0x00, 0x00, 0x00, 0x00, 0x00, 0x00, 0x17, 0x00, 0x33,
  0x00, 0x00, 0x00, 0x2a, 0x00, 0x00, 0x00, 0x00, 0xda, 0x26, 0x00, 0x00,
  0x00, 0x00, 0x00, 0x00, 0x00, 0x00, 0x00, 0x00, 0x00, 0x00, 0x00, 0x00,
  0x00, 0x15, 0x00, 0x00, 0x00, 0x00, 0x00, 0x00, 0x00, 0x32, 0x00, 0x00,
  0x00, 0x00, 0x00, 0x00, 0x00, 0x00, 0x00, 0x00, 0x00, 0x2f, 0x00, 0x2a,
  0xf5, 0x00, 0x00, 0x32, 0x00, 0x00, 0xe9, 0x00, 0x00, 0x00, 0x00, 0x00,
  0x00, 0x00, 0xc5, 0x00, 0x00, 0x00, 0x00, 0x00, 0x00, 0x00, 0x00, 0x00,
  0x00, 0x00, 0x00, 0x00, 0x00, 0x2b, 0x00, 0x00, 0x00, 0x00, 0x00, 0x00,
  0xec, 0x00, 0x00, 0x00, 0xd3, 0x00, 0x00, 0x00, 0x00, 0x00, 0x00, 0x00,
  0x00, 0xe9, 0x00, 0x00, 0x00, 0x00, 0xe6, 0x00, 0x00, 0x00, 0x00, 0x00,
  0xea, 0x00, 0x00, 0x00, 0x00, 0x00, 0x00, 0x00, 0x00, 0x00, 0xcf, 0x00,
  0x00, 0x00, 0x00, 0x00, 0x00, 0x00, 0x00, 0x00, 0x00, 0x00, 0x00, 0x00,
  0x00, 0x00, 0x00, 0x00, 0xd9, 0x00, 0x00, 0xf2, 0x00, 0x00, 0x00, 0x00,
  0x00, 0x00, 0x00, 0x00, 0x00, 0x00, 0x00, 0xf3, 0x00, 0x00, 0x00, 0x00,
  0x00, 0xed, 0x00, 0x00, 0x00, 0x00, 0x00, 0x00, 0x00, 0x00, 0x00, 0x00,
  0x00, 0x00, 0x00, 0x00, 0x00, 0x00, 0x00, 0x00, 0x00, 0x00, 0x00, 0x00,
  0xdc, 0x00, 0x00, 0x00, 0x00, 0x00, 0xd1, 0x00, 0x00, 0x00, 0x00, 0x00,
  0x00, 0x00, 0x00, 0x3c, 0x00, 0x00, 0x00, 0x00, 0x00, 0x00, 0x00, 0x00,
  0x19, 0x00, 0x00, 0x00, 0x00, 0x00, 0xcf, 0x00, 0x00, 0x00, 0x00, 0x00,
  0x00, 0x00, 0x00, 0x00, 0x00, 0x00, 0x00, 0x00, 0x00, 0x00, 0xd7, 0x00,
  0x00, 0x00, 0x00, 0x00, 0xd6, 0x00, 0x00, 0x00, 0xb5, 0x00, 0x00, 0x00,
  0x00, 0x1e, 0xb5, 0x00, 0x00, 0x00, 0x00, 0x00, 0xb9, 0x00, 0x00, 0x00,
  0x00, 0x00, 0x00, 0x00, 0x00, 0x00, 0x00, 0x00, 0x00, 0x00, 0x00, 0x00,
  0xf7, 0x00, 0x00, 0x00, 0x00, 0x00, 0x00, 0x00, 0x00, 0x00, 0x00, 0x00,
  0x00, 0x00, 0x00, 0x00, 0x00, 0x00, 0x00, 0x00, 0xc1, 0x00, 0x00, 0x00,
  0x00, 0x00, 0x00, 0x34, 0x00, 0x00, 0x00, 0x00, 0x00, 0x00, 0x00, 0x00,
  0xf6, 0x00, 0x00, 0x00, 0x00, 0x00, 0x00, 0x00, 0x00, 0x00, 0x11, 0x00,
  0xe3, 0x00, 0xbb, 0x00, 0x00, 0x00, 0x00, 0x1e, 0xc0, 0x00, 0x00, 0x00,
  0x00, 0x00, 0x00, 0x00, 0x00, 0x00, 0x00, 0x00, 0x00, 0x00, 0x00, 0x00,
  0xf2, 0x00, 0x00, 0x3b, 0x00, 0x00, 0xe6, 0x15, 0x00, 0x00, 0x00, 0x00,
  0x00, 0x1b, 0xcd, 0x00, 0x00, 0x3a, 0x00, 0x00, 0xd7, 0x35, 0x00, 0x3a,
  0x00, 0x1f, 0x00, 0x00, 0x00, 0x3f, 0x00, 0x00, 0x00, 0x00, 0x00, 0x00,
  0x00, 0x00, 0x00, 0x00, 0x00, 0x00, 0x00, 0x33, 0x00, 0x00, 0x00, 0x00,
  0x00, 0x00, 0x00, 0x00, 0x00, 0x00, 0x00, 0x00, 0x00, 0x00, 0x00, 0x00,
  0xd0, 0x00, 0x00, 0x00, 0x00, 0x00, 0x00, 0x00, 0x00, 0x00, 0x00, 0x00,
  0x00, 0x01, 0x00, 0x37, 0x00, 0x00, 0xd4, 0x00, 0x00, 0x00, 0x00, 0x39,
  0x00, 0x33, 0xe4, 0x00, 0x00, 0x00, 0xe3, 0x00, 0xd9, 0x00, 0x00, 0x00,
  0x00, 0x00, 0xe5, 0x00, 0x00, 0x00, 0x00, 0xe7, 0xdd, 0x00, 0x00, 0x00,
  0xf1, 0x00, 0x00, 0x44, 0x00, 0x34, 0x00, 0x00, 0x00, 0x38, 0x00, 0x3c,
  0x00, 0xf3, 0x00, 0x00, 0x00, 0x46, 0x00, 0xe1, 0x00, 0x00, 0x00, 0x39,
  0x00, 0x00, 0x00, 0x00, 0x00, 0x00, 0x00, 0x00, 0xc6, 0x40, 0x00, 0x3f,
  0x00, 0x00, 0x00, 0x42, 0x00, 0x56, 0x00, 0x11, 0x00, 0x00, 0x27, 0x45,
  0x00, 0x00, 0x00, 0x00, 0x2b, 0x4b, 0xf4, 0x00, 0x00, 0x00, 0x00, 0x3c,
  0x00, 0x00, 0x00, 0x00, 0x00, 0x46, 0xef, 0x00, 0x00, 0x42, 0x00, 0x00,
  0x00, 0x00, 0x00, 0x00, 0x00, 0x3f, 0x00, 0x00, 0x00, 0x3f, 0x00, 0x4f,
  0x00, 0x00, 0xb4, 0x3a, 0x00, 0x00, 0x00, 0x00, 0x00, 0x3f, 0x00, 0x49,
  0x00, 0x00, 0x00, 0x44, 0x00, 0x50, 0x00, 0x00, 0x00, 0x4d, 0x00, 0x00,
  0x00, 0x00, 0x00, 0x00, 0x00, 0x60, 0x32, 0xdb, 0x00, 0x00, 0x00, 0x00,
  0x00, 0xe0, 0x00, 0x00, 0x00, 0x3c, 0xe5, 0x00, 0x00, 0x00, 0x00, 0x00,
  0x00, 0x1d, 0x00, 0x4b, 0x00, 0x3b, 0x00, 0x00, 0x00, 0x00, 0x2c, 0x45,
  0x00, 0x00, 0x00, 0x00, 0x2a, 0x00, 0x00, 0x00, 0x00, 0x00, 0x00, 0x3b,
  0xe8, 0x00, 0x00, 0x00, 0x00, 0x00, 0x00, 0x00, 0x00, 0x53, 0x00, 0x3e,
  0x00, 0x00, 0x00, 0x00, 0x00, 0x00, 0x00, 0x00, 0x00, 0x00, 0x00, 0x00,
  0x00, 0x00, 0x00, 0x00, 0x00, 0x00, 0x27, 0x00, 0x00, 0x00, 0x00, 0x00,
  0x29, 0x00, 0x00, 0x00, 0x08, 0x33, 0x00, 0x00, 0xef, 0x00, 0x00, 0x00,
  0x00, 0x00, 0xec, 0x00, 0x00, 0x00, 0x27, 0x25, 0x00, 0x00, 0x00, 0x00,
  0x00, 0x00, 0x00, 0x0e, 0x00, 0x00, 0x00, 0x1e, 0x00, 0x12, 0x00, 0x35,
  0x00, 0x00, 0x00, 0x00, 0x00, 0x00, 0x00, 0x00, 0x00, 0x00, 0x00, 0x3d,
  0x00, 0x00, 0x00, 0x0a, 0x00, 0x4c, 0x00, 0x00, 0x00, 0x0d, 0x00, 0x3b,
  0x00, 0x22, 0xf4, 0x19, 0x00, 0x54, 0x00, 0x1e, 0xe5, 0x00, 0x00, 0x30,
  0x19, 0x00, 0xe9, 0x00, 0x00, 0x4f, 0x2c, 0x00, 0x00, 0x00, 0x00, 0x00,
  0x00, 0x00, 0x00, 0x00, 0x00, 0x00, 0x00, 0x00, 0x00, 0x0c, 0x00, 0x33,
  0x00, 0x1f, 0x00, 0x00, 0x00, 0x00, 0x00, 0x00, 0x00, 0x00, 0x00, 0x00,
  0x00, 0x00, 0x00, 0x00, 0x00, 0x00, 0x00, 0x00, 0x00, 0x00, 0x0b, 0x00,
  0x18, 0x00, 0x00, 0x00, 0x00, 0x00, 0x37, 0x00, 0x00, 0x00, 0x00, 0x00,
  0x00, 0x00, 0x1e, 0x25, 0x00, 0x00, 0x00, 0x00, 0x0a, 0x00, 0x16, 0x00,
  0x00, 0x00, 0x00, 0x00, 0x00, 0x00, 0x00, 0x00, 0x00, 0x00, 0x00, 0x00,
  0x00, 0x00, 0x00, 0x00, 0x00, 0x00, 0x00, 0x00, 0x12, 0x34, 0x00, 0x00,
  0x00, 0x00, 0x00, 0x00, 0x00, 0x00, 0x0c, 0x18, 0x00, 0x00, 0x00, 0x00,
  0x00, 0x00, 0x23, 0x00, 0x00, 0x3f, 0x00, 0x00, 0x29, 0x28, 0x00, 0x00,
  0x00, 0x00, 0x00, 0x00, 0x00, 0x00, 0x19, 0x00, 0x21, 0x00, 0x00, 0x39,
  0x00, 0x00, 0x00, 0x00, 0x00, 0x37, 0x00, 0x00, 0x23, 0x1e, 0x00, 0x3c,
  0x31, 0x27, 0x00, 0x00, 0x00, 0x00, 0x00, 0x00, 0x00, 0x00, 0x00, 0x00,
  0x45, 0x00, 0x2d, 0x22, 0x0f, 0x00, 0x00, 0xe7, 0x00, 0x25, 0x00, 0x3d,
  0x00, 0x00, 0x00, 0x00, 0x00, 0x00, 0x1d, 0x26, 0x00, 0x00, 0x00, 0x00,
  0x00, 0xe7, 0x00, 0x1c, 0x00, 0x00, 0x00, 0x00, 0x25, 0x25, 0x00, 0x3c,
  0x00, 0x00, 0x20, 0x00, 0x00, 0x00, 0x00, 0x00, 0x00, 0x00, 0x00, 0x00,
  0x00, 0x00, 0x00, 0x16, 0x00, 0x00, 0x00, 0x00, 0x00, 0x00, 0x00, 0x41,
  0x00, 0x00, 0x00, 0x26, 0x00, 0x00, 0x00, 0x00, 0x00, 0x00, 0xd6, 0x37,
  0x00, 0x00, 0x00, 0x00, 0x00, 0x00, 0x00, 0x00, 0x00, 0x00, 0x00, 0x00,
  0x22, 0x00, 0x18, 0x00, 0x00, 0x00, 0x00, 0xf2, 0x00, 0x00, 0x00, 0x00,
  0x00, 0x00, 0x00, 0x00, 0x00, 0x42, 0x00, 0x00, 0x00, 0x00, 0x00, 0x00,
  0x00, 0x00, 0x10, 0x00, 0xd2, 0x47, 0x00, 0x00, 0x00, 0x3b, 0x00, 0x00,
  0x00, 0x00, 0x1a, 0x00, 0x00, 0x4a, 0x00, 0x00, 0x00, 0x00, 0x00, 0x33,
  0x00, 0x00, 0x00, 0x00, 0x00, 0x00, 0x00, 0x00, 0x00, 0x00, 0x00, 0x00,
  0x00, 0x00, 0x17, 0x00, 0x00, 0x00, 0x00, 0x00, 0x11, 0x30, 0x00, 0x00,
  0x00, 0xdf, 0x00, 0x00, 0x00, 0x00, 0x00, 0x00, 0x00, 0x00, 0x00, 0x00,
  0x00, 0x00, 0x00, 0x29, 0x00, 0x00, 0x00, 0x00, 0x00, 0x00, 0x00, 0x32,
  0x00, 0x00, 0x00, 0x00, 0x0e, 0x00, 0x00, 0x00, 0x00, 0x26, 0x00, 0x00,
  0x00, 0x00, 0x00, 0x00, 0x00, 0x37, 0x1d, 0x27, 0x35, 0x00, 0x00, 0x00,
  0x20, 0x00, 0x00, 0x00, 0x00, 0x34, 0x00, 0x00, 0x00, 0x00, 0x00, 0x00,
  0x32, 0x00, 0x00, 0x00, 0x1c, 0x00, 0x00, 0x00, 0xf7, 0x00, 0x00, 0x39,
  0x14, 0x27, 0x00, 0x00, 0x00, 0x00, 0x48, 0x00, 0x00, 0x00, 0x1a, 0x40,
  0x00, 0xe2, 0x00, 0x2c, 0x00, 0x36, 0x00, 0x00, 0x00, 0x00, 0x21, 0x00,
  0x00, 0x00, 0x00, 0x00, 0x00, 0x00, 0x14, 0x00, 0x00, 0x00, 0x00, 0x00,
  0x00, 0x00, 0x00, 0x00, 0x00, 0x00, 0x00, 0x00, 0x00, 0x23, 0x00, 0x00,
  0x00, 0x00, 0x00, 0x00, 0x00, 0x00, 0x00, 0x00, 0x00, 0x37, 0x00, 0x00,
  0x00, 0x00, 0x00, 0x29, 0x00, 0x00, 0x00, 0x00, 0x00, 0x00, 0x16, 0xee,
  0x00, 0x22, 0x00, 0x00, 0x00, 0x00, 0x11, 0x00, 0x00, 0x2b, 0x16, 0xed,
  0x30, 0x00, 0x00, 0x00, 0x00, 0x00, 0x00, 0xeb, 0x00, 0x00, 0x16, 0x00,
  0x00, 0x00, 0x00, 0x00, 0x00, 0x00, 0x00, 0x2a, 0x00, 0x00, 0x2a, 0xfa,
  0x00, 0x00, 0x00, 0x00, 0x25, 0x00, 0x1a, 0x2e, 0x00, 0x00, 0x11, 0x00,
  0x00, 0x0a, 0x00, 0x00, 0x00, 0x00, 0x00, 0x13, 0x00, 0x04, 0x00, 0x22,
  0x23, 0x00, 0x00, 0x00, 0x00, 0x00, 0x00, 0x00, 0x00, 0x07, 0x00, 0x00,
  0x00, 0x00, 0x28, 0x04, 0x00, 0xe2, 0x2c, 0x00, 0x00, 0x00, 0x00, 0x00,
  0x00, 0xd9, 0x00, 0x08, 0x00, 0x00, 0x23, 0x00, 0x20, 0x00, 0x00, 0xe4,
  0x28, 0x00, 0x00, 0x00, 0x00, 0xe7, 0x00, 0x00, 0x00, 0x00, 0x00, 0x00,
  0x00, 0x00, 0x00, 0x00, 0x0e, 0x00, 0x00, 0x00, 0x12, 0x00, 0x13, 0x00,
  0x00, 0x08, 0x00, 0x00, 0x00, 0x00, 0x00, 0x00, 0x07, 0x00, 0x00, 0x00,
  0x00, 0x00, 0x00, 0x00, 0x0d, 0x00, 0x00, 0x00, 0x00, 0x00, 0x00, 0x00,
  0x00, 0x00, 0x00, 0xcb, 0x09, 0x00, 0x00, 0x00, 0x00, 0x00, 0x00, 0x00,
  0x00, 0xd1, 0x00, 0x00, 0x07, 0xeb, 0x00, 0x00, 0x00, 0x00, 0x0f, 0xee,
  0x00, 0x00, 0x00, 0x00, 0x00, 0x00, 0x00, 0x00, 0x00, 0x00, 0x00, 0x00,
  0x2d, 0xcb, 0x00, 0x00, 0x00, 0x00, 0x2d, 0x00, 0x00, 0x00, 0x00, 0x00,
  0x00, 0x00, 0x00, 0x00, 0x00, 0xe2, 0x00, 0x00, 0x00, 0x04, 0x00, 0x00,
  0x00, 0x00, 0xde, 0x0c, 0x00, 0x00, 0x00, 0x00, 0xdc, 0x00, 0xe5, 0x00,
  0x2e, 0x00, 0xf7, 0x00, 0xdc, 0x00, 0x2f, 0x00, 0xf1, 0x05, 0x00, 0x00,
  0x00, 0xd1, 0x00, 0x00, 0x00, 0x00, 0x00, 0x00, 0x00, 0x0a, 0x00, 0x00,
  0x00, 0x00, 0x00, 0x00, 0xe7, 0x00, 0x00, 0x00, 0x00, 0x07, 0x00, 0x20,
  0x00, 0x00, 0x00, 0x00, 0x00, 0x20, 0x28, 0x00, 0x00, 0x00, 0xe6, 0x00,
  0x00, 0x00, 0x00, 0x00, 0xee, 0x00, 0x3a, 0x00, 0x00, 0x00, 0xe7, 0x00,
  0x00, 0x00, 0x00, 0x00, 0xe5, 0x00, 0x00, 0x00, 0x00, 0x00, 0x00, 0x00,
  0x37, 0x00, 0x00, 0x00, 0xe2, 0x00, 0x00, 0xce, 0x00, 0x00, 0xd5, 0x00,
  0x00, 0x00, 0x00, 0x00, 0xdf, 0x00, 0x00, 0xe0, 0x1b, 0x00, 0x00, 0x00,
  0x31, 0x00, 0x00, 0x05, 0x00, 0x00, 0x00, 0x00, 0x00, 0x00, 0x00, 0x00,
  0x00, 0xcf, 0x2e, 0x00, 0x00, 0x00, 0x33, 0x00, 0x20, 0x00, 0x00, 0x00,
  0x00, 0xbd, 0x13, 0x00, 0x00, 0xe1, 0x3f, 0x00, 0x00, 0x00, 0x00, 0xe9,
  0x00, 0x00, 0x1b, 0x00, 0x00, 0x00, 0x00, 0x00, 0x06, 0x00, 0x00, 0x00,
  0x00, 0x00, 0x09, 0x00, 0x00, 0x00, 0x2d, 0x00, 0x00, 0x00, 0x00, 0x00,
  0x00, 0xd3, 0x00, 0x00, 0x00, 0x00, 0x00, 0x00, 0x29, 0x00, 0x00, 0x00,
  0x00, 0x00, 0x2f, 0x00, 0x00, 0x00, 0x00, 0x00, 0xdc, 0x00, 0x00, 0xe8,
  0x2d, 0x00, 0x00, 0x00, 0x00, 0x00, 0x00, 0x00, 0x00, 0x00, 0x00, 0x00,
  0x00, 0x00, 0x1c, 0x00, 0x00, 0xd9, 0x2b, 0xc8, 0x00, 0x00, 0x2c, 0x00,
  0x00, 0xcd, 0x00, 0x00, 0x00, 0xe3, 0x2a, 0xcb, 0x00, 0x00, 0x00, 0xe6,
  0x3d, 0xc6, 0x00, 0x00, 0x00, 0xe6, 0x00, 0xc0, 0x00, 0x00, 0x00, 0x00,
  0x34, 0x00, 0x00, 0x00, 0x00, 0x00, 0x3b, 0x00, 0xfa, 0x00, 0xf3, 0x00,
  0x00, 0x00, 0x00, 0x00, 0x00, 0x00, 0x2d, 0x00, 0x00, 0x00, 0x00, 0xe1,
  0x38, 0x00, 0x00, 0x00, 0x00, 0x00, 0x00, 0x00, 0x00, 0x00, 0x00, 0x00,
  0x00, 0x00, 0x00, 0x00, 0x00, 0x00, 0x36, 0x00, 0x00, 0x00, 0x00, 0xde,
  0x00, 0xce, 0x00, 0x00, 0x39, 0x00, 0x00, 0x00, 0x00, 0x00, 0x00, 0x00,
  0x2d, 0x00, 0x00, 0x00, 0x00, 0xd9, 0xed, 0x00, 0x00, 0x00, 0x3c, 0x00,
  0x00, 0x00, 0x15, 0x00, 0x00, 0xe8, 0x00, 0x00, 0x00, 0x00, 0x00, 0xd8,
  0x00, 0x00, 0x00, 0x00, 0x00, 0x00, 0x00, 0x00, 0x00, 0x00, 0x00, 0x00,
  0x00, 0x00, 0x27, 0xd5, 0x00, 0x00, 0x00, 0x00, 0x00, 0x00, 0x00, 0x00,
  0x00, 0x00, 0x00, 0x00, 0x24, 0x00, 0x00, 0x00, 0x00, 0x00, 0x00, 0x00,
  0x00, 0x00, 0x10, 0x00, 0x00, 0x00, 0x00, 0x00, 0x00, 0x00, 0x00, 0x00,
  0x00, 0x00, 0x00, 0x00, 0x19, 0x00, 0x00, 0x00, 0x00, 0x00, 0x00, 0x28,
  0x00, 0x00, 0x00, 0x00, 0x00, 0x00, 0x00, 0x00, 0x14, 0x00, 0x00, 0x00,
  0x00, 0x00, 0x00, 0x00, 0x00, 0x00, 0x00, 0x00, 0xee, 0x00, 0x00, 0x00,
  0x00, 0x00, 0x00, 0x00, 0x00, 0x00, 0x00, 0x00, 0x00, 0x00, 0x00, 0x00,
  0x00, 0x00, 0x00, 0x00, 0x00, 0x00, 0x00, 0x00, 0x00, 0x00, 0x00, 0x00,
  0x00, 0x00, 0x00, 0x0c, 0x00, 0x00, 0x00, 0x00, 0x00, 0x00, 0x00, 0x00,
  0x00, 0x00, 0x00, 0x00, 0x00, 0x00, 0x00, 0x00, 0x00, 0x00, 0x00, 0x00,
  0xe9, 0x00, 0x00, 0x00, 0x00, 0xe5, 0xce, 0x00, 0x00, 0x00, 0x00, 0x00,
  0x00, 0x00, 0x00, 0x00, 0x00, 0x00, 0x00, 0x00, 0x00, 0x00, 0x00, 0x00,
  0x00, 0x00, 0x00, 0x20, 0x00, 0x00, 0x00, 0x00, 0x00, 0x00, 0x00, 0x00,
  0x00, 0x00, 0x00, 0x00, 0x0a, 0xe6, 0x00, 0x00, 0x00, 0x00, 0x00, 0xea,
  0x00, 0xeb, 0x06, 0x00, 0x09, 0x00, 0x00, 0xef, 0x00, 0x00, 0x00, 0x00,
  0xbe, 0x00, 0xd8, 0x00, 0x00, 0x00, 0x00, 0x00, 0xe5, 0x00, 0x03, 0x00,
  0x00, 0xdc, 0x00, 0x00, 0x00, 0x00, 0x00, 0xd0, 0x00, 0x00, 0x00, 0x00,
  0x00, 0x00, 0x00, 0x00, 0x00, 0x00, 0xcc, 0x00, 0x00, 0x00, 0xf1, 0x00,
  0xd0, 0x00, 0x00, 0x00, 0xed, 0xdf, 0x00, 0x00, 0x00, 0x00, 0x00, 0x00,
  0xc7, 0x00, 0xd3, 0x00, 0x00, 0x00, 0xd6, 0x00, 0x00, 0x00, 0x00, 0x00,
  0x00, 0x00, 0x00, 0x00, 0x00, 0x00, 0x00, 0x00, 0x00, 0xe8, 0x00, 0x00,
  0x00, 0xeb, 0x00, 0x00, 0x00, 0x00, 0x00, 0x00, 0xb9, 0x00, 0x00, 0x00,
  0xcf, 0x00, 0xc3, 0x00, 0x00, 0x00, 0xbc, 0x00, 0xd3, 0x00, 0x00, 0x00,
  0xbf, 0x00, 0x00, 0x00, 0x00, 0x00, 0x00, 0x00, 0x00, 0x00, 0x00, 0x27,
  0xcc, 0x00, 0x00, 0x00, 0xe0, 0x1f, 0x00, 0x00, 0x00, 0x00, 0xdd, 0x00,
  0x00, 0xd1, 0xdc, 0x00, 0xe4, 0x00, 0x00, 0x00, 0xd2, 0x00, 0xe8, 0x27,
  0x00, 0x00, 0xc6, 0x00, 0xe4, 0x00, 0x00, 0x00, 0x00, 0x00, 0x00, 0x33,
  0x00, 0x00, 0x00, 0x00, 0x00, 0x00, 0x00, 0x00, 0x00, 0x00, 0xe3, 0x00,
  0x00, 0x00, 0x00, 0x00, 0x00, 0x00, 0xd1, 0x2c, 0x00, 0x00, 0x00, 0x00,
  0xc9, 0x00, 0x00, 0x00, 0x00, 0xde, 0xc4, 0x00, 0x00, 0x00, 0xec, 0x00,
  0x00, 0x00, 0x00, 0x00, 0x00, 0x00, 0x00, 0x00, 0x00, 0x00, 0x00, 0xe3,
  0x00, 0x00, 0x20, 0x00, 0x00, 0xd7, 0x00, 0x00, 0x1d, 0x00, 0xf7, 0x00,
  0xce, 0x00, 0x00, 0x00, 0x00, 0x00, 0xc3, 0x00, 0x00, 0x00, 0x00, 0xd3,
  0x00, 0x00, 0x00, 0x00, 0x00, 0xdf, 0x00, 0x00, 0x00, 0x00, 0x00, 0xe0,
  0x00, 0xe8, 0x00, 0x00, 0x00, 0x00, 0x00, 0x00, 0x00, 0x00, 0xf2, 0xe4,
  0xc6, 0x00, 0x00, 0x00, 0x00, 0x00, 0x00, 0x00, 0x09, 0xed, 0x00, 0x00,
  0x00, 0x00, 0x00, 0x00, 0x00, 0x00, 0x00, 0x00, 0x00, 0x00, 0x00, 0xe2,
  0x00, 0x00, 0x00, 0xf1, 0x00, 0x00, 0x00, 0x00, 0x00, 0x00, 0x00, 0x00,
  0xcf, 0x00, 0x00, 0x00, 0x00, 0x00, 0xca, 0x00, 0x00, 0x00, 0x00, 0x00,
  0x00, 0x00, 0x00, 0x00, 0x00, 0xe2, 0xd5, 0xda, 0x00, 0x00, 0x00, 0x00,
  0x00, 0xdc, 0x00, 0x00, 0x00, 0xe9, 0x00, 0xcc, 0x00, 0x00, 0xee, 0x00,
  0xc9, 0xe3, 0x00, 0x00, 0x00, 0x00, 0x00, 0x00, 0x00, 0x00, 0x00, 0x00,
  0xce, 0x00, 0xed, 0x00, 0xf6, 0x00, 0x00, 0x00, 0x00, 0x00, 0x00, 0x00,
  0x00, 0x00, 0x00, 0x00, 0xe6, 0x00, 0xc6, 0x00, 0x00, 0x00, 0x00, 0x00,
  0x00, 0x00, 0x00, 0x00, 0xe8, 0x00, 0x00, 0x00, 0x00, 0x00, 0xf1, 0x00,
  0x00, 0x00, 0x00, 0x00, 0xe1, 0x00, 0x00, 0x00, 0x00, 0x00, 0xdf, 0x00,
  0x00, 0x00, 0x00, 0x00, 0xf8, 0x26, 0x00, 0x00, 0x00, 0x00, 0x00, 0x00,
  0x00, 0x00, 0x00, 0x00, 0x00, 0x00, 0xe1, 0x12, 0x00, 0x00, 0x00, 0x00,
  0xc5, 0x00, 0xcf, 0x00, 0x00, 0x2c, 0xd6, 0x00, 0x00, 0x00, 0x00, 0x00,
  0xdc, 0x00, 0x00, 0x00, 0x18, 0x00, 0xda, 0x00, 0x00, 0x00, 0x00, 0x33,
  0xd4, 0x00, 0x00, 0x00, 0x00, 0x00, 0xc8, 0x01, 0xc9, 0x2c, 0x1e, 0x00,
  0xd3, 0x00, 0xc1, 0x24, 0x00, 0x00, 0x00, 0x00, 0xc7, 0x00, 0x00, 0x00,
  0x00, 0xc7, 0x00, 0x00, 0x00, 0x00, 0x00, 0x00, 0x00, 0x00, 0x00, 0x00,
  0xc3, 0x00, 0x00, 0x00, 0x00, 0x00, 0xd4, 0x00, 0x00, 0x00, 0x00, 0x2d,
  0x00, 0x00, 0x00, 0x00, 0x00, 0x00, 0x00, 0xd4, 0xe2, 0x00, 0xd3, 0x00,
  0x00, 0xe5, 0x00, 0x29, 0x00, 0x00, 0xdd, 0x00, 0x00, 0x26, 0x00, 0xf8,
  0xec, 0x15, 0x00, 0x00, 0x00, 0x2c, 0x00, 0x1b, 0x00, 0x00, 0x00, 0x00,
  0x00, 0x00, 0xf1, 0x34, 0x00, 0x00, 0x00, 0x00, 0x00, 0x00, 0xde, 0x00,
  0x00, 0x00, 0x00, 0x27, 0x00, 0x00, 0xd4, 0x00, 0x00, 0x00, 0x00, 0x00,
  0x00, 0x00, 0x00, 0x00, 0x00, 0x00, 0x00, 0x00, 0x00, 0x00, 0x00, 0x00,
  0x00, 0x00, 0x00, 0x00, 0x00, 0x00, 0x00, 0x00, 0x00, 0x00, 0x00, 0x00,
  0x00, 0x00, 0x00, 0x00, 0x00, 0x00, 0x00, 0x00, 0x00, 0x00, 0x00, 0x00,
  0x00, 0x00, 0x00, 0x00, 0x00, 0x00, 0x00, 0x00, 0x00, 0x00, 0x00, 0x00,
  0x00, 0x1b, 0x00, 0x00, 0x00, 0x00, 0x00, 0x00, 0x00, 0x00, 0xf9, 0x00,
  0x00, 0x00, 0x00, 0x00, 0x00, 0x26, 0x1a, 0x00, 0x00, 0x00, 0x00, 0x00,
  0x00, 0x00, 0x00, 0x00, 0x00, 0x17, 0x00, 0x00, 0x00, 0x00, 0x00, 0x00,
  0x00, 0x00, 0x00, 0x00, 0x00, 0x00, 0x00, 0x00, 0x00, 0x00, 0x00, 0x00,
  0x00, 0x00, 0x00, 0x00, 0x00, 0x00, 0x00, 0x00, 0x00, 0x00, 0x00, 0x00,
  0x00, 0x00, 0xda, 0x00, 0x00, 0x00, 0x00, 0x00, 0x00, 0x00, 0x00, 0x00,
  0x2b, 0x00, 0x00, 0x00, 0x00, 0x00, 0x13, 0x00, 0x00, 0x00, 0x00, 0x00,
  0x00, 0x00, 0x00, 0x00, 0x00, 0x00, 0x00, 0x00, 0x00, 0x00, 0x00, 0x00,
  0x00, 0x00, 0x00, 0x40, 0x00, 0x00, 0x00, 0x00, 0x00, 0x48, 0x00, 0x1e,
  0x00, 0x00, 0x00, 0x00, 0x00, 0x1d, 0x00, 0x00, 0x00, 0x00, 0x00, 0x1a,
  0x0f, 0x00, 0x00, 0x00, 0x00, 0x00, 0x24, 0x00, 0x00, 0x00, 0x2c, 0x00,
  0x00, 0x00, 0x0f, 0x00, 0x3e, 0x18, 0x00, 0x00, 0x00, 0x45, 0x00, 0x24,
  0x00, 0x00, 0x00, 0x45, 0x00, 0x3a, 0x17, 0x00, 0x00, 0x00, 0x00, 0x00,
  0x00, 0x00, 0x00, 0x00, 0x2a, 0x25, 0x00, 0x00, 0x00, 0x00, 0x00, 0x00,
  0x00, 0x00, 0x00, 0x47, 0x00, 0x00, 0x30, 0x00, 0x00, 0x4e, 0x00, 0x00,
  0x00, 0x00, 0x00, 0x54, 0x00, 0x00, 0x00, 0x00, 0x00, 0x4c, 0x00, 0x00,
  0x00, 0x00, 0x00, 0x00, 0x00, 0x00, 0x2a, 0xe5, 0x00, 0x00, 0x00, 0x00,
  0x00, 0x00, 0x00, 0x3c, 0x00, 0x23, 0x00, 0x00, 0x00, 0x00, 0x00, 0x00,
  0x25, 0x00, 0x00, 0x3a, 0x00, 0x00, 0x00, 0x00, 0x00, 0x3e, 0x37, 0x1d,
  0x00, 0x00, 0x00, 0x4e, 0x00, 0x00, 0x15, 0x00, 0x00, 0x00, 0x00, 0x00,
  0x00, 0x00, 0x00, 0x43, 0x00, 0x00, 0x00, 0x00, 0x13, 0x3c, 0x00, 0x00,
  0x24, 0x00, 0x00, 0x00, 0x00, 0x00, 0x00, 0x00, 0x00, 0x00, 0x00, 0x00,
  0x23, 0x00, 0x00, 0x00, 0x00, 0x00, 0x1d, 0x00, 0x00, 0x00, 0x00, 0x00,
  0x00, 0x00, 0x00, 0x2f, 0x00, 0x00, 0x00, 0x00, 0x00, 0x00, 0x00, 0x00,
  0x00, 0x00, 0x00, 0x00, 0x00, 0x00, 0x00, 0x00, 0x00, 0x00, 0x00, 0x00,
  0x00, 0x00, 0x00, 0x00, 0x00, 0x00, 0x00, 0x00, 0x00, 0x00, 0x00, 0x00,
  0x00, 0xe8, 0x00, 0x31, 0x30, 0x00, 0x00, 0xe0, 0x00, 0x37, 0x35, 0x00,
  0x00, 0xdb, 0x00, 0x00, 0x00, 0x2a, 0x00, 0x00, 0x00, 0x00, 0x00, 0x00,
  0x00, 0x00, 0x00, 0x00, 0x00, 0x00, 0x00, 0x00, 0x00, 0x00, 0x00, 0x00,
  0x00, 0x00, 0x00, 0x00, 0x00, 0x28, 0x00, 0x00, 0xe5, 0x00, 0x00, 0x39,
  0x1b, 0x00, 0x00, 0x00, 0x18, 0x25, 0x00, 0x00, 0x00, 0x00, 0x1f, 0x00,
  0x00, 0x08, 0x00, 0x00, 0x00, 0x24, 0x00, 0x00, 0x00, 0x00, 0x0d, 0x00,
  0x00, 0x00, 0x00, 0x00, 0x0a, 0x00, 0x1d, 0x00, 0x00, 0x00, 0x00, 0x00,
  0x00, 0x00, 0x00, 0x00, 0x00, 0x00, 0x00, 0x00, 0x00, 0x3a, 0x00, 0x00,
  0x2d, 0x00, 0x00, 0x46, 0x00, 0x00, 0x00, 0xcb, 0x00, 0x00, 0x00, 0x00,
  0x00, 0xcf, 0x00, 0x46, 0x00, 0x00, 0x00, 0x00, 0x00, 0x00, 0x00, 0x00,
  0x00, 0x0b, 0x00, 0x00, 0x00, 0x00, 0x00, 0x00, 0x00, 0x44, 0x00, 0x00,
  0x00, 0x00, 0x00, 0x00, 0x00, 0x00, 0x17, 0x00, 0x00, 0x00, 0x00, 0x00,
  0x00, 0x00, 0x00, 0x00, 0x00, 0x00, 0x00, 0x00, 0x00, 0x31, 0x00, 0x00,
  0xf0, 0x00, 0x00, 0x00, 0x00, 0x00, 0x00, 0x00, 0x00, 0x00, 0x00, 0x00,
  0x29, 0x00, 0x00, 0x00, 0x00, 0x00, 0x1e, 0x00, 0xdf, 0x00, 0x00, 0x00,
  0x00, 0x00, 0x00, 0x26, 0x00, 0x23, 0x00, 0x00, 0x00, 0x00, 0x00, 0x26,
  0x00, 0x00, 0x00, 0x00, 0x00, 0x00, 0x00, 0xe4, 0x09, 0x00, 0x00, 0x00,
  0x00, 0x00, 0x00, 0x00, 0x00, 0x00, 0x00, 0x00, 0x00, 0x00, 0x00, 0xf3,
  0x00, 0x00, 0x00, 0x00, 0x00, 0x00, 0x17, 0x2e, 0x00, 0x00, 0x00, 0xf2,
  0x00, 0x00, 0x00, 0x00, 0xe8, 0x00, 0x00, 0x00, 0x00, 0x00, 0x00, 0x00,
  0x00, 0x00, 0x00, 0xee, 0x00, 0x00, 0x00, 0x00, 0x0b, 0x00, 0x00, 0x00,
  0x00, 0x00, 0x00, 0xf1, 0xe1, 0x00, 0x00, 0x00, 0x0a, 0x00, 0x00, 0x00,
  0x00, 0x00, 0x00, 0xef, 0x00, 0x00, 0x00, 0x00, 0x00, 0x00, 0x00, 0x14,
  0x00, 0x29, 0x00, 0x00, 0x00, 0x00, 0x00, 0x00, 0x00, 0x00, 0x00, 0x00,
  0x00, 0x00, 0x00, 0x00, 0x00, 0x00, 0x00, 0x00, 0x12, 0x00, 0x00, 0x00,
  0x00, 0x00, 0x22, 0x00, 0xe2, 0x08, 0x00, 0x13, 0x00, 0x00, 0xde, 0x00,
  0x00, 0x00, 0x00, 0x00, 0x00, 0x00, 0x00, 0x00, 0x20, 0x00, 0xde, 0x00,
  0x00, 0x00, 0x00, 0x00, 0x00, 0x0a, 0x00, 0x00, 0x23, 0xef, 0x00, 0x00,
  0x00, 0x00, 0x00, 0x00, 0x00, 0x00, 0x00, 0x00, 0x00, 0x00, 0xd7, 0x00,
  0x00, 0x00, 0x00, 0xe8, 0x00, 0x00, 0x00, 0x00, 0x2c, 0x00, 0x00, 0x00,
  0xe5, 0x00, 0x25, 0x00, 0x00, 0x00, 0xed, 0x00, 0x2c, 0xeb, 0x00, 0x12,
  0xee, 0x00, 0x00, 0x00, 0x00, 0x00, 0x00, 0x00, 0x00, 0x00, 0x00, 0x00,
  0x00, 0x00, 0x21, 0x00, 0x00, 0x00, 0x00, 0x00, 0x00, 0x00, 0x00, 0x00,
  0xdc, 0x00, 0x35, 0xee, 0x00, 0x00, 0xe9, 0x18, 0x3c, 0x00, 0xdd, 0x00,
  0x00, 0x00, 0x00, 0x00, 0x00, 0x00, 0x00, 0x00, 0x2e, 0x00, 0x00, 0x00,
  0x00, 0x00, 0x21, 0x00, 0x00, 0x00, 0x00, 0x00, 0x2f, 0x00, 0xd5, 0x00,
  0x00, 0x00, 0x00, 0x00, 0x00, 0x00, 0x00, 0x00, 0x23, 0x00, 0x00, 0x00,
  0x00, 0x00, 0x2d, 0x00, 0x00, 0x19, 0x00, 0x00, 0x39, 0x00, 0x00, 0x00,
  0x00, 0x00, 0x2c, 0x00, 0x00, 0x00, 0x00, 0x00, 0x49, 0x00, 0x00, 0x00,
  0x00, 0x00, 0x3c, 0x00, 0x00, 0x1d, 0x00, 0x00, 0x34, 0x00, 0x00, 0x00,
  0x00, 0x00, 0x55, 0x00, 0x00, 0x00, 0xe2, 0x00, 0x37, 0x00, 0x00, 0x1e,
  0x00, 0x00, 0x3b, 0x00, 0x00, 0x1a, 0x00, 0x00, 0x00, 0x00, 0x00, 0x00,
  0x00, 0x00, 0x00, 0x00, 0x00, 0x00, 0x00, 0x00, 0x39, 0x00, 0x00, 0x00,
  0x00, 0x00, 0x00, 0x00, 0x00, 0x00, 0x00, 0x29, 0x00, 0x00, 0x00, 0x00,
  0x00, 0x20, 0x00, 0x00, 0x00, 0x00, 0x00, 0x00, 0x00, 0x00, 0x00, 0x00,
  0x00, 0x1d, 0x00, 0x00, 0xda, 0x00, 0x00, 0x2b, 0x00, 0x00, 0x00, 0x00,
  0x00, 0x00, 0x00, 0x00, 0x00, 0x00, 0x00, 0x00, 0x00, 0x00, 0xd8, 0x00,
  0x00, 0x00, 0x35, 0x00, 0x00, 0x00, 0x00, 0x1c, 0x2f, 0x00, 0x00, 0x00,
  0x00, 0x00, 0x41, 0x00, 0x00, 0x17, 0x00, 0x19, 0x00, 0x00, 0x00, 0x00,
  0x00, 0x00, 0x3b, 0x00, 0xd9, 0x00, 0x00, 0x18, 0x00, 0x00, 0xd6, 0xde,
  0xeb, 0x00, 0x00, 0x00, 0x00, 0x00, 0x00, 0x00, 0x00, 0x00, 0x00, 0x00,
  0x00, 0x00, 0x00, 0x00, 0x00, 0x00, 0x00, 0x00, 0x00, 0xeb, 0x00, 0x00,
  0x00, 0x00, 0x00, 0x00, 0x00, 0x00, 0x00, 0x00, 0x00, 0x00, 0x00, 0x00,
  0x00, 0x22, 0x00, 0x00, 0x00, 0x00, 0x00, 0x21, 0x39, 0x00, 0x00, 0x00,
  0x00, 0x00, 0x2f, 0x00, 0x00, 0x00, 0x00, 0x00, 0x43, 0x00, 0x00, 0x00,
  0x00, 0x00, 0x37, 0x00, 0x00, 0x00, 0x00, 0x00, 0x25, 0x00, 0x00, 0x00,
  0x00, 0x00, 0x31, 0x00, 0x00, 0x00, 0x00, 0x00, 0x00, 0x00, 0x00, 0x00,
  0x00, 0x00, 0x00, 0x00, 0x15, 0x00, 0x00, 0x00, 0x00, 0x00, 0x00, 0x00,
  0x00, 0x2a, 0x24, 0x00, 0x17, 0xca, 0x00, 0x00, 0x28, 0x00, 0x00, 0x00,
  0x00, 0x2f, 0x18, 0x00, 0x00, 0xcd, 0x00, 0x00, 0x00, 0x00, 0x00, 0xd4,
  0x00, 0x00, 0x00, 0x00, 0x00, 0x00, 0x00, 0x00, 0x00, 0x00, 0x00, 0xd3,
  0x00, 0x00, 0x00, 0x00, 0x00, 0x00, 0x00, 0x00, 0x00, 0x00, 0x00, 0x00,
  0x00, 0x26, 0x00, 0x00, 0x00, 0x00, 0x2d, 0x00, 0x0b, 0x00, 0x00, 0x00,
  0x00, 0x00, 0x00, 0x00, 0xdd, 0x00, 0x2c, 0x00, 0x00, 0x00, 0x00, 0x00,
  0x00, 0x00, 0x00, 0x00, 0xe1, 0x00, 0x00, 0x00, 0x00, 0xec, 0x00, 0x00,
  0x00, 0x00, 0x00, 0x00, 0x00, 0x00, 0x00, 0x00, 0x00, 0x00, 0x00, 0x00,
  0x00, 0x3d, 0x00, 0x00, 0x00, 0x00, 0x00, 0x41, 0x00, 0x00, 0x00, 0x00,
  0x00, 0x00, 0x00, 0x00, 0x00, 0x00, 0x00, 0x00, 0x00, 0x00, 0x00, 0x00,
  0x00, 0x00, 0x10, 0x00, 0x00, 0x00, 0x00, 0x00, 0x07, 0x00, 0x00, 0x00,
  0x00, 0x00, 0x11, 0x00, 0x00, 0x00, 0x00, 0x30, 0x00, 0xe9, 0x00, 0x00,
  0x00, 0x00, 0x98, 0x00, 0x2f, 0x00, 0xdb, 0x00, 0x9c, 0x00, 0x00, 0x00,
  0x00, 0x00, 0xb3, 0x00, 0x29, 0x00, 0x00, 0x00, 0x00, 0xf5, 0x00, 0x00,
  0xd5, 0x00, 0xb8, 0x00, 0x00, 0x00, 0x00, 0xfa, 0xb9, 0x00, 0x00, 0x00,
  0x00, 0x00, 0x00, 0x00, 0x00, 0x00, 0x00, 0x00, 0x00, 0x00, 0x00, 0xe2,
  0x00, 0x00, 0x00, 0x00, 0x00, 0x00, 0x00, 0x00, 0x00, 0x00, 0x00, 0x00,
  0x00, 0x00, 0xd3, 0x00, 0x00, 0x00, 0x00, 0x00, 0x00, 0x00, 0x00, 0x00,
  0x00, 0x00, 0x00, 0x00, 0x00, 0x17, 0x00, 0x00, 0x00, 0x00, 0x00, 0x00,
  0x00, 0x00, 0x00, 0x00, 0x00, 0x14, 0x00, 0x00, 0x00, 0x00, 0x00, 0x00,
  0x00, 0x00, 0x00, 0x00, 0x00, 0x1f, 0x00, 0x00, 0x00, 0x00, 0x00, 0x00,
  0x00, 0x00, 0xd0, 0x00, 0x00, 0x00, 0x00, 0x00, 0xcc, 0x00, 0x00, 0x00,
  0x00, 0x00, 0x00, 0x00, 0x00, 0x00, 0x00, 0x00, 0x00, 0x00, 0x00, 0x00,
  0xd2, 0x00, 0xcb, 0x00, 0x00, 0x00, 0x00, 0x00, 0x00, 0x00, 0x00, 0x00,
  0x00, 0x00, 0x00, 0x25, 0xea, 0x00, 0xd2, 0x00, 0x00, 0x00, 0x00, 0x00,
  0x00, 0x00, 0x00, 0x00, 0x00, 0x00, 0x00, 0x00, 0x00, 0x00, 0xdd, 0x00,
  0xde, 0x00, 0x00, 0x00, 0xdd, 0x00, 0x00, 0xdf, 0x00, 0x00, 0xd1, 0x00,
  0xd1, 0xe1, 0x00, 0x00, 0xea, 0x00, 0x00, 0x00, 0x00, 0x00, 0x00, 0x00,
  0x00, 0x00, 0x00, 0x00, 0xed, 0x00, 0x00, 0x00, 0x00, 0x00, 0x00, 0x00,
  0x00, 0xe0, 0x00, 0x00, 0x00, 0x00, 0x00, 0x00, 0x00, 0x00, 0x00, 0x00,
  0x00, 0x00, 0x00, 0xee, 0x00, 0x00, 0x00, 0xe0, 0x00, 0x00, 0x00, 0x00,
  0x00, 0xe3, 0x09, 0x00, 0x00, 0x00, 0x00, 0x00, 0x1b, 0xeb, 0x00, 0x00,
  0x00, 0xd3, 0x00, 0x00, 0x00, 0x00, 0x00, 0xe6, 0x00, 0x00, 0x2e, 0x00,
  0xd1, 0xed, 0x07, 0x00, 0x00, 0x00, 0x00, 0x00, 0x00, 0xdb, 0x00, 0x00,
  0x00, 0x00, 0x00, 0xd9, 0x00, 0x00, 0x00, 0x00, 0x00, 0x00, 0x27, 0x00,
  0x00, 0x00, 0x00, 0x00, 0x27, 0x00, 0xda, 0x00, 0x00, 0xe8, 0x00, 0x00,
  0x00, 0x00, 0x00, 0x00, 0x28, 0x00, 0x00, 0xeb, 0x00, 0xf6, 0x00, 0x00,
  0x00, 0x00, 0x00, 0xe9, 0x00, 0x00, 0xd0, 0x00, 0x00, 0xe0, 0x23, 0x00,
  0x00, 0x00, 0x00, 0x00, 0x00, 0x00, 0x00, 0xe5, 0xde, 0xf8, 0x00, 0x00,
  0x00, 0x00, 0xd4, 0xed, 0x00, 0x00, 0xdf, 0xd6, 0xcd, 0x00, 0x00, 0x00,
  0xce, 0xde, 0xd7, 0xf5, 0x00, 0x00, 0x00, 0x00, 0xca, 0xeb, 0x00, 0x00,
  0xcd, 0x00, 0x00, 0x00, 0x00, 0x23, 0x00, 0x00, 0x00, 0x00, 0x00, 0x00,
  0xd3, 0xff, 0xdf, 0xf3, 0x00, 0x00, 0xca, 0x00, 0x00, 0x00, 0x00, 0x00,
  0x00, 0x00, 0xc8, 0x00, 0x00, 0x00, 0xce, 0x00, 0xc4, 0x00, 0x00, 0x00,
  0x00, 0x00, 0x00, 0x00, 0xdc, 0x00, 0x00, 0xf2, 0x00, 0x00, 0xe0, 0x00,
  0xb3, 0x00, 0x00, 0x00, 0xdf, 0x00, 0x00, 0x00, 0x00, 0x2e, 0x00, 0x00,
  0x00, 0x00, 0x00, 0x00, 0xe0, 0x00, 0x00, 0x00, 0x00, 0x00, 0xe6, 0x00,
  0x00, 0x00, 0xb8, 0x00, 0xe5, 0x00, 0x00, 0x00, 0xcc, 0x00, 0x00, 0x00,
  0xd4, 0x00, 0x00, 0x00, 0xe2, 0x00, 0x00, 0x00, 0x00, 0x00, 0x00, 0x00,
  0x00, 0x37, 0x00, 0x00, 0xeb, 0x00, 0xd1, 0x00, 0x00, 0x00, 0x00, 0x00,
  0xe3, 0x00, 0x00, 0x00, 0xdf, 0x00, 0xdc, 0x00, 0x00, 0x00, 0x00, 0x00,
  0x00, 0x00, 0x00, 0x00, 0x00, 0x00, 0x00, 0x1d, 0x00, 0x00, 0x00, 0x00,
  0xcf, 0x26, 0x00, 0x00, 0xec, 0x00, 0xd5, 0x27, 0x00, 0x00, 0x00, 0x00,
  0x00, 0x00, 0x00, 0x00, 0x00, 0x00, 0x00, 0x00, 0x00, 0x00, 0x00, 0x00,
  0x00, 0x00, 0x00, 0x00, 0x00, 0x00, 0x00, 0x00, 0x00, 0x00, 0x00, 0x00,
  0x00, 0x00, 0x00, 0x00, 0x00, 0x00, 0x00, 0xf4, 0x00, 0x00, 0x00, 0x00,
  0x00, 0xe5, 0x00, 0x2d, 0x00, 0x00, 0x00, 0xf2, 0xdd, 0x00, 0x00, 0x00,
  0x00, 0x00, 0xe4, 0x35, 0x00, 0x00, 0xde, 0x00, 0xdd, 0x00, 0x00, 0x00,
  0x00, 0x00, 0x00, 0x00, 0x00, 0x00, 0x00, 0x00, 0x00, 0x00, 0x00, 0x00,
  0x00, 0xe0, 0x00, 0x32, 0x00, 0x21, 0x00, 0x00, 0x00, 0x00, 0x00, 0x00,
  0xd7, 0x00, 0x00, 0x00, 0x00, 0x00, 0x00, 0x00, 0x00, 0x00, 0x00, 0xe8,
  0x00, 0x00, 0xcb, 0x00, 0x00, 0x00, 0x00, 0x00, 0xd6, 0x2d, 0x00, 0x00,
  0x00, 0x00, 0x45, 0xc3, 0x00, 0x48, 0x00, 0x00, 0x34, 0xc1, 0x00, 0x00,
  0x00, 0x00, 0x3a, 0xca, 0x00, 0x38, 0x00, 0x00, 0x42, 0xca, 0x00, 0x00,
  0x00, 0x00, 0x00, 0xbe, 0x00, 0x00, 0x00, 0x00, 0x43, 0xc9, 0x00, 0x08,
  0x00, 0x00, 0x45, 0xd2, 0x00, 0x00, 0x00, 0x00, 0x43, 0x00, 0x00, 0x00,
  0x00, 0x00, 0x2b, 0xd6, 0x00, 0x00, 0x00, 0x42, 0x29, 0xcc, 0x00, 0x00,
  0x26, 0x2e, 0x2d, 0x00, 0x00, 0x00, 0x00, 0x00, 0x45, 0x00, 0x00, 0x00,
  0x00, 0xf2, 0x48, 0xd4, 0x00, 0x00, 0x00, 0x00, 0x00, 0x00, 0x00, 0x00,
  0x00, 0x00, 0x38, 0xd3, 0x00, 0x00, 0x00, 0x00, 0x00, 0x00, 0x00, 0x00,
  0x00, 0x00, 0x00, 0x00, 0xce, 0x00, 0x23, 0x00, 0x08, 0x00, 0x00, 0x00,
  0x1d, 0x00, 0x00, 0x00, 0x00, 0x40, 0x00, 0x00, 0x00, 0x00, 0x00, 0x00,
  0x00, 0x41, 0x36, 0x00, 0x00, 0x00, 0x00, 0x00, 0x00, 0x00, 0x00, 0x00,
  0x00, 0x00, 0x00, 0x00, 0x00, 0x00, 0x12, 0x00, 0x00, 0x00, 0x00, 0x00,
  0x00, 0x00, 0x00, 0x00, 0xe1, 0x00, 0x00, 0x00, 0x3c, 0xe0, 0x00, 0x00,
  0x00, 0x00, 0x00, 0x00, 0xe1, 0x00, 0xe3, 0x00, 0x3f, 0x00, 0x00, 0x00,
  0x00, 0x00, 0x00, 0x00, 0xd9, 0x00, 0x00, 0x00, 0x00, 0x00, 0xdf, 0x00,
  0x00, 0x00, 0x00, 0x00, 0x00, 0x00, 0x1c, 0x00, 0x00, 0xea, 0x00, 0x00,
  0x00, 0x00, 0x1d, 0xec, 0xdd, 0x00, 0x00, 0x02, 0x2f, 0x00, 0x00, 0x00,
  0x0b, 0xf0, 0x00, 0xe4, 0x00, 0x00, 0x00, 0x06, 0x00, 0x00, 0x00, 0x00,
  0x00, 0x05, 0x00, 0x00, 0x00, 0x00, 0x00, 0x00, 0x00, 0x00, 0x00, 0x00,
  0x18, 0xea, 0x00, 0xe8, 0x00, 0x03, 0x00, 0x00, 0x00, 0x00, 0x14, 0x00,
  0x00, 0x00, 0x00, 0xdc, 0x00, 0x00, 0x1a, 0x00, 0x00, 0xe2, 0x00, 0x3b,
  0x00, 0x00, 0x00, 0x00, 0x00, 0x00, 0x00, 0x00, 0x00, 0x00, 0x00, 0x00,
  0x00, 0x00, 0x00, 0xe6, 0x00, 0x00, 0x00, 0x00, 0x00, 0xe4, 0x00, 0x00,
  0x00, 0x00, 0x00, 0x00, 0x00, 0x00, 0x00, 0xf4, 0x4e, 0x00, 0x00, 0x00,
  0x14, 0x01, 0x00, 0xe0, 0xe4, 0x00, 0x00, 0x00, 0x00, 0x00, 0xed, 0x00,
  0x00, 0x00, 0x00, 0x00, 0xee, 0x00, 0x00, 0x00, 0x00, 0x00, 0xf7, 0x00,
  0x00, 0x00, 0x0b, 0x00, 0x00, 0x00, 0x31, 0x00, 0x00, 0x18, 0xef, 0x22,
  0x00, 0x00, 0x41, 0x00, 0xfc, 0x00, 0x00, 0x00, 0x00, 0x00, 0x00, 0x00,
  0x00, 0x00, 0x00, 0x00, 0x00, 0x00, 0x00, 0x00, 0x00, 0x00, 0x00, 0x00,
  0x00, 0x00, 0xfd, 0x1b, 0xf1, 0x00, 0x26, 0x05, 0xf3, 0x00, 0x00, 0x00,
  0x00, 0x00, 0x00, 0xe2, 0x00, 0x00, 0x00, 0x00, 0x00, 0x00, 0x00, 0x00,
  0x20, 0x00, 0x00, 0x00, 0xf4, 0x00, 0x00, 0x00, 0x26, 0x00, 0x00, 0xed,
  0x25, 0x00, 0x00, 0x00, 0xf6, 0xee, 0x00, 0x00, 0x00, 0x00, 0x00, 0xf8,
  0x00, 0x31, 0x00, 0x00, 0xe1, 0xef, 0x29, 0x00, 0x00, 0xdf, 0x00, 0xf3,
  0x00, 0x00, 0x29, 0x00, 0x00, 0x00, 0x0c, 0x00, 0x36, 0xdc, 0x00, 0xee,
  0x00, 0x00, 0x2b, 0x00, 0x00, 0xe6, 0x00, 0x00, 0x43, 0x00, 0x00, 0x00,
  0x00, 0x00, 0x34, 0xe6, 0x24, 0xe8, 0x00, 0x00, 0x42, 0x00, 0x00, 0xff,
  0x12, 0x00, 0x00, 0x00, 0x00, 0xf4, 0x00, 0x00, 0x00, 0x00, 0x00, 0x00,
  0x00, 0x00, 0x00, 0xd2, 0x00, 0x00, 0x00, 0x00, 0x00, 0xd1, 0x00, 0xf6,
  0x00, 0x00, 0x00, 0xe6, 0x20, 0x00, 0x1b, 0x00, 0x00, 0x00, 0x00, 0x00,
  0x00, 0x00, 0x00, 0x00, 0x00, 0x00, 0x00, 0x00, 0xf7, 0xd9, 0x00, 0x00,
  0x00, 0x00, 0x00, 0xdc, 0x00, 0x00, 0x00, 0x00, 0x56, 0x00, 0x00, 0x00,
  0x00, 0x00, 0x00, 0xce, 0xe5, 0x00, 0x00, 0x00, 0x00, 0x00, 0x00, 0x00,
  0x00, 0x00, 0x00, 0x00, 0xdd, 0x00, 0x00, 0x00, 0x00, 0x00, 0x00, 0xeb,
  0x21, 0x00, 0x00, 0x00, 0x00, 0x00, 0x29, 0x00, 0x3c, 0x00, 0x00, 0x00,
  0x00, 0x00, 0x40, 0x00, 0x00, 0x00, 0x00, 0x51, 0x43, 0xe1, 0x00, 0xf7,
  0x00, 0x00, 0x00, 0x00, 0xdb, 0x00, 0x00, 0x00, 0x00, 0x00, 0x00, 0xf7,
  0x00, 0x00, 0x00, 0x00, 0xd4, 0xf3, 0x00, 0x00, 0x00, 0xd3, 0xd6, 0xf7,
  0x00, 0x00, 0x00, 0x00, 0x00, 0x00, 0x00, 0x33, 0x00, 0x00, 0xb4, 0xf3,
  0x00, 0x00, 0x46, 0x00, 0xc5, 0x00, 0x00, 0x00, 0x42, 0x00, 0xc7, 0x00,
  0x00, 0x00, 0x00, 0x00, 0x00, 0x00, 0xe1, 0x00, 0x00, 0x00, 0x00, 0x00,
  0x00, 0x00, 0x00, 0x32, 0xd2, 0x00, 0x00, 0xec, 0x00, 0x00, 0x00, 0x00,
  0x00, 0x00, 0x00, 0x00, 0x00, 0x00, 0x00, 0x00, 0x00, 0x00, 0x00, 0x00,
  0x00, 0xef, 0x00, 0x00, 0x00, 0x2c, 0x00, 0x00, 0x00, 0x00, 0x00, 0x00,
  0x00, 0x00, 0x00, 0x00, 0x00, 0x28, 0xdb, 0x00, 0xf1, 0x00, 0x00, 0x23,
  0x00, 0x00, 0x00, 0x00, 0x00, 0x28, 0x00, 0x00, 0x00, 0x00, 0x00, 0x00,
  0x00, 0x00, 0x00, 0x00, 0x00, 0x00, 0x00, 0x00, 0x00, 0xfd, 0x1e, 0x33,
  0x00, 0x00, 0x00, 0x00, 0x00, 0x00, 0xe7, 0x00, 0x00, 0x00, 0x00, 0x00,
  0xe9, 0x00, 0x1a, 0x00, 0x00, 0x00, 0x00, 0x00, 0x00, 0xff, 0x00, 0x00,
  0x00, 0x00, 0x00, 0xfe, 0x00, 0x00, 0x00, 0x00, 0x00, 0x00, 0x00, 0x00,
  0x00, 0x00, 0x00, 0xfd, 0x00, 0x00, 0x00, 0x00, 0x00, 0x00, 0x00, 0x00,
  0x00, 0x00, 0x00, 0x00, 0x00, 0x00, 0x00, 0x00, 0x00, 0x00, 0x00, 0x00,
  0x00, 0x00, 0x00, 0x00, 0x00, 0x00, 0x00, 0x00, 0xe0, 0x00, 0xe2, 0x00,
  0x00, 0x26, 0x00, 0x00, 0x00, 0x00, 0x00, 0x00, 0x00, 0xfc, 0x00, 0x00,
  0x00, 0x00, 0x00, 0x00, 0x00, 0x00, 0x00, 0x00, 0x00, 0x00, 0x00, 0x00,
  0xe3, 0x00, 0x00, 0x00, 0x00, 0x1a, 0x00, 0x00, 0xdd, 0x00, 0x00, 0x00,
  0x00, 0x23, 0x00, 0x00, 0x00, 0x00, 0x00, 0x1d, 0xc4, 0x00, 0x00, 0x00,
  0x00, 0x00, 0xd4, 0x00, 0x00, 0x00, 0x00, 0x1c, 0xd9, 0x00, 0x00, 0x00,
  0x00, 0x2a, 0xe0, 0x00, 0xe9, 0x00, 0x00, 0x00, 0x00, 0x00, 0x00, 0xef,
  0x00, 0x00, 0x00, 0x00, 0x00, 0x00, 0x00, 0x00, 0x00, 0x00, 0x00, 0x00,
  0x00, 0x00, 0xdb, 0x00, 0x00, 0x00, 0x00, 0xff, 0x00, 0x00, 0x00, 0xeb,
  0x00, 0xf0, 0x00, 0x00, 0xec, 0x00, 0x00, 0x00, 0x00, 0x00, 0x00, 0x00,
  0x16, 0x00, 0xdf, 0x00, 0x00, 0x00, 0x00, 0x00, 0x00, 0x00, 0x00, 0x00,
  0x00, 0x00, 0x00, 0xfc, 0x00, 0x00, 0x00, 0xea, 0x00, 0x00, 0x21, 0x00,
  0x00, 0x00, 0x00, 0x00, 0x00, 0x00, 0x00, 0x00, 0x00, 0x00, 0x00, 0x00,
  0x00, 0x00, 0x00, 0x03, 0x00, 0xed, 0x00, 0x38, 0x00, 0x00, 0x00, 0x00,
  0x00, 0x00, 0x00, 0xfa, 0x00, 0x00, 0x00, 0x00, 0x00, 0x00, 0x00, 0x00,
  0x00, 0x00, 0x00, 0x00, 0x00, 0x00, 0xf5, 0x33, 0x00, 0x00, 0x00, 0x00,
  0xec, 0x28, 0x00, 0x00, 0x00, 0x00, 0x00, 0x00, 0x00, 0x00, 0x00, 0x00,
  0x00, 0x00, 0x00, 0x00, 0x00, 0x00, 0x00, 0x00, 0x00, 0x00, 0x00, 0x00,
  0x00, 0x00, 0x00, 0x00, 0x00, 0x00, 0x00, 0x00, 0x00, 0x00, 0x00, 0x00,
  0x00, 0x00, 0x00, 0x00, 0x00, 0x00, 0x00, 0xf9, 0x00, 0x00, 0x00, 0x00,
  0x00, 0x00, 0x00, 0x00, 0x00, 0x00, 0x00, 0x00, 0x00, 0x00, 0x00, 0x00,
  0x00, 0x00, 0x00, 0x00, 0x00, 0x1d, 0x00, 0x00, 0xe5, 0x00, 0x00, 0x00,
  0x00, 0x00, 0xe2, 0x00, 0x00, 0x00, 0x00, 0x00, 0xe2, 0x00, 0x00, 0x00,
  0x00, 0x00, 0x00, 0x3d, 0x00, 0x00, 0x00, 0x00, 0x00, 0x00, 0x00, 0x00,
  0xe2, 0x00, 0x00, 0x39, 0x00, 0x00, 0x00, 0x00, 0x00, 0x00, 0x00, 0x00,
  0x1c, 0x00, 0xf4, 0x38, 0x00, 0x00, 0x00, 0x00, 0xda, 0x00, 0x00, 0x00,
  0x00, 0x00, 0xe9, 0x00, 0x00, 0x00, 0x00, 0x00, 0x00, 0x00, 0x00, 0x00,
  0x00, 0xf1, 0x00, 0x36, 0xe1, 0x00, 0x00, 0x00, 0x00, 0x00, 0x00, 0x00,
  0x00, 0x00, 0xe0, 0x00, 0x00, 0x19, 0x00, 0x00, 0x00, 0x00, 0x00, 0x15,
  0x00, 0x00, 0xcd, 0x00, 0xf2, 0x00, 0x00, 0xea, 0x00, 0x00, 0x00, 0x00,
  0x00, 0x00, 0x00, 0x00, 0x23, 0x00, 0x00, 0xdd, 0x00, 0x00, 0x00, 0x00,
  0x00, 0x00, 0x00, 0x00, 0x00, 0x00, 0x00, 0x00, 0x0e, 0x00, 0x2f, 0x00,
  0x00, 0xe2, 0x00, 0x00, 0x00, 0x00, 0x00, 0x00, 0x00, 0x00, 0x00, 0x00,
  0x00, 0x00, 0xd7, 0x00, 0x24, 0x00, 0x00, 0x00, 0x00, 0x00, 0x00, 0x00,
  0xe6, 0x14, 0x00, 0x00, 0x25, 0xdd, 0x00, 0x00, 0x00, 0x00, 0x30, 0x00,
  0x00, 0x00, 0xd3, 0x00, 0x2f, 0x00, 0x00, 0x00, 0x00, 0x00, 0x00, 0x00,
  0x00, 0x28, 0x00, 0x00, 0x00, 0x00, 0x00, 0x2c, 0x00, 0x00, 0x26, 0x00,
  0x00, 0x00, 0x00, 0x40, 0x00, 0x00, 0x00, 0x00, 0x00, 0x00, 0x00, 0x00,
  0x00, 0xd2, 0x00, 0x00, 0x00, 0x00, 0x00, 0xd6, 0x00, 0x00, 0x00, 0x00,
  0x00, 0xcc, 0x00, 0x25, 0x00, 0x00, 0x00, 0xc4, 0x00, 0x00, 0x00, 0x00,
  0x00, 0xb7, 0x00, 0x25, 0xe3, 0x00, 0x22, 0xb1, 0x00, 0x00, 0x00, 0x00,
  0x00, 0xd6, 0x00, 0x00, 0xdb, 0x00, 0x00, 0xd0, 0x00, 0x00, 0x00, 0x00,
  0x00, 0x00, 0x00, 0x00, 0x00, 0x00, 0x34, 0x00, 0x00, 0x00, 0x00, 0x00,
  0x00, 0xdb, 0x00, 0x00, 0x00, 0x00, 0x00, 0x00, 0xda, 0xe5, 0x00, 0x13,
  0x00, 0x00, 0xe2, 0x00, 0x00, 0x22, 0x00, 0x00, 0xe4, 0x00, 0x00, 0x00,
  0x00, 0xd1, 0x00, 0x00, 0x00, 0x00, 0x00, 0xdd, 0x00, 0x00, 0x1f, 0x20,
  0xfe, 0x00, 0x00, 0x00, 0x22, 0x1f, 0x38, 0x00, 0x00, 0x00, 0x00, 0x00,
  0x00, 0xd6, 0xdb, 0x00, 0x00, 0x00, 0x00, 0x00, 0x00, 0x00, 0x00, 0x1e,
  0x00, 0x00, 0xec, 0x00, 0x00, 0x00, 0x00, 0x00, 0x00, 0x00, 0x2c, 0x00,
  0x00, 0x00, 0x00, 0x00, 0x00, 0x00, 0x00, 0xd7, 0x00, 0x00, 0x00, 0x00,
  0x00, 0x00, 0x00, 0x00, 0x00, 0x00, 0x00, 0xd4, 0x00, 0x00, 0x00, 0x00,
  0x2a, 0x00, 0x00, 0x00, 0x00, 0x00, 0xfa, 0xcf, 0x00, 0x00, 0xeb, 0x00,
  0xf6, 0x00, 0x00, 0x00, 0xe2, 0x00, 0x3f, 0xec, 0x00, 0x00, 0x00, 0x00,
  0x00, 0x00, 0x00, 0x00, 0xf6, 0x00, 0x00, 0x00, 0x00, 0x00, 0x00, 0x00,
  0x00, 0x00, 0x00, 0x00, 0x00, 0x00, 0x00, 0x00, 0x00, 0x00, 0x00, 0x00,
  0x25, 0x00, 0x00, 0x00, 0x00, 0x00, 0x00, 0xda, 0x00, 0x00, 0x00, 0x00,
  0x00, 0x00, 0x18, 0xe7, 0x00, 0xd2, 0x00, 0x00, 0x00, 0x00, 0x00, 0xcf,
  0x00, 0x00, 0x00, 0x00, 0x00, 0x00, 0x26, 0x00, 0x00, 0x00, 0xe7, 0x00,
  0x00, 0x00, 0x00, 0x00, 0x00, 0xda, 0x00, 0x00, 0x00, 0x00, 0x00, 0xcb,
  0x00, 0x00, 0x00, 0x00, 0x00, 0x00, 0x2a, 0xec, 0x00, 0x00, 0x00, 0x00,
  0x00, 0x00, 0x00, 0x00, 0x00, 0xd8, 0x00, 0x00, 0x00, 0x00, 0x00, 0x00,
  0x00, 0x00, 0x00, 0x00, 0x00, 0x00, 0x00, 0x00, 0x00, 0x00, 0x00, 0x00,
  0x00, 0x00, 0xcd, 0x00, 0x00, 0x00, 0x00, 0xe9, 0xd8, 0x00, 0xd5, 0x00,
  0x00, 0xee, 0xde, 0x00, 0x00, 0x00, 0x00, 0xf3, 0xde, 0x00, 0xd4, 0x00,
  0x00, 0x00, 0x00, 0x00, 0x00, 0x00, 0x35, 0x00, 0xd4, 0x00, 0x00, 0x00,
  0x00, 0x00, 0x00, 0x00, 0x00, 0x00, 0x00, 0x00, 0xe0, 0x00, 0xd8, 0x00,
  0x23, 0x00, 0xd7, 0x00, 0x00, 0x17, 0x00, 0x00, 0xdf, 0x00, 0x00, 0x1a,
  0x00, 0xf9, 0x00, 0x00, 0x00, 0x17, 0x00, 0x00, 0x00, 0x00, 0x00, 0x1a,
  0x00, 0xfb, 0xcd, 0xf0, 0x00, 0x2b, 0x00, 0x00, 0xd8, 0x00, 0x00, 0x1d,
  0x34, 0x00, 0x00, 0x00, 0x00, 0x00, 0xe7, 0xdb, 0x00, 0x00, 0x00, 0x2b,
  0x00, 0x00, 0x00, 0x00, 0x00, 0x00, 0x00, 0xd9, 0x00, 0x00, 0x00, 0x00,
  0x00, 0x00, 0x00, 0x00, 0xcc, 0x00, 0x00, 0x00, 0x00, 0x00, 0xd6, 0x00,
  0x00, 0x00, 0x00, 0x00, 0x00, 0x00, 0x00, 0xd0, 0x00, 0x00, 0x00, 0x2d,
  0x2d, 0xd0, 0x00, 0x00, 0xd4, 0x00, 0x00, 0xe2, 0x00, 0x00, 0xdf, 0x00,
  0x00, 0x00, 0x00, 0x00, 0x00, 0x00, 0x00, 0xd2, 0x0c, 0x00, 0x00, 0x00,
  0x00, 0xa9, 0x13, 0x00, 0x00, 0x00, 0x00, 0xb4, 0x00, 0x00, 0x00, 0xe5,
  0x00, 0xc5, 0xf0, 0x00, 0x00, 0x00, 0x25, 0xd8, 0x00, 0x00, 0x00, 0x00,
  0x00, 0x00, 0x00, 0x00, 0xe3, 0x00, 0x00, 0xc3, 0x00, 0x00, 0x00, 0x00,
  0x00, 0xd4, 0x00, 0x00, 0xe1, 0x00, 0x00, 0xcf, 0x00, 0x00, 0x00, 0x00,
  0x00, 0xcb, 0x00, 0x00, 0x00, 0x00, 0x00, 0xc7, 0x00, 0x26, 0x00, 0x00,
  0x00, 0x00, 0x00, 0x00, 0x00, 0x00, 0x00, 0xe0, 0xe5, 0x00, 0x00, 0x00,
  0x26, 0xce, 0xed, 0x00, 0x00, 0x00, 0x00, 0xd3, 0x00, 0x00, 0x00, 0x1b,
  0x00, 0x00, 0x00, 0x00, 0x00, 0x00, 0x00, 0x00, 0xd0, 0x00, 0x00, 0x00,
  0x00, 0xd5, 0x00, 0x00, 0x00, 0x00, 0x00, 0x00, 0x00, 0x00, 0x00, 0x00,
  0x00, 0x00, 0x00, 0x00, 0x00, 0x00, 0x00, 0x00, 0x00, 0x00, 0x00, 0x1c,
  0x00, 0x00, 0x00, 0x00, 0x00, 0x00, 0x2a, 0x00, 0x00, 0x00, 0x00, 0x00,
  0x00, 0xc6, 0xcc, 0x00, 0x00, 0x00, 0x00, 0x00, 0x00, 0x00, 0x2b, 0x00,
  0x00, 0x00, 0x00, 0x00, 0x00, 0x00, 0xf7, 0x00, 0x00, 0x00, 0x32, 0x00,
  0x00, 0x00, 0x00, 0x00, 0x02, 0x00, 0x00, 0x00, 0x00, 0x00, 0x0b, 0x00,
  0x00, 0x00, 0x00, 0x00, 0xfe, 0xf3, 0x00, 0x00, 0x00, 0x00, 0x08, 0xfa,
  0x00, 0x00, 0x06, 0x00, 0xe9, 0x02, 0x00, 0xd4, 0xfa, 0x00, 0xff, 0x00,
  0xed, 0xe9, 0x03, 0xc4, 0x07, 0x00, 0xdd, 0xed, 0xff, 0xbe, 0xee, 0x00,
  0xd6, 0x00, 0x00, 0x00, 0xf9, 0x00, 0x00, 0x00, 0x00, 0xc5, 0x00, 0x00,
  0x00, 0x00, 0x00, 0x00, 0x00, 0x00, 0x00, 0x00, 0x00, 0x00, 0x00, 0x00,
  0x00, 0x2a, 0x00, 0xc9, 0x00, 0x00, 0xdb, 0x1c, 0x00, 0xba, 0x00, 0x04,
  0x00, 0x1c, 0x00, 0xc1, 0x00, 0x00, 0x00, 0x00, 0x00, 0x00, 0x00, 0x00,
  0xd7, 0x00, 0x00, 0x00, 0x00, 0x00, 0x00, 0x00, 0x00, 0xcc, 0x00, 0x00,
  0x00, 0x00, 0x00, 0x00, 0x00, 0xb4, 0xd7, 0x00, 0x00, 0xb3, 0xf3, 0xb2,
  0x00, 0x00, 0x00, 0xb2, 0x00, 0xad, 0xd9, 0x00, 0x00, 0x00, 0xf0, 0x00,
  0x00, 0x00, 0x00, 0x00, 0x00, 0x00, 0xdd, 0x00, 0xf7, 0x00, 0x00, 0xb9,
  0xcc, 0x00, 0x00, 0xc1, 0x00, 0x00, 0xd0, 0x37, 0xb8, 0xc7, 0x00, 0x00,
  0x00, 0x31, 0xcd, 0x00, 0x00, 0x00, 0x00, 0x00, 0x00, 0xc2, 0x00, 0x00,
  0xcd, 0x00, 0x00, 0x00, 0x00, 0x00, 0x00, 0x00, 0x00, 0xcc, 0x00, 0x00,
  0x00, 0x00, 0x00, 0x00, 0x00, 0xb7, 0xcb, 0x00, 0x00, 0x00, 0x00, 0x00,
  0x00, 0x00, 0x00, 0x00, 0x00, 0xae, 0x00, 0x00, 0x00, 0xd4, 0x00, 0x00,
  0x13, 0x00, 0xc8, 0x00, 0xe7, 0x00, 0x00, 0x00, 0x00, 0x00, 0xdd, 0xb4,
  0x00, 0x00, 0x00, 0xd2, 0x00, 0x00, 0x00, 0x00, 0x00, 0xc7, 0x00, 0x00,
  0x0a, 0x1f, 0xbe, 0x00, 0x00, 0x00, 0x00, 0x00, 0x00, 0xcb, 0x00, 0x00,
  0x00, 0x12, 0x00, 0x00, 0x00, 0x00, 0x00, 0x00, 0x00, 0xc9, 0x00, 0xc6,
  0xe1, 0x00, 0x00, 0xc0, 0x1b, 0xcc, 0x00, 0x00, 0x00, 0x00, 0x1c, 0xcb,
  0x00, 0x00, 0x00, 0x00, 0x00, 0xc8, 0x06, 0x00, 0x00, 0x00, 0x1e, 0xc0,
  0x00, 0x00, 0x00, 0x00, 0x00, 0xcc, 0x00, 0x00, 0xcf, 0x00, 0x22, 0xcc,
  0x00, 0x0f, 0xd3, 0x00, 0x00, 0x00, 0x00, 0x0d, 0x00, 0xf6, 0x00, 0x00,
  0x00, 0x00, 0x00, 0x00, 0x00, 0x00, 0x00, 0x00, 0xdf, 0xfc, 0xee, 0x00,
  0x00, 0x00, 0xdc, 0x00, 0x00, 0xc8, 0x00, 0x00, 0xd9, 0x00, 0x00, 0x00,
  0x00, 0x00, 0xe2, 0x00, 0xf5, 0x00, 0x00, 0x00, 0x00, 0xc2, 0x00, 0x00,
  0x00, 0x00, 0xd2, 0xf5, 0x00, 0x00, 0x00, 0x00, 0x00, 0x00, 0xf6, 0x00,
  0x00, 0x00, 0x00, 0x00, 0x00, 0xc7, 0xdf, 0x00, 0xda, 0x00, 0x00, 0x00,
  0xd7, 0x2a, 0xdd, 0x00, 0x00, 0x00, 0x00, 0x00, 0xbb, 0x00, 0x00, 0x00,
  0x0a, 0x00, 0x00, 0xb9, 0x00, 0x00, 0x00, 0xdf, 0x00, 0x00, 0x00, 0x00,
  0x00, 0x00, 0x00, 0x00, 0x00, 0xc8, 0x00, 0x00, 0xcb, 0x00, 0x00, 0xc8,
  0xd4, 0xd8, 0x00, 0x00, 0x00, 0x00, 0x00, 0x00, 0x00, 0x00, 0x00, 0xb5,
  0x00, 0x00, 0x00, 0x00, 0x00, 0xcd, 0x00, 0xd2, 0xb7, 0x00, 0x00, 0xc5,
  0x00, 0x00, 0xac, 0x00, 0x00, 0x00, 0x00, 0x00, 0xba, 0x00, 0x00, 0x00,
  0x00, 0x00, 0x00, 0x00, 0x00, 0x00, 0x10, 0x00, 0x00, 0x00, 0x00, 0xc6,
  0x00, 0x00, 0x00, 0xf2, 0x00, 0x00, 0x00, 0x00, 0x00, 0xc5, 0x00, 0x00,
  0x00, 0x00, 0x00, 0xc2, 0x00, 0xc4, 0x00, 0x00, 0x00, 0x00, 0x00, 0xcb,
  0x00, 0x00, 0x00, 0x00, 0x00, 0xb9, 0x00, 0xc2, 0x00, 0x00, 0x00, 0xc8,
  0x00, 0x00, 0x00, 0x00, 0x00, 0xc0, 0x00, 0x00, 0x00, 0x00, 0x00, 0xcf,
  0x00, 0x00, 0x00, 0x00, 0x00, 0xca, 0xd0, 0x00, 0xcf, 0x00, 0x00, 0x00,
  0xdd, 0x00, 0xc9, 0x00, 0x00, 0x00, 0x00, 0x00, 0xd5, 0x00, 0x00, 0x00,
  0x00, 0x00, 0x00, 0x00, 0x00, 0xc1, 0x00, 0x00, 0x00, 0x00, 0x00, 0x00,
  0x00, 0x00, 0xe3, 0x00, 0x00, 0xbe, 0x00, 0x00, 0xd1, 0xc2, 0x00, 0xaa,
  0x00, 0xe3, 0x00, 0xbd, 0x00, 0x00, 0x00, 0x00, 0x00, 0x00, 0x00, 0xb3,
  0x00, 0x00, 0x00, 0x00, 0x00, 0xb4, 0x00, 0x00, 0x00, 0x00, 0x00, 0x00,
  0x00, 0x00, 0x00, 0xc5, 0x00, 0x00, 0x00, 0x00, 0x00, 0x00, 0x00, 0x00,
  0xd6, 0x00, 0xac, 0xc8, 0x00, 0x00, 0x00, 0x00, 0xba, 0xc9, 0x37, 0x00,
  0x00, 0x00, 0x00, 0x00, 0x3e, 0x00, 0x00, 0x00, 0x00, 0x00, 0x00, 0x00,
  0x00, 0x00, 0x00, 0x00, 0x00, 0x00, 0x00, 0x00, 0x00, 0x00, 0x00, 0x00,
  0x00, 0x00, 0x00, 0x00, 0x00, 0x00, 0x00, 0x00, 0x00, 0x00, 0x00, 0x00,
  0x00, 0x00, 0x00, 0xf0, 0xff, 0x00, 0x00, 0x00, 0x00, 0x00, 0x00, 0x00,
  0x00, 0x00, 0x00, 0x00, 0x11, 0x00, 0x00, 0xd5, 0x00, 0x00, 0xff, 0x28,
  0xf9, 0xcf, 0x00, 0x00, 0x00, 0x00, 0x09, 0xc9, 0x00, 0x00, 0x03, 0x00,
  0x00, 0x00, 0xd3, 0x00, 0x00, 0x00, 0xff, 0x00, 0xe2, 0x27, 0x00, 0x00,
  0xfa, 0x00, 0x00, 0x00, 0x00, 0x00, 0x00, 0x00, 0x00, 0x00, 0x00, 0x2b,
  0x00, 0x00, 0x00, 0x00, 0x00, 0x00, 0x00, 0x00, 0x00, 0x00, 0x00, 0x25,
  0x00, 0xe9, 0x00, 0x00, 0x00, 0x1e, 0x00, 0x00, 0x08, 0x00, 0x00, 0x00,
  0x00, 0x00, 0xf6, 0x00, 0xba, 0x00, 0x00, 0x00, 0x00, 0x00, 0x00, 0x1b,
  0x00, 0x00, 0x00, 0x00, 0xb6, 0x00, 0x00, 0xf1, 0x00, 0x00, 0xc1, 0x00,
  0x00, 0xfa, 0x2e, 0x2a, 0x00, 0x39, 0x00, 0x00, 0x00, 0x00, 0xc4, 0x18,
  0x00, 0x00, 0x00, 0x00, 0xc9, 0x17, 0x00, 0x00, 0x1d, 0x00, 0x00, 0x00,
  0x00, 0xf3, 0x00, 0x00, 0x00, 0x00, 0x00, 0x00, 0x00, 0x00, 0x00, 0x00,
  0x00, 0x00, 0x00, 0x00, 0x00, 0x00, 0xfb, 0x00, 0x00, 0x00, 0x00, 0x00,
  0x00, 0x00, 0x16, 0x00, 0xb9, 0x00, 0x00, 0x00, 0x00, 0x00, 0x00, 0x00,
  0x00, 0xd5, 0x17, 0x00, 0xb5, 0x00, 0x04, 0xc8, 0x2b, 0x00, 0x00, 0x00,
  0x00, 0xb0, 0x2a, 0x00, 0x00, 0x00, 0x00, 0xd5, 0x25, 0x00, 0x00, 0x00,
  0x00, 0xdf, 0x00, 0x00, 0x00, 0x00, 0x00, 0xd6, 0x00, 0x00, 0x00, 0x00,
  0xfe, 0x00, 0x00, 0x00, 0x00, 0x00, 0x00, 0x00, 0x00, 0x00, 0xff, 0x00,
  0x00, 0x00, 0x22, 0x00, 0x00, 0x00, 0x00, 0x00, 0x00, 0x35, 0x00, 0x00,
  0x00, 0x00, 0x00, 0x00, 0x15, 0x00, 0x00, 0x00, 0x00, 0x00, 0xfb, 0x00,
  0x00, 0x00, 0x00, 0x00, 0x00, 0x00, 0x00, 0xcf, 0x00, 0x00, 0x04, 0x00,
  0x00, 0x00, 0x00, 0x32, 0x00, 0x00, 0x00, 0x00, 0xf6, 0x00, 0x00, 0x00,
  0xec, 0x00, 0xf1, 0x00, 0x00, 0x00, 0xfc, 0x00, 0x04, 0x00, 0x00, 0x10,
  0xec, 0x00, 0x00, 0x00, 0x00, 0x1e, 0x00, 0x00, 0x00, 0xe7, 0x00, 0x14,
  0x00, 0x00, 0x00, 0x00, 0x00, 0x10, 0xfe, 0x00, 0x00, 0x00, 0x00, 0x00,
  0xf2, 0xf3, 0x00, 0x00, 0x00, 0x00, 0x00, 0x00, 0x00, 0x00, 0xd6, 0x00,
  0x00, 0x00, 0x00, 0x00, 0x00, 0x18, 0x00, 0x00, 0x00, 0x2f, 0xd7, 0x00,
  0x00, 0x00, 0x00, 0x2d, 0x00, 0x00, 0x00, 0x00, 0x00, 0x00, 0x00, 0x00,
  0x00, 0xde, 0x00, 0x2a, 0xd5, 0x00, 0x00, 0xd7, 0x00, 0x00, 0x00, 0x00,
  0x00, 0xe4, 0x00, 0x00, 0xd6, 0x00, 0x00, 0x00, 0x00, 0x00, 0x00, 0xd5,
  0x00, 0xe7, 0x00, 0x00, 0xc7, 0x00, 0x00, 0x00, 0x17, 0x00, 0xcf, 0xde,
  0x00, 0x00, 0x1b, 0x00, 0x00, 0x00, 0x00, 0x00, 0x00, 0x00, 0xcf, 0x00,
  0x00, 0x00, 0x00, 0x00, 0x00, 0x00, 0x00, 0x00, 0x00, 0x38, 0x00, 0xe0,
  0x00, 0x00, 0x00, 0x00, 0x00, 0xdc, 0x00, 0x0c, 0x12, 0x00, 0x00, 0x00,
  0xf8, 0x00, 0x00, 0x00, 0x00, 0x00, 0x00, 0xda, 0x00, 0x00, 0x00, 0x00,
  0x00, 0x00, 0x09, 0x30, 0x00, 0x00, 0x00, 0x00, 0x00, 0x00, 0x00, 0x00,
  0x00, 0x00, 0x00, 0x00, 0x00, 0xef, 0x00, 0xe6, 0x00, 0x00, 0x00, 0x00,
  0x00, 0x00, 0x00, 0x00, 0x00, 0x00, 0x00, 0x00, 0x00, 0x00, 0x00, 0x00,
  0xfa, 0xcb, 0x00, 0x00, 0x01, 0x00, 0x00, 0x00, 0x00, 0x00, 0x00, 0xe4,
  0x00, 0x00, 0xd7, 0x00, 0x00, 0x00, 0x17, 0x00, 0x00, 0x00, 0x00, 0xe6,
  0x0e, 0xcf, 0x00, 0x00, 0x00, 0x00, 0x0e, 0xcd, 0x00, 0x00, 0x00, 0x00,
  0xf0, 0x00, 0xf8, 0x00, 0x00, 0x00, 0x00, 0x00, 0xe1, 0x00, 0x00, 0x1f,
  0xff, 0x00, 0xfc, 0x00, 0x00, 0x00, 0x02, 0x00, 0xf9, 0x00, 0xb3, 0x00,
  0x00, 0x00, 0x00, 0x00, 0x00, 0x00, 0x00, 0x00, 0x00, 0x00, 0x00, 0x00,
  0x00, 0x00, 0x00, 0x00, 0x00, 0x00, 0x00, 0x00, 0x00, 0x00, 0x00, 0x00,
  0x00, 0x00, 0x00, 0x00, 0x00, 0x00, 0x00, 0x1b, 0x00, 0x22, 0x00, 0x13,
  0x00, 0x00, 0x00, 0x00, 0xbe, 0x00, 0x00, 0x00, 0x00, 0x00, 0x00, 0x00,
  0x00, 0x00, 0x00, 0x00, 0x00, 0x00, 0x00, 0xf4, 0x00, 0x00, 0x00, 0x00,
  0x00, 0x00, 0x00, 0x00, 0x00, 0xdc, 0x00, 0x41, 0x00, 0x00, 0x00, 0x00,
  0x00, 0x00, 0x00, 0x12, 0xec, 0xd9, 0x00, 0x00, 0x00, 0x00, 0x00, 0x00,
  0x00, 0x00, 0x00, 0x00, 0x00, 0x00, 0xe8, 0x39, 0x00, 0x00, 0x00, 0x00,
  0x00, 0x49, 0x00, 0x00, 0x00, 0x00, 0x00, 0x00, 0x00, 0x00, 0x00, 0x00,
  0x00, 0x32, 0x00, 0x00, 0x00, 0xe0, 0x00, 0x3d, 0x00, 0x00, 0x00, 0x00,
  0x00, 0x00, 0x00, 0xd4, 0x00, 0xdf, 0x00, 0x00, 0x00, 0x00, 0x00, 0xd7,
  0x00, 0x00, 0x00, 0x00, 0x00, 0x00, 0x00, 0x00, 0x00, 0x00, 0x00, 0xdb,
  0x00, 0x00, 0xee, 0x00, 0x00, 0x00, 0x00, 0x00, 0x00, 0x00, 0x00, 0x00,
  0x00, 0xef, 0x00, 0x00, 0x00, 0xdc, 0xf4, 0x00, 0x00, 0x00, 0x00, 0xdb,
  0x00, 0x29, 0x00, 0x00, 0x00, 0x00, 0x00, 0x00, 0x00, 0x00, 0x00, 0x00,
  0xe0, 0x00, 0x00, 0x17, 0x00, 0x00, 0x00, 0x00, 0x00, 0x00, 0x00, 0x00,
  0x00, 0x00, 0xf1, 0x00, 0x00, 0x0c, 0x00, 0x00, 0x00, 0x00, 0x00, 0x00,
  0x00, 0x00, 0x00, 0x00, 0x00, 0x00, 0xf2, 0xf0, 0x00, 0x00, 0x00, 0x00,
  0xe5, 0x00, 0x00, 0x00, 0x00, 0x00, 0x00, 0x00, 0x00, 0x00, 0x00, 0x1a,
  0x00, 0x00, 0x00, 0x00, 0x00, 0x00, 0x00, 0x00, 0x00, 0x00, 0x00, 0x00,
  0x00, 0x00, 0x00, 0x00, 0x00, 0x00, 0x00, 0x00, 0x00, 0x00, 0x00, 0x00,
  0x00, 0x00, 0x00, 0x00, 0x00, 0x20, 0x00, 0x00, 0x00, 0x00, 0x00, 0x00,
  0x00, 0x00, 0x00, 0x00, 0x00, 0x00, 0x00, 0x00, 0x00, 0x00, 0x00, 0x00,
  0xf0, 0x00, 0x00, 0x00, 0x00, 0x26, 0xed, 0x00, 0x00, 0x00, 0x00, 0x1a,
  0x00, 0x00, 0x00, 0x00, 0x00, 0x00, 0x00, 0x00, 0x00, 0x00, 0x1f, 0x1f,
  0x00, 0x31, 0x00, 0x00, 0x00, 0x1d, 0x00, 0x2b, 0x00, 0x00, 0x1e, 0x00,
  0x00, 0x30, 0x00, 0x00, 0x00, 0x2b, 0x00, 0x00, 0x00, 0x00, 0x00, 0x00,
  0x00, 0x00, 0x00, 0x11, 0x00, 0x25, 0x00, 0x00, 0x33, 0x00, 0x22, 0x00,
  0xe7, 0x00, 0x00, 0x00, 0x00, 0x21, 0x00, 0x00, 0x2a, 0x00, 0x00, 0x00,
  0x00, 0x00, 0x00, 0x00, 0x00, 0x00, 0x00, 0x00, 0x00, 0x00, 0x00, 0x25,
  0x00, 0x00, 0x00, 0x00, 0x00, 0x00, 0x22, 0x00, 0x00, 0x00, 0xe5, 0x28,
  0x00, 0x00, 0x00, 0x00, 0xe3, 0x00, 0x00, 0xfb, 0x00, 0x00, 0x00, 0x2a,
  0x23, 0xe6, 0x1e, 0x00, 0x00, 0x00, 0x00, 0xfc, 0x00, 0x00, 0xe2, 0x27,
  0xf1, 0x00, 0x00, 0x00, 0x00, 0x00, 0x00, 0x00, 0x00, 0x00, 0x00, 0x00,
  0x00, 0x00, 0x00, 0x00, 0x00, 0x00, 0x00, 0x00, 0x00, 0x00, 0x00, 0x24,
  0x00, 0x00, 0x00, 0x1c, 0x1f, 0x00, 0x00, 0x00, 0x00, 0x00, 0x00, 0x00,
  0x00, 0x00, 0x00, 0x00, 0x00, 0x00, 0x00, 0xea, 0x00, 0x00, 0x00, 0x00,
  0x00, 0x00, 0x26, 0x17, 0x1f, 0x00, 0x00, 0x00, 0x00, 0x00, 0x00, 0x00,
  0x37, 0x00, 0x00, 0x00, 0x00, 0x00, 0x00, 0x00, 0x00, 0x00, 0x00, 0x00,
  0x00, 0x00, 0x00, 0x19, 0x00, 0x00, 0x00, 0x00, 0x00, 0x00, 0x00, 0x00,
  0x00, 0x00, 0x00, 0x00, 0x00, 0x00, 0x00, 0x00, 0x00, 0x00, 0x00, 0x00,
  0x00, 0x00, 0x00, 0x00, 0x24, 0x00, 0xf8, 0x00, 0x00, 0x14, 0x00, 0xe6,
  0x00, 0x00, 0x00, 0x00, 0x00, 0x00, 0x00, 0x00, 0x00, 0x00, 0x00, 0x00,
  0x00, 0x00, 0x00, 0x17, 0x00, 0x00, 0x00, 0x33, 0x00, 0x1b, 0x00, 0x00,
  0x00, 0x39, 0x00, 0x00, 0x00, 0x00, 0x00, 0x00, 0x00, 0x00, 0x00, 0x14,
  0x00, 0x00, 0x00, 0x00, 0x00, 0x13, 0x00, 0x00, 0x00, 0x00, 0x00, 0x10,
  0x00, 0x00, 0x00, 0x00, 0x00, 0x00, 0x00, 0x00, 0x00, 0x00, 0x00, 0x00,
  0x00, 0x00, 0x00, 0x00, 0x00, 0x00, 0x00, 0x00, 0x00, 0x26, 0x00, 0x00,
  0x00, 0x42, 0x00, 0x1e, 0x00, 0x00, 0x00, 0x00, 0x00, 0x21, 0x00, 0x00,
  0xe7, 0x00, 0x00, 0x1f, 0x00, 0x00, 0x00, 0x00, 0x00, 0x00, 0xf0, 0x16,
  0x00, 0x00, 0x00, 0x00, 0x00, 0x00, 0xee, 0x00, 0x00, 0x00, 0x00, 0x00,
  0xf5, 0x00, 0x00, 0x00, 0x00, 0x00, 0x00, 0x00, 0x00, 0x00, 0x00, 0x00,
  0x00, 0x00, 0xda, 0x00, 0x00, 0x00, 0x00, 0x00, 0x00, 0x00, 0xf7, 0x14,
  0x00, 0x00, 0x00, 0x00, 0x00, 0x00, 0xea, 0x00, 0x00, 0x00, 0x00, 0x00,
  0x00, 0x00, 0x00, 0x00, 0x00, 0x23, 0x00, 0x00, 0x00, 0x00, 0x00, 0x29,
  0x00, 0x00, 0xf0, 0x00, 0x00, 0x16, 0x00, 0x00, 0x00, 0x00, 0x00, 0x00,
  0x00, 0x00, 0x00, 0x2b, 0x00, 0x0d, 0x00, 0x00, 0x00, 0x30, 0x42, 0x00,
  0x00, 0x38, 0x00, 0x36, 0x41, 0x00, 0x00, 0x00, 0x00, 0x29, 0x00, 0x06,
  0x00, 0x00, 0x00, 0x00, 0x00, 0x00, 0x00, 0x00, 0x00, 0x25, 0x00, 0x00,
  0xc8, 0x00, 0x00, 0x00, 0x00, 0x00, 0x00, 0x00, 0x00, 0x00, 0x00, 0x00,
  0x00, 0x00, 0x00, 0x24, 0x00, 0xd4, 0xcc, 0x00, 0x00, 0x00, 0x00, 0x00,
  0x00, 0x00, 0x00, 0x2d, 0x00, 0x00, 0x00, 0x00, 0x00, 0x00, 0x00, 0x00,
  0x00, 0x00, 0x00, 0x28, 0x00, 0x00, 0x00, 0x00, 0x00, 0x00, 0x00, 0x00,
  0x00, 0x00, 0x00, 0x00, 0x00, 0x00, 0x00, 0x00, 0x00, 0x00, 0x46, 0x00,
  0x00, 0x00, 0x00, 0x00, 0x00, 0x00, 0x00, 0x00, 0x00, 0x00, 0x36, 0x00,
  0x00, 0x00, 0x00, 0x00, 0x00, 0xd9, 0x00, 0x00, 0x00, 0x00, 0x38, 0x00,
  0x00, 0x00, 0x00, 0x00, 0x00, 0xd4, 0xda, 0x00, 0x00, 0x00, 0x36, 0xe1,
  0x00, 0x00, 0x00, 0x00, 0x34, 0xd9, 0x00, 0x00, 0x00, 0x00, 0x00, 0xd5,
  0x00, 0x00, 0x00, 0x00, 0x00, 0x00, 0x00, 0x00, 0x00, 0x2b, 0x00, 0xe6,
  0x00, 0x00, 0xd3, 0x00, 0x00, 0x00, 0x00, 0x00, 0x00, 0x28, 0x00, 0x00,
  0x00, 0xf7, 0x00, 0x00, 0x00, 0x00, 0x00, 0x00, 0xee, 0x00, 0x00, 0x00,
  0x00, 0x00, 0xf0, 0x00, 0x00, 0x00, 0x00, 0x00, 0x00, 0x00, 0x00, 0x00,
  0x00, 0x00, 0xe6, 0x00, 0x00, 0x1a, 0xcf, 0x00, 0xcb, 0x2f, 0x00, 0x2d,
  0x00, 0x00, 0xe6, 0x00, 0x00, 0x20, 0x00, 0x00, 0xd9, 0x00, 0x00, 0x2a,
  0xbe, 0x00, 0xd1, 0x00, 0x00, 0x2e, 0x00, 0x00, 0xf1, 0x00, 0x00, 0x28,
  0x03, 0x00, 0x00, 0x00, 0x00, 0x00, 0x00, 0xe3, 0x00, 0x00, 0x00, 0x00,
  0x00, 0x00, 0x00, 0x00, 0x00, 0x1f, 0x00, 0x00, 0x00, 0x00, 0x00, 0x00,
  0x00, 0x00, 0x00, 0x00, 0x00, 0x23, 0x00, 0x00, 0x00, 0x00, 0x00, 0x00,
  0x00, 0x00, 0x00, 0x00, 0x00, 0x00, 0x00, 0x00, 0x00, 0x00, 0x00, 0x00,
  0x00, 0x00, 0x00, 0x00, 0x00, 0x1d, 0x00, 0x00, 0x00, 0x00, 0x00, 0x00,
  0x00, 0x00, 0x0d, 0x00, 0x00, 0x00, 0x00, 0x00, 0x00, 0x00, 0x00, 0x00,
  0x00, 0x00, 0x00, 0x00, 0x00, 0x00, 0x00, 0x00, 0x00, 0x00, 0x00, 0x00,
  0x00, 0x00, 0x0a, 0x00, 0x00, 0x00, 0x00, 0x00, 0x00, 0x00, 0x00, 0x13,
  0x00, 0x00, 0x00, 0x00, 0x00, 0x00, 0x00, 0x00, 0x00, 0x00, 0x00, 0x00,
  0x00, 0x00, 0x14, 0x00, 0x00, 0x00, 0xd7, 0x00, 0x00, 0x00, 0x31, 0x00,
  0x00, 0x00, 0x00, 0x00, 0x00, 0x00, 0x00, 0x00, 0x00, 0x00, 0x00, 0x00,
  0x00, 0xd3, 0x00, 0x00, 0x00, 0xd1, 0x00, 0x00, 0x00, 0x26, 0x00, 0x00,
  0x00, 0x00, 0x00, 0x00, 0x00, 0xc6, 0x00, 0xd7, 0x00, 0x00, 0x3c, 0xcc,
  0x00, 0x00, 0x00, 0x00, 0x00, 0x00, 0x0b, 0xe5, 0xe2, 0x18, 0x00, 0x00,
  0x00, 0xd9, 0x00, 0x00, 0x49, 0xcd, 0x00, 0xea, 0x00, 0x00, 0x00, 0x00,
  0x00, 0x00, 0xe9, 0x00, 0x00, 0x00, 0xd3, 0x00, 0xe8, 0x00, 0x00, 0xd0,
  0x00, 0x00, 0x00, 0x00, 0x00, 0xcd, 0x00, 0x00, 0x00, 0x00, 0x00, 0x00,
  0xc6, 0x00, 0x00, 0x00, 0x00, 0x00, 0x00, 0x34, 0x00, 0x00, 0x00, 0x00,
  0x00, 0x00, 0x00, 0x00, 0x60, 0x00, 0xda, 0x00, 0x00, 0x00, 0x00, 0x00,
  0x00, 0x00, 0x00, 0x00, 0x5d, 0x00, 0x00, 0x28, 0x00, 0x00, 0x6a, 0x00,
  0x00, 0x00, 0x00, 0x00, 0x53, 0x00, 0x00, 0x00, 0x00, 0x00, 0x00, 0x00,
  0x00, 0x41, 0x00, 0x00, 0x00, 0xc9, 0x00, 0x00, 0x00, 0x1d, 0x00, 0x00,
  0x00, 0x00, 0xbc, 0x00, 0x00, 0x00, 0x00, 0x00, 0x00, 0x00, 0x00, 0x00,
  0x00, 0x00, 0x00, 0x00, 0x00, 0xd7, 0x00, 0x00, 0x00, 0x00, 0x00, 0x00,
  0x00, 0x00, 0x00, 0x1d, 0x00, 0x00, 0x00, 0x00, 0x00, 0x00, 0x00, 0x00,
  0x00, 0x00, 0x00, 0x00, 0x00, 0x00, 0x00, 0x00, 0xd4, 0x00, 0x00, 0x00,
  0x00, 0x00, 0x00, 0x00, 0x00, 0x00, 0x00, 0x2d, 0xc0, 0x00, 0x00, 0x2d,
  0xe0, 0x00, 0x00, 0x00, 0x1d, 0x00, 0xcf, 0x2e, 0xcf, 0x00, 0x00, 0x00,
  0x00, 0x45, 0x00, 0x00, 0x00, 0x00, 0x00, 0x00, 0xde, 0x00, 0x00, 0x38,
  0x00, 0x00, 0x00, 0x19, 0x00, 0x23, 0x00, 0x3a, 0xe9, 0x00, 0x00, 0x21,
  0x00, 0x00, 0x00, 0x00, 0xe4, 0x00, 0x00, 0x00, 0x00, 0x00, 0x00, 0x00,
  0x00, 0x00, 0x00, 0x00, 0x00, 0x00, 0x00, 0x00, 0x00, 0x00, 0xe3, 0x00,
  0x00, 0x00, 0x00, 0x00, 0x00, 0x00, 0x27, 0x00, 0x00, 0x00, 0x00, 0x00,
  0x00, 0xef, 0x00, 0x00, 0x00, 0x00, 0x00, 0x00, 0x00, 0x00, 0x00, 0x00,
  0x00, 0x00, 0xdf, 0xfe, 0x00, 0x00, 0x00, 0x00, 0x00, 0x00, 0x00, 0x00,
  0x00, 0x00, 0x00, 0x00, 0x00, 0x00, 0x29, 0x00, 0xd3, 0x00, 0x00, 0x00,
  0x00, 0x00, 0xc5, 0x00, 0x00, 0x00, 0x00, 0x00, 0x00, 0x00, 0x00, 0x00,
  0x00, 0x00, 0x00, 0x00, 0x00, 0x00, 0x1e, 0xef, 0x00, 0x00, 0x00, 0x00,
  0x00, 0xee, 0x00, 0x00, 0x00, 0x00, 0x00, 0xf6, 0x00, 0x00, 0x00, 0x00,
  0x00, 0x00, 0x00, 0x00, 0xde, 0x00, 0x00, 0x00, 0xc0, 0x00, 0x00, 0x00,
  0x24, 0xe0, 0xc5, 0x00, 0xe2, 0x00, 0x00, 0x00, 0xcd, 0x00, 0x00, 0x00,
  0x00, 0x00, 0x00, 0x00, 0x00, 0x12, 0x11, 0xe9, 0xe8, 0x00, 0x00, 0x00,
  0xe0, 0xd3, 0x00, 0x00, 0x00, 0x00, 0x00, 0x00, 0x00, 0x00, 0x00, 0x00,
  0x24, 0x00, 0x00, 0x00, 0x00, 0x00, 0x00, 0xe2, 0x00, 0x00, 0xe4, 0x00,
  0x1f, 0x00, 0x00, 0x00, 0xdb, 0x00, 0x00, 0xd7, 0x00, 0x00, 0x00, 0x1d,
  0x00, 0x00, 0x00, 0x00, 0xdd, 0x00, 0x24, 0xd9, 0x00, 0x00, 0x00, 0x16,
  0x18, 0xcb, 0xd9, 0xfa, 0xd5, 0x00, 0x00, 0x00, 0x00, 0x00, 0x00, 0x00,
  0x00, 0x00, 0x00, 0x00, 0x00, 0x00, 0x23, 0xe0, 0x00, 0x00, 0x00, 0x00,
  0x1d, 0xd7, 0x00, 0x00, 0x00, 0x00, 0x00, 0xe6, 0x00, 0x30, 0x00, 0x00,
  0x00, 0x00, 0x00, 0x00, 0xd8, 0x00, 0x00, 0x00, 0x00, 0x00, 0xd0, 0x00,
  0x00, 0x00, 0x00, 0x00, 0x00, 0x00, 0x00, 0x00, 0x00, 0x00, 0x00, 0x00,
  0x00, 0x00, 0x00, 0x00, 0xc1, 0x00, 0x33, 0x00, 0x00, 0x00, 0xd3, 0x00,
  0x00, 0xdd, 0x00, 0x00, 0xdb, 0x00, 0x00, 0xdd, 0x00, 0x00, 0x00, 0x00,
  0x00, 0xe2, 0x00, 0x00, 0x00, 0xe7, 0x00, 0x00, 0x00, 0x00, 0x00, 0x00,
  0x00, 0x00, 0x00, 0x00, 0x00, 0x00, 0x00, 0x00, 0x00, 0x00, 0x00, 0x00,
  0x2c, 0x00, 0x00, 0x00, 0xc7, 0x00, 0x00, 0x00, 0x00, 0x33, 0xcd, 0x00,
  0x00, 0x00, 0x00, 0x00, 0x00, 0x00, 0x00, 0x33, 0x00, 0x00, 0x00, 0x33,
  0xe9, 0x00, 0x00, 0x00, 0x00, 0x00, 0x00, 0x00, 0x00, 0x00, 0x00, 0x00,
  0x1e, 0xe4, 0x00, 0x00, 0x00, 0x00, 0x00, 0xe5, 0x00, 0x00, 0x00, 0x00,
  0x00, 0x00, 0x00, 0x00, 0x00, 0x00, 0x00, 0xd8, 0x00, 0x00, 0x00, 0x00,
  0xe8, 0xce, 0x00, 0x00, 0x00, 0x00, 0x00, 0xe8, 0x25, 0x00, 0x00, 0x00,
  0x1e, 0xe2, 0x00, 0x00, 0x00, 0x00, 0x00, 0x00, 0x00, 0x00, 0x00, 0x00,
  0x3c, 0x00, 0x00, 0x00, 0x00, 0x27, 0x00, 0x00, 0x00, 0x00, 0x00, 0x00,
  0x00, 0x00, 0x00, 0x00, 0xd4, 0x00, 0x25, 0xd9, 0x00, 0x00, 0x00, 0x00,
  0x00, 0xd1, 0x34, 0x00, 0xd2, 0x00, 0x00, 0x00, 0x2c, 0x00, 0x00, 0x00,
  0x00, 0x00, 0x00, 0x00, 0x00, 0x00, 0x00, 0xdf, 0x00, 0x00, 0x00, 0x00,
  0x00, 0xe4, 0x00, 0x30, 0x00, 0x00, 0x00, 0x00, 0x00, 0x00, 0x0e, 0x00,
  0x18, 0x00, 0x00, 0x00, 0x00, 0x00, 0x00, 0xe0, 0x00, 0x00, 0x0e, 0x00,
  0x00, 0xea, 0x00, 0x00, 0x00, 0x00, 0x00, 0x00, 0x00, 0x00, 0x00, 0x00,
  0x00, 0x00, 0x00, 0x00, 0x00, 0x00, 0x26, 0xfb, 0x00, 0x00, 0x00, 0x00,
  0xd0, 0x00, 0x00, 0x00, 0x00, 0x00, 0x00, 0x00, 0x00, 0x00, 0x00, 0x00,
  0x14, 0xe1, 0xef, 0x00, 0x00, 0x00, 0x00, 0xdb, 0x00, 0x00, 0x00, 0x00,
  0x00, 0x00, 0x00, 0x00, 0x00, 0x00, 0xe1, 0x00, 0x00, 0x00, 0x00, 0x00,
  0x00, 0x00, 0x00, 0x00, 0x00, 0x14, 0x00, 0xce, 0x00, 0x00, 0x00, 0x1f,
  0x00, 0x00, 0x00, 0x00, 0x00, 0x17, 0x00, 0x00, 0x00, 0x00, 0x00, 0x00,
  0xf5, 0x00, 0x00, 0x00, 0x00, 0x00, 0x11, 0x00, 0x00, 0x00, 0x00, 0x15,
  0x00, 0xd9, 0x00, 0x00, 0x00, 0x00, 0xe5, 0x00, 0x00, 0x00, 0x00, 0x1b,
  0x00, 0x00, 0x00, 0x00, 0x00, 0x00, 0x00, 0xd6, 0x00, 0x00, 0x00, 0x16,
  0xde, 0xe8, 0x00, 0x00, 0x00, 0x00, 0x00, 0x00, 0x00, 0x00, 0x00, 0x00,
  0x00, 0x00, 0x00, 0x00, 0xe7, 0x00, 0x00, 0x00, 0x00, 0x00, 0x00, 0x00,
  0x00, 0x00, 0x00, 0x00, 0x9a, 0x00, 0x00, 0xc0, 0x00, 0x00, 0xb4, 0xce,
  0x00, 0xd3, 0x00, 0x00, 0xb3, 0x00, 0x00, 0x00, 0x00, 0x00, 0x00, 0x00,
  0x00, 0x00, 0x00, 0x00, 0x00, 0x00, 0x00, 0x00, 0x00, 0xc2, 0xd2, 0x00,
  0x00, 0x00, 0x00, 0x00, 0xc2, 0x00, 0x00, 0x00, 0x00, 0xc4, 0xd0, 0x00,
  0x00, 0x00, 0x00, 0xc4, 0xd6, 0x00, 0x00, 0xc7, 0x00, 0x00, 0xde, 0xd3,
  0x00, 0x00, 0x00, 0x00, 0xd5, 0x00, 0x00, 0x00, 0x00, 0xbc, 0xce, 0x00,
  0x00, 0x00, 0x00, 0x00, 0xd5, 0x00, 0x00, 0x00, 0x00, 0xb9, 0xba, 0xcb,
  0xbc, 0xd2, 0x00, 0xcb, 0xc9, 0xe1, 0xc4, 0x00, 0x00, 0x00, 0xc1, 0xd5,
  0x00, 0x00, 0x00, 0x00, 0xc4, 0xe5, 0x00, 0x00, 0x00, 0xcc, 0x00, 0x00,
  0x00, 0x00, 0x00, 0x00, 0xb5, 0x00, 0x00, 0x00, 0x00, 0x00, 0x00, 0x00,
  0x00, 0x00, 0x00, 0x00, 0x00, 0xe5, 0x00, 0x00, 0x00, 0xcb, 0x00, 0xeb,
  0x00, 0x00, 0x1c, 0xcc, 0x00, 0x00, 0xd0, 0x00, 0x00, 0x00, 0x00, 0x00,
  0x00, 0x00, 0x00, 0x00, 0x00, 0x00, 0x00, 0x00, 0x00, 0x00, 0x00, 0xeb,
  0x00, 0x00, 0x00, 0x00, 0x00, 0x00, 0x00, 0x00, 0x00, 0x00, 0x00, 0xde,
  0x00, 0x00, 0x00, 0x00, 0x00, 0xdf, 0x00, 0xcc, 0x00, 0x09, 0x00, 0x00,
  0x00, 0x00, 0x00, 0x00, 0x00, 0xe4, 0x00, 0x00, 0x00, 0x00, 0x00, 0x00,
  0x00, 0x00, 0x00, 0x00, 0x00, 0xea, 0x00, 0x00, 0x00, 0xd9, 0xb1, 0x00,
  0x00, 0x00, 0x3a, 0x00, 0xb6, 0xdb, 0x00, 0x00, 0x3a, 0x00, 0xab, 0xd5,
  0x00, 0xd2, 0x00, 0x00, 0x00, 0xd3, 0x00, 0xc8, 0x00, 0x00, 0x00, 0xde,
  0x00, 0xd6, 0x00, 0x0c, 0x00, 0xd3, 0x00, 0x00, 0x00, 0x00, 0x00, 0x00,
  0x00, 0x00, 0x00, 0x00, 0xba, 0x00, 0x00, 0x00, 0x00, 0x00, 0xb3, 0x00,
  0x00, 0x00, 0x00, 0x00, 0x00, 0x00, 0x00, 0x00, 0x00, 0x11, 0x00, 0x00,
  0x00, 0x00, 0x00, 0x00, 0x00, 0xd2, 0x00, 0x00, 0x00, 0x00, 0x00, 0x00,
  0xbf, 0x00, 0x00, 0x00, 0xb8, 0x00, 0x00, 0x00, 0x2e, 0x00, 0x00, 0x00,
  0x00, 0x00, 0x00, 0x00, 0xbc, 0x00, 0xb2, 0x00, 0x00, 0x00, 0xb1, 0x00,
  0xb3, 0x00, 0x00, 0x00, 0xb2, 0x00, 0xb1, 0x00, 0x00, 0x12, 0xba, 0x00,
  0x00, 0x00, 0x00, 0x00, 0x00, 0x00, 0x00, 0x00, 0x00, 0x00, 0xb1, 0x00,
  0xc4, 0x00, 0x00, 0x00, 0xb6, 0x00, 0x00, 0x00, 0x00, 0x00, 0xbc, 0x00,
  0x00, 0xc1, 0x00, 0x00, 0xc2, 0x00, 0x00, 0xca, 0x00, 0xdc, 0x00, 0x00,
  0x00, 0xb5, 0x2e, 0xe0, 0xc6, 0x00, 0xc9, 0xbd, 0x00, 0xdb, 0x00, 0x00,
  0xbf, 0x00, 0x00, 0xe0, 0x00, 0x00, 0x00, 0xd2, 0x02, 0xdd, 0x00, 0x00,
  0x00, 0xd9, 0x00, 0xdb, 0xd5, 0x00, 0x00, 0x00, 0x00, 0x00, 0x00, 0x00,
  0x00, 0x00, 0x00, 0x00, 0x00, 0x00, 0x00, 0x00, 0x00, 0x00, 0x00, 0x00,
  0x00, 0x00, 0x00, 0xdb, 0x00, 0x00, 0x00, 0x00, 0x00, 0xd2, 0x00, 0x00,
  0x00, 0x00, 0x00, 0x00, 0xe4, 0x00, 0x00, 0xbc, 0x00, 0x00, 0xef, 0x00,
  0x00, 0x00, 0x00, 0x00, 0x00, 0x00, 0xd5, 0x00, 0x00, 0x00, 0xda, 0xbf,
  0x00, 0x00, 0x00, 0x00, 0xd9, 0x00, 0x00, 0xdc, 0x00, 0x00, 0xcb, 0x00,
  0x00, 0xd8, 0x0f, 0x0d, 0xe3, 0x00, 0x00, 0xdf, 0x00, 0x00, 0x00, 0xc2,
  0x00, 0x00, 0x00, 0x00, 0xd9, 0xd4, 0x00, 0x00, 0x00, 0x00, 0xc0, 0x00,
  0x00, 0x00, 0x00, 0x00, 0xc4, 0x00, 0x00, 0x00, 0x00, 0x00, 0xd1, 0x00,
  0x00, 0x00, 0x00, 0x00, 0x00, 0xd5, 0x00, 0x00, 0x00, 0x00, 0x00, 0xd6,
  0xd4, 0x00, 0x00, 0x00, 0x00, 0xd4, 0x00, 0x00, 0x0d, 0x00, 0x00, 0x00,
  0x00, 0xd4, 0x07, 0x00, 0x02, 0x00, 0xd3, 0xd4, 0x09, 0x00, 0x00, 0x00,
  0x00, 0x00, 0x16, 0x00, 0xff, 0xc8, 0x00, 0xd3, 0x00, 0x00, 0x00, 0xe9,
  0x00, 0x00, 0x00, 0x00, 0x00, 0xd8, 0x00, 0x00, 0x00, 0x00, 0x00, 0x00,
  0x00, 0x00, 0x00, 0x00, 0x00, 0xd6, 0x00, 0x00, 0x00, 0xf3, 0x00, 0xe9,
  0x00, 0xcb, 0x00, 0x00, 0x00, 0xc5, 0x00, 0xc4, 0x27, 0x00, 0x00, 0xdd,
  0x00, 0xde, 0x00, 0x00, 0x00, 0xdf, 0x00, 0xd0, 0x00, 0x00, 0x00, 0xe4,
  0x00, 0xdf, 0x00, 0x00, 0x00, 0xc9, 0x00, 0xec, 0x00, 0x00, 0x00, 0xd6,
  0x00, 0x00, 0x00, 0x00, 0x00, 0xd5, 0x00, 0x00, 0x00, 0x3f, 0x00, 0x00,
  0x00, 0x00, 0x2b, 0x00, 0xec, 0x00, 0x00, 0x00, 0x00, 0x00, 0xf4, 0x00,
  0x00, 0x00, 0x24, 0x26, 0xe6, 0x00, 0x00, 0x00, 0x00, 0x1f, 0x00, 0xd9,
  0x00, 0x00, 0x00, 0x00, 0x00, 0x00, 0xe9, 0x00, 0x00, 0x00, 0x00, 0x00,
  0x00, 0x00, 0x00, 0x20, 0xe0, 0x00, 0x00, 0x00, 0x00, 0x1c, 0x00, 0x00,
  0x00, 0xcc, 0x00, 0x00, 0xfa, 0x00, 0x00, 0x00, 0x00, 0x00, 0xe8, 0x00,
  0x00, 0x00, 0x00, 0x00, 0xf5, 0x00, 0xdf, 0x00, 0xe4, 0x00, 0x00, 0x00,
  0x00, 0x00, 0xef, 0x00, 0xf5, 0x00, 0x00, 0x00, 0x00, 0x00, 0xfb, 0x00,
  0x00, 0x00, 0x00, 0x00, 0x00, 0x00, 0x00, 0x00, 0x16, 0x00, 0x00, 0x00,
  0xc5, 0x00, 0x00, 0x00, 0x00, 0x00, 0x00, 0x00, 0x00, 0x00, 0x00, 0x00,
  0x00, 0xc7, 0x00, 0x26, 0x00, 0x00, 0x00, 0xc9, 0x00, 0x00, 0x00, 0xde,
  0x00, 0x00, 0xea, 0x00, 0x00, 0xe2, 0xe3, 0x00, 0x00, 0x00, 0x00, 0x00,
  0x00, 0x00, 0x00, 0x00, 0x00, 0xe3, 0xdf, 0x00, 0x00, 0x00, 0x00, 0x1a,
  0xe3, 0x00, 0x00, 0x00, 0x00, 0x00, 0x00, 0xc6, 0x00, 0x00, 0x18, 0x00,
  0xe2, 0x00, 0xc9, 0x00, 0x11, 0x00, 0x00, 0xb8, 0xc4, 0x00, 0x10, 0x00,
  0xd6, 0x00, 0x00, 0x00, 0x00, 0x22, 0xb1, 0x0e, 0x00, 0x00, 0x00, 0x23,
  0x00, 0x00, 0x00, 0x00, 0x00, 0x00, 0x00, 0x00, 0x00, 0x00, 0x00, 0x26,
  0xd2, 0x00, 0x00, 0x00, 0x00, 0x00, 0x00, 0xb9, 0x00, 0x00, 0xc0, 0x00,
  0x00, 0x00, 0x00, 0x00, 0xb8, 0x00, 0xd8, 0x00, 0x00, 0x00, 0xab, 0x26,
  0x00, 0x00, 0x00, 0x00, 0xaa, 0x00, 0x00, 0x00, 0x1d, 0x00, 0xa7, 0x00,
  0x00, 0x00, 0x1b, 0x00, 0xb1, 0x00, 0x00, 0xc7, 0x00, 0x00, 0xc8, 0x00,
  0x00, 0xc7, 0x16, 0x00, 0x00, 0x00, 0xcb, 0xc1, 0x00, 0x00, 0xbc, 0x00,
  0xbd, 0x00, 0x00, 0x00, 0xbc, 0x00, 0x00, 0x00, 0x00, 0x00, 0x00, 0xdf,
  0x00, 0x00, 0x00, 0x00, 0xcb, 0x00, 0x00, 0x00, 0x00, 0x39, 0xca, 0x00,
  0x00, 0x00, 0x00, 0x00, 0x00, 0x00, 0xd3, 0x00, 0x00, 0x00, 0xc6, 0x00,
  0x00, 0x00, 0x00, 0x00, 0xc7, 0x00, 0x00, 0x00, 0x43, 0x38, 0xc8, 0x00,
  0x00, 0x00, 0x00, 0x00, 0xba, 0x00, 0x00, 0x00, 0x52, 0x00, 0xd1, 0x00,
  0x00, 0xf9, 0x00, 0x00, 0xd1, 0x00, 0x00, 0xfe, 0x00, 0x00, 0x00, 0x00,
  0xbe, 0x00, 0x00, 0x00, 0x00, 0x00, 0x00, 0x03, 0x1e, 0x00, 0x00, 0x00,
  0x00, 0x00, 0x00, 0x00, 0x00, 0x00, 0xcd, 0x00, 0x29, 0x00, 0x20, 0x00,
  0xd7, 0x00, 0x00, 0x00, 0x00, 0x09, 0xc1, 0xfe, 0x00, 0x00, 0x00, 0x00,
  0x00, 0x1a, 0xe2, 0x00, 0x00, 0x00, 0x00, 0x00, 0xe6, 0x00, 0x00, 0x00,
  0x00, 0x00, 0x00, 0x00, 0x00, 0x00, 0xc8, 0xa9, 0x00, 0x00, 0x00, 0x00,
  0xd4, 0xc1, 0x30, 0x00, 0xf8, 0x00, 0xcc, 0xc4, 0x00, 0x00, 0xec, 0x00,
  0xd8, 0xcc, 0x00, 0x00, 0xfd, 0xf8, 0xcb, 0x00, 0x00, 0x00, 0x00, 0xf9,
  0xdb, 0x00, 0xe8, 0x00, 0x00, 0x00, 0x16, 0x00, 0x00, 0x00, 0x01, 0x00,
  0x00, 0x00, 0x00, 0x00, 0x00, 0x00, 0xe8, 0x00, 0x0f, 0x00, 0x00, 0x00,
  0x00, 0x00, 0x06, 0x00, 0xfc, 0xfe, 0xdb, 0xd3, 0xfb, 0xf1, 0x00, 0x00,
  0x1c, 0xce, 0x00, 0x00, 0x00, 0x00, 0x00, 0x00, 0x00, 0x00, 0x00, 0x00,
  0x00, 0x00, 0x00, 0x00, 0x00, 0x00, 0x00, 0x00, 0x00, 0x00, 0x00, 0x00,
  0x00, 0x00, 0x00, 0x00, 0x00, 0x00, 0x00, 0xb3, 0x00, 0x00, 0x00, 0x00,
  0xe9, 0x00, 0x00, 0x00, 0x00, 0x00, 0x00, 0x00, 0x00, 0x00, 0x00, 0x00,
  0x01, 0x00, 0x00, 0x00, 0x00, 0xe5, 0xec, 0x00, 0x00, 0x36, 0x00, 0x00,
  0x00, 0x00, 0x00, 0x00, 0x00, 0x00, 0x00, 0x00, 0x00, 0x00, 0x00, 0x00,
  0x00, 0x00, 0x00, 0x00, 0xda, 0x00, 0xe5, 0x00, 0x00, 0xf9, 0xd8, 0x00,
  0xd3, 0x00, 0x00, 0xfa, 0xd0, 0x00, 0xd7, 0x00, 0xcb, 0x00, 0x00, 0x1c,
  0x00, 0x00, 0x00, 0x00, 0x00, 0x00, 0x00, 0x00, 0x00, 0x00, 0x00, 0x00,
  0xdb, 0x00, 0x00, 0x00, 0x00, 0x1b, 0x00, 0x00, 0x00, 0x00, 0x00, 0x00,
  0x00, 0x00, 0x00, 0x00, 0x00, 0x1f, 0x00, 0xce, 0x00, 0x00, 0x00, 0x00,
  0x00, 0xd3, 0x00, 0x00, 0xc9, 0x00, 0xea, 0x00, 0x00, 0x00, 0x00, 0x00,
  0x00, 0x00, 0x00, 0x00, 0x00, 0x00, 0x00, 0x00, 0x00, 0x00, 0x00, 0x00,
  0x00, 0xfd, 0x00, 0x00, 0xde, 0x00, 0x00, 0x00, 0x00, 0x00, 0x00, 0x20,
  0x00, 0x00, 0x00, 0x00, 0x00, 0x00, 0xef, 0x00, 0xf2, 0x00, 0x00, 0x1d,
  0x00, 0x00, 0x00, 0x00, 0x00, 0x1f, 0x00, 0x00, 0x00, 0x00, 0x00, 0x00,
  0x00, 0x00, 0xf0, 0x00, 0x00, 0x21, 0x00, 0x00, 0x00, 0x00, 0x00, 0x00,
  0x00, 0x00, 0x00, 0x06, 0xe5, 0x19, 0xe5, 0x00, 0x00, 0x00, 0xe9, 0x1b,
  0x00, 0x00, 0x00, 0x00, 0x00, 0x00, 0x00, 0x00, 0x00, 0x00, 0x00, 0x00,
  0x00, 0x00, 0x00, 0x00, 0x00, 0x00, 0x00, 0x00, 0x00, 0x00, 0x00, 0x00,
  0x00, 0x00, 0xe3, 0x00, 0xd6, 0x00, 0x00, 0x00, 0x00, 0x00, 0x00, 0x00,
  0x19, 0x00, 0x00, 0x11, 0x00, 0x00, 0x00, 0x00, 0xe8, 0x0e, 0x00, 0x00,
  0xe8, 0x00, 0x00, 0x12, 0x00, 0x00, 0x15, 0x00, 0x00, 0x00, 0x00, 0x00,
  0x00, 0xea, 0x00, 0x16, 0x00, 0x00, 0x00, 0x00, 0x00, 0x00, 0x00, 0x00,
  0x22, 0x00, 0x00, 0x00, 0x00, 0x2c, 0x00, 0xde, 0x00, 0x14, 0x00, 0x00,
  0x00, 0x00, 0x00, 0x00, 0x00, 0x00, 0x1a, 0x00, 0x00, 0x0f, 0x00, 0x00,
  0x00, 0x00, 0x00, 0x00, 0x00, 0x00, 0x00, 0x00, 0x00, 0x00, 0x00, 0x00,
  0x11, 0x00, 0x00, 0x0e, 0xd7, 0x00, 0x00, 0x00, 0x00, 0x00, 0x00, 0x00,
  0x00, 0xf3, 0x00, 0x00, 0x00, 0x00, 0x00, 0xf4, 0x00, 0x0d, 0xcd, 0x00,
  0x00, 0xf6, 0x00, 0x00, 0x00, 0x00, 0x00, 0x00, 0x00, 0x00, 0xca, 0x30,
  0x00, 0x00, 0x00, 0x00, 0x00, 0x00, 0x00, 0x00, 0x00, 0x02, 0x00, 0x00,
  0x00, 0xf4, 0x00, 0x0a, 0x00, 0x00, 0x00, 0x00, 0x00, 0x00, 0x00, 0x00,
  0x00, 0x00, 0x00, 0x00, 0x00, 0x00, 0xdf, 0x00, 0x00, 0x11, 0x00, 0x00,
  0x00, 0x00, 0x00, 0x00, 0x00, 0x00, 0x00, 0x00, 0x00, 0x00, 0x00, 0x00,
  0xea, 0x00, 0x00, 0x00, 0x00, 0x36, 0x00, 0x00, 0x00, 0x00, 0x00, 0x00,
  0x00, 0x00, 0x00, 0x00, 0x00, 0x00, 0x00, 0x00, 0x00, 0x00, 0x00, 0x00,
  0x00, 0x00, 0xe9, 0x00, 0x00, 0x00, 0x00, 0x19, 0xdd, 0x00, 0x00, 0x00,
  0x00, 0x00, 0x00, 0x00, 0xd3, 0x00, 0x2f, 0x00, 0x00, 0x06, 0x00, 0x00,
  0x00, 0x00, 0xe6, 0x11, 0x00, 0x00, 0x00, 0x00, 0xe7, 0x00, 0x00, 0x00,
  0x21, 0x00, 0xe6, 0x00, 0x00, 0x00, 0x00, 0x00, 0xe8, 0x05, 0x00, 0x00,
  0x00, 0xf0, 0xed, 0x0e, 0x00, 0x00, 0x29, 0x00, 0xf9, 0x08, 0x00, 0x00,
  0x00, 0x00, 0xd9, 0x00, 0x00, 0x33, 0x00, 0x2a, 0xf4, 0x00, 0x00, 0x00,
  0x00, 0x00, 0xe3, 0x00, 0x00, 0x00, 0xdc, 0xea, 0x00, 0x00, 0x00, 0x2e,
  0x00, 0x00, 0x00, 0x00, 0x00, 0x45, 0x12, 0x00, 0xfd, 0x00, 0x00, 0x00,
  0x00, 0xee, 0xf9, 0x00, 0x00, 0x33, 0x1a, 0x00, 0xfd, 0x09, 0x00, 0x36,
  0x00, 0x00, 0xfe, 0x07, 0x1f, 0x00, 0x00, 0x00, 0x00, 0x00, 0x00, 0x00,
  0x20, 0x00, 0x00, 0x00, 0x00, 0x3a, 0x00, 0x00, 0x00, 0x08, 0x00, 0x00,
  0xe2, 0x00, 0x00, 0x00, 0x00, 0x00, 0x00, 0xf2, 0x00, 0x00, 0x00, 0x39,
  0x00, 0x00, 0x00, 0x00, 0x22, 0x32, 0x00, 0xf4, 0x00, 0x00, 0x00, 0x00,
  0x00, 0x00, 0x00, 0x00, 0x00, 0x00, 0x00, 0x00, 0x21, 0x00, 0x2b, 0x2c,
  0x00, 0x00, 0x00, 0x09, 0x1c, 0x00, 0x00, 0x00, 0x00, 0x00, 0x00, 0x00,
  0x0f, 0x00, 0x00, 0x00, 0x00, 0x00, 0x00, 0x00, 0x00, 0x00, 0x00, 0x00,
  0x00, 0x00, 0x00, 0x00, 0x00, 0x00, 0x00, 0x00, 0x00, 0x0a, 0x00, 0x00,
  0x00, 0xef, 0x00, 0x00, 0x19, 0x2e, 0x00, 0x00, 0x00, 0x00, 0x00, 0x00,
  0x0a, 0x2e, 0x00, 0x00, 0x00, 0x00, 0x13, 0x22, 0x00, 0x00, 0x00, 0x00,
  0x00, 0x00, 0x00, 0x00, 0x00, 0x00, 0x00, 0x00, 0x00, 0x08, 0x00, 0x00,
  0xdf, 0x00, 0x00, 0x00, 0xe2, 0x00, 0x16, 0x00, 0x00, 0x00, 0x00, 0x00,
  0x16, 0x00, 0x00, 0x00, 0xde, 0x00, 0xe7, 0x00, 0x00, 0x12, 0x00, 0x00,
  0x00, 0x00, 0x00, 0x00, 0xdf, 0x00, 0x13, 0x00, 0xe1, 0x15, 0x00, 0x00,
  0x00, 0x00, 0x00, 0x16, 0x00, 0x00, 0x00, 0x00, 0x00, 0x00, 0x00, 0x33,
  0x00, 0x00, 0x00, 0x00, 0x00, 0x3a, 0xdd, 0x00, 0x00, 0x00, 0x00, 0x39,
  0x19, 0x00, 0x00, 0x00, 0xda, 0x00, 0x00, 0x00, 0x00, 0x00, 0x00, 0x39,
  0xe8, 0x00, 0x00, 0x00, 0x00, 0x00, 0x00, 0x00, 0x00, 0x00, 0x00, 0x55,
  0xf3, 0x00, 0x00, 0x00, 0x00, 0x00, 0x00, 0x00, 0x00, 0x00, 0x00, 0x00,
  0x00, 0x00, 0x00, 0x11, 0x00, 0x00, 0x00, 0x00, 0x00, 0x00, 0xe6, 0x00,
  0x00, 0x00, 0x00, 0x16, 0xeb, 0x00, 0x00, 0x00, 0x00, 0x00, 0x00, 0x00,
  0x00, 0x22, 0x00, 0x00, 0xef, 0x00, 0x00, 0x00, 0x00, 0x00, 0xdc, 0x00,
  0x00, 0x00, 0x00, 0x00, 0x00, 0x00, 0x00, 0x00, 0x00, 0x00, 0x00, 0x00,
  0x00, 0x00, 0x00, 0x00, 0x00, 0x00, 0x00, 0x00, 0x00, 0x00, 0x19, 0x00,
  0x00, 0x00, 0x00, 0x00, 0x00, 0xe0, 0x00, 0x00, 0x00, 0xd0, 0x00, 0x00,
  0x00, 0x00, 0x00, 0x00, 0x00, 0x00, 0x00, 0x00, 0x00, 0x00, 0x00, 0x00,
  0x00, 0x00, 0x00, 0x00, 0x00, 0x00, 0x00, 0x00, 0x00, 0x00, 0x00, 0x00,
  0x00, 0x00, 0xd4, 0x00, 0x00, 0x00, 0x00, 0x00, 0xe2, 0x00, 0x00, 0x18,
  0x00, 0x00, 0xdf, 0xda, 0x00, 0x00, 0x00, 0x00, 0x00, 0x00, 0x00, 0x00,
  0x00, 0x00, 0xf1, 0x00, 0xd0, 0x00, 0x00, 0xd0, 0xf2, 0x00, 0x00, 0x00,
  0x00, 0x00, 0x00, 0x00, 0x00, 0x00, 0x00, 0x00, 0xf2, 0xd9, 0x00, 0x00,
  0xe5, 0x00, 0x00, 0x00, 0x00, 0x19, 0x00, 0x00, 0x00, 0xd8, 0x00, 0x00,
  0x00, 0x00, 0x00, 0xd3, 0x00, 0x08, 0x00, 0x1d, 0x00, 0xd1, 0xdb, 0x14,
  0x00, 0x00, 0x00, 0xcc, 0x00, 0x00, 0x00, 0x00, 0x00, 0x00, 0x00, 0x12,
  0x00, 0x00, 0x00, 0x00, 0xeb, 0x00, 0x00, 0x00, 0x00, 0x00, 0xfb, 0x00,
  0x00, 0x00, 0x00, 0x00, 0xfe, 0x00, 0x00, 0xdf, 0x00, 0xca, 0x00, 0x00,
  0xfd, 0xdc, 0x00, 0x00, 0x00, 0x00, 0x00, 0x00, 0x00, 0x00, 0x00, 0x00,
  0x00, 0x00, 0xed, 0x00, 0x00, 0x00, 0x00, 0x00, 0xeb, 0x00, 0x00, 0x00,
  0x00, 0x00, 0x00, 0x00, 0x00, 0x00, 0xfb, 0x00, 0x00, 0xc6, 0x00, 0x00,
  0x00, 0x00, 0x00, 0x00, 0x00, 0x00, 0x00, 0x00, 0x00, 0xc9, 0x00, 0x00,
  0x00, 0x00, 0x00, 0x00, 0xf7, 0x00, 0x00, 0x00, 0x00, 0x00, 0x00, 0x00,
  0xf2, 0x00, 0x00, 0x00, 0xf2, 0xd5, 0x00, 0xdd, 0x00, 0x00, 0x00, 0xd2,
  0x00, 0xd4, 0x00, 0x00, 0xf4, 0x00, 0xf3, 0x00, 0x00, 0x00, 0xef, 0x00,
  0xfa, 0x00, 0x00, 0x00, 0xf1, 0x00, 0xfb, 0x00, 0x00, 0x00, 0x00, 0x00,
  0xfe, 0x2a, 0x00, 0x00, 0x00, 0x12, 0x00, 0x00, 0xd9, 0x00, 0xee, 0x00,
  0x00, 0x00, 0xc1, 0x00, 0x00, 0x00, 0x00, 0x00, 0xe1, 0x00, 0xef, 0x00,
  0x00, 0xfb, 0xdc, 0x00, 0x00, 0x00, 0xf0, 0x00, 0xe7, 0x00, 0xf2, 0x00,
  0x00, 0x00, 0xda, 0x00, 0x00, 0x00, 0x00, 0x00, 0xe3, 0x00, 0x00, 0x00,
  0x00, 0x00, 0x00, 0x00, 0x00, 0x00, 0x00, 0xda, 0xdc, 0x00, 0x00, 0x00,
  0x00, 0x00, 0xd8, 0x00, 0x1b, 0x00, 0x00, 0x00, 0xde, 0x00, 0x00, 0x00,
  0xee, 0x00, 0xe0, 0x00, 0x00, 0x00, 0xf9, 0x31, 0x00, 0x00, 0x00, 0x00,
  0x00, 0x00, 0xf0, 0x00, 0x00, 0x00, 0xf5, 0x08, 0x00, 0xcb, 0x1a, 0x00,
  0x00, 0x15, 0xe5, 0x00, 0x1c, 0xe5, 0x00, 0x00, 0x00, 0x00, 0x00, 0xe0,
  0x00, 0x00, 0x00, 0x00, 0x00, 0x00, 0xf4, 0x00, 0xe7, 0x00, 0x00, 0x00,
  0x00, 0x00, 0xe2, 0x00, 0x00, 0xe2, 0x00, 0x00, 0x00, 0x00, 0x00, 0xe0,
  0x00, 0xde, 0xe0, 0x00, 0x00, 0xd7, 0x2d, 0x00, 0xd4, 0x0a, 0x2d, 0x00,
  0x00, 0x00, 0xdd, 0x00, 0x00, 0x00, 0x00, 0x00, 0xda, 0x00, 0x00, 0x00,
  0x00, 0x00, 0xdb, 0x00, 0x00, 0xda, 0x00, 0x00, 0xd7, 0x00, 0x00, 0xdc,
  0x00, 0x00, 0xd9, 0x00, 0x00, 0xd7, 0x00, 0x00, 0xc5, 0x00, 0x00, 0x00,
  0x00, 0x00, 0xc3, 0x00, 0x00, 0xce, 0x00, 0x00, 0xc6, 0x00, 0x00, 0x00,
  0x00, 0x00, 0xd3, 0x00, 0x35, 0x00, 0x00, 0x00, 0xd3, 0x00, 0x00, 0x00,
  0x00, 0x00, 0xdb, 0x00, 0x3e, 0x00, 0x00, 0x00, 0xd3, 0x00, 0x34, 0x00,
  0x00, 0x00, 0xca, 0x00, 0x30, 0x00, 0x00, 0x00, 0xb8, 0x00, 0x2b, 0x00,
  0x00, 0x00, 0xbc, 0x00, 0x00, 0x00, 0x00, 0x25, 0x00, 0x00, 0x00, 0x00,
  0xfd, 0x00, 0x00, 0x00, 0x00, 0x00, 0x00, 0x00, 0x00, 0x00, 0x00, 0xc1,
  0x00, 0x00, 0x00, 0x00, 0x00, 0x00, 0x00, 0x00, 0x00, 0x00, 0x2e, 0x00,
  0x00, 0x00, 0xcc, 0x00, 0x2f, 0x00, 0xfe, 0x10, 0xd7, 0x00, 0x3f, 0x00,
  0x00, 0x01, 0xc8, 0xde, 0x44, 0x00, 0x00, 0x00, 0x00, 0x00, 0x00, 0x00,
  0x00, 0x00, 0xce, 0x26, 0x00, 0x00, 0x00, 0x00, 0x00, 0x2a, 0x00, 0x00,
  0x00, 0x20, 0xdb, 0x00, 0x00, 0x00, 0x00, 0x00, 0x00, 0x25, 0x00, 0x00,
  0x00, 0x00, 0x00, 0x00, 0x00, 0x00, 0x00, 0x00, 0x00, 0x00, 0x00, 0x00,
  0x00, 0x00, 0x00, 0x00, 0x00, 0x00, 0xe3, 0x2f, 0x00, 0x00, 0x00, 0x00,
  0xd1, 0x28, 0x00, 0x00, 0x00, 0x00, 0xd4, 0x00, 0x00, 0x00, 0x00, 0x00,
  0xd0, 0x00, 0x00, 0x00, 0x00, 0x00, 0xd1, 0x00, 0x00, 0x00, 0x00, 0x00,
  0x00, 0x00, 0x00, 0x00, 0x00, 0x00, 0x00, 0x00, 0x00, 0x00, 0x00, 0x00,
  0x00, 0x00, 0x00, 0x00, 0x00, 0x10, 0x00, 0x26, 0xe4, 0x00, 0x00, 0x00,
  0x00, 0x25, 0x00, 0x00, 0x30, 0x00, 0x00, 0x21, 0xdd, 0x00, 0x00, 0x00,
  0x00, 0x1b, 0x00, 0x00, 0x36, 0x08, 0xd7, 0x2a, 0x00, 0x00, 0x00, 0x00,
  0x00, 0x00, 0x00, 0x00, 0x00, 0x00, 0x00, 0xe8, 0x00, 0x00, 0x00, 0x00,
  0x00, 0x00, 0x00, 0x00, 0x00, 0x00, 0xde, 0x00, 0x00, 0x23, 0x00, 0xcd,
  0xc4, 0xed, 0x00, 0x00, 0x00, 0x00, 0x00, 0x00, 0x00, 0x00, 0xfd, 0x00,
  0x00, 0xf6, 0xd1, 0x00, 0x00, 0x00, 0x00, 0xfe, 0x00, 0x00, 0x38, 0x00,
  0x00, 0x00, 0x00, 0x00, 0x00, 0x00, 0x00, 0x00, 0xc7, 0x00, 0x00, 0x00,
  0xd7, 0x00, 0x00, 0x00, 0x00, 0x00, 0x00, 0x00, 0x00, 0x00, 0x00, 0x00,
  0x00, 0x00, 0x00, 0x00, 0x00, 0x00, 0xda, 0x19, 0x00, 0x1c, 0x00, 0x00,
  0x00, 0x00, 0xd6, 0x00, 0x00, 0x00, 0x00, 0x00, 0x00, 0x00, 0x00, 0xc3,
  0xe3, 0x00, 0x00, 0x00, 0x00, 0xcb, 0x00, 0x00, 0x00, 0x2e, 0x00, 0xc9,
  0xe0, 0x00, 0x00, 0x2c, 0x00, 0x00, 0x00, 0x21, 0xcd, 0x00, 0x00, 0x00,
  0x00, 0x18, 0xd3, 0x00, 0x00, 0x00, 0x00, 0x17, 0x00, 0x00, 0x00, 0xcc,
  0x00, 0x18, 0xbc, 0x00, 0x00, 0xc8, 0x00, 0x12, 0x00, 0x00, 0x00, 0xc9,
  0x00, 0x00, 0x00, 0x2d, 0x00, 0x00, 0xc6, 0xe8, 0x00, 0x00, 0x00, 0x00,
  0xdd, 0x00, 0x00, 0x00, 0x00, 0x00, 0x00, 0x00, 0x00, 0x00, 0x00, 0x00,
  0xca, 0xdc, 0xda, 0x00, 0xf9, 0x00, 0x00, 0x00, 0xd5, 0x2f, 0x00, 0x00,
  0x00, 0x00, 0xd1, 0x00, 0x00, 0x00, 0x00, 0x00, 0xb4, 0x00, 0x00, 0x20,
  0x00, 0xe0, 0xcc, 0x00, 0x00, 0x00, 0x00, 0x00, 0xcb, 0x00, 0x00, 0x2a,
  0x00, 0x00, 0x00, 0x00, 0x00, 0x00, 0xd2, 0x00, 0xcf, 0x00, 0x00, 0x1d,
  0x00, 0x00, 0x00, 0x00, 0x00, 0x00, 0x00, 0x00, 0xcf, 0x00, 0x00, 0x29,
  0x00, 0x00, 0x00, 0x00, 0x1f, 0x00, 0x00, 0x00, 0x00, 0x00, 0x00, 0x25,
  0xca, 0xe3, 0x00, 0x00, 0x00, 0x00, 0xdf, 0x00, 0x00, 0x00, 0x00, 0x00,
  0x00, 0x00, 0x00, 0x00, 0x00, 0x00, 0x00, 0x00, 0x00, 0x00, 0xf2, 0x21,
  0x00, 0x00, 0xcb, 0x00, 0x00, 0x2d, 0xc6, 0x00, 0x00, 0x00, 0x00, 0x24,
  0x00, 0x00, 0x00, 0x00, 0x00, 0x2f, 0x00, 0x00, 0x00, 0x00, 0x00, 0x00,
  0xd2, 0x00, 0x1c, 0x00, 0x00, 0x00, 0xd3, 0x28, 0x00, 0x00, 0x00, 0x00,
  0xd6, 0x00, 0x00, 0x00, 0x00, 0x00, 0xdc, 0x00, 0x00, 0x00, 0x00, 0x00,
  0x00, 0x00, 0x00, 0x33, 0xe7, 0x00, 0x00, 0x00, 0x00, 0x32, 0xf9, 0x00,
  0xce, 0x00, 0x00, 0x00, 0xe2, 0x00, 0x00, 0x00, 0x00, 0x00, 0xec, 0x00,
  0xcb, 0x00, 0x00, 0x00, 0xf4, 0x00, 0xde, 0xe8, 0x00, 0x2c, 0x00, 0x00,
  0x00, 0x00, 0x00, 0x00, 0x00, 0x00, 0x00, 0x00, 0x00, 0x00, 0xe0, 0x00,
  0x00, 0x00, 0x00, 0x00, 0x00, 0x00, 0x00, 0x00, 0x00, 0x00, 0x00, 0x00,
  0x00, 0x00, 0x00, 0x00, 0x00, 0x00, 0x00, 0x00, 0x19, 0x00, 0x00, 0x00,
  0xe3, 0x00, 0x00, 0x2d, 0x00, 0x00, 0xdf, 0x00, 0x24, 0x00, 0x00, 0x11,
  0xc9, 0x00, 0x00, 0x00, 0x00, 0x00, 0x00, 0x1b, 0x00, 0xee, 0x00, 0x14,
  0x00, 0x00, 0x00, 0x00, 0xf6, 0x00, 0x00, 0x00, 0x00, 0x00, 0x00, 0x00,
  0x00, 0x00, 0x00, 0x00, 0x2b, 0x00, 0xe6, 0x00, 0x00, 0x00, 0x2b, 0x00,
  0x00, 0x00, 0x00, 0x00, 0x00, 0x00, 0xdd, 0x00, 0x00, 0x00, 0x00, 0x00,
  0xea, 0x00, 0x00, 0x00, 0x00, 0x00, 0xdd, 0x00, 0x00, 0x00, 0x2c, 0x00,
  0xd3, 0x00, 0x00, 0x00, 0x00, 0x00, 0xeb, 0x00, 0xf7, 0x00, 0xf6, 0x00,
  0xd9, 0x00, 0xf9, 0x00, 0x00, 0x01, 0xdd, 0x00, 0x00, 0x00, 0xde, 0x00,
  0x00, 0x00, 0x00, 0x00, 0x00, 0x10, 0x00, 0x00, 0x00, 0xf0, 0x00, 0x12,
  0x00, 0x00, 0x00, 0xe8, 0x2b, 0x00, 0x00, 0x00, 0x00, 0x00, 0x00, 0x00,
  0x00, 0x00, 0x00, 0x00, 0x00, 0x00, 0xd7, 0x00, 0x00, 0x00, 0x00, 0x00,
  0x00, 0x00, 0x00, 0x00, 0x00, 0x00, 0xdf, 0x00, 0x00, 0x00, 0x39, 0x00,
  0x00, 0x00, 0x00, 0x00, 0x00, 0x00, 0x00, 0xec, 0x00, 0x00, 0x00, 0x00,
  0x00, 0x00, 0x00, 0x00, 0x33, 0x00, 0x00, 0xe7, 0x00, 0x00, 0x29, 0x00,
  0x00, 0xe1, 0x00, 0xea, 0x28, 0x00, 0x00, 0x00, 0x00, 0x00, 0x26, 0x00,
  0x00, 0x00, 0x00, 0x00, 0x00, 0x00, 0x00, 0x00, 0xeb, 0x00, 0x00, 0x00,
  0x00, 0x00, 0xf5, 0xe8, 0x00, 0x00, 0x00, 0xf5, 0x00, 0x00, 0x00, 0x00,
  0x00, 0xf9, 0x00, 0x00, 0x00, 0x00, 0xe9, 0x00, 0x00, 0x00, 0x00, 0x00,
  0x00, 0x00, 0x00, 0x00, 0x00, 0x00, 0x00, 0xe6, 0x00, 0x00, 0x00, 0x17,
  0x00, 0x00, 0x00, 0x00, 0x22, 0x00, 0xe8, 0x00, 0x00, 0x00, 0x00, 0x00,
  0x00, 0x00, 0x00, 0x00, 0x00, 0x00, 0x00, 0x00, 0x00, 0x00, 0x00, 0x00,
  0x00, 0xe5, 0x00, 0x00, 0x00, 0x00, 0xf9, 0xd8, 0x00, 0x00, 0x1e, 0x00,
  0x00, 0x00, 0x00, 0x00, 0x28, 0x00, 0x00, 0x00, 0x00, 0x00, 0x00, 0xd0,
  0x00, 0x00, 0x00, 0x00, 0x00, 0xd3, 0x00, 0x00, 0x00, 0x00, 0x00, 0x00,
  0x00, 0x00, 0x00, 0x00, 0x00, 0x00, 0x00, 0x00, 0x00, 0x00, 0x00, 0xd1,
  0x00, 0x00, 0x00, 0x00, 0x00, 0xd2, 0xee, 0x00, 0x00, 0x00, 0x00, 0x00,
  0xee, 0x00, 0x00, 0x00, 0x00, 0x00, 0x00, 0x00, 0x00, 0x00, 0x00, 0x00,
  0x00, 0x00, 0x33, 0x00, 0x00, 0x00, 0x00, 0x00, 0x00, 0x00, 0x00, 0x00,
  0xe1, 0x00, 0x00, 0x00, 0x00, 0x00, 0x00, 0x00, 0x00, 0x00, 0x00, 0xd1,
  0x00, 0x00, 0x00, 0x00, 0x37, 0x00, 0x00, 0x00, 0x00, 0x14, 0x2a, 0x00,
  0xc8, 0x00, 0x00, 0x00, 0x00, 0xd3, 0x00, 0x00, 0x00, 0x00, 0x1c, 0x08,
  0xe2, 0x1f, 0x00, 0x00, 0x32, 0x00, 0xd8, 0x00, 0x00, 0x18, 0x00, 0x0c,
  0xd5, 0x00, 0x00, 0x00, 0x00, 0x00, 0x00, 0x00, 0x00, 0x00, 0x00, 0x00,
  0x00, 0x24, 0x00, 0x00, 0x00, 0x00, 0x00, 0x00, 0x00, 0x00, 0x00, 0x00,
  0xcb, 0x00, 0x00, 0x00, 0x0c, 0x00, 0x00, 0x00, 0x00, 0x00, 0x00, 0x00,
  0xca, 0x00, 0x00, 0x00, 0x00, 0x13, 0x00, 0x00, 0x00, 0x00, 0x00, 0x22,
  0x00, 0x00, 0x00, 0x00, 0x00, 0x00, 0x00, 0x00, 0x00, 0x00, 0x1c, 0x00,
  0x00, 0x00, 0x00, 0x00, 0x00, 0x00, 0x00, 0x00, 0xe1, 0x00, 0x00, 0x1a,
  0x00, 0x00, 0xea, 0x00, 0x00, 0x19, 0xd3, 0x00, 0x00, 0x00, 0x00, 0x18,
  0xd2, 0x00, 0xf2, 0x00, 0x1e, 0x00, 0x00, 0x00, 0x00, 0x23, 0x19, 0x00,
  0x00, 0x00, 0x00, 0x00, 0x00, 0x1e, 0x00, 0x00, 0x00, 0x00, 0x00, 0x00,
  0xc5, 0x00, 0x00, 0x00, 0x0b, 0x00, 0x00, 0x00, 0xe9, 0x00, 0x0b, 0x00,
  0x00, 0x00, 0x00, 0x00, 0x00, 0x00, 0x00, 0x00, 0x00, 0x00, 0x00, 0x00,
  0xde, 0x00, 0x00, 0x00, 0x00, 0x00, 0xe1, 0x00, 0x00, 0x00, 0x00, 0x13,
  0xdf, 0x00, 0x00, 0x00, 0x00, 0x00, 0x00, 0xeb, 0x00, 0x00, 0x00, 0x14,
  0x00, 0x00, 0x00, 0x00, 0x00, 0x00, 0x00, 0x00, 0xd8, 0x00, 0x00, 0x00,
  0x00, 0x00, 0xd9, 0x23, 0x00, 0x00, 0x00, 0xe4, 0x00, 0x00, 0x00, 0x00,
  0x00, 0x00, 0x00, 0x29, 0x00, 0x13, 0x00, 0x00, 0x00, 0x2c, 0x00, 0x00,
  0x00, 0x00, 0x00, 0x00, 0x00, 0x18, 0x00, 0xe9, 0x00, 0x00, 0x00, 0x00,
  0x00, 0xda, 0x00, 0x00, 0x00, 0x00, 0x00, 0xdc, 0x00, 0x00, 0x00, 0x00,
  0x00, 0x00, 0x00, 0x1f, 0x00, 0x00, 0x00, 0x00, 0x00, 0x00, 0x00, 0x00,
  0x00, 0x00, 0x00, 0x00, 0x00, 0x05, 0x00, 0x00, 0x00, 0x00, 0x00, 0x00,
  0x00, 0x00, 0x00, 0x00, 0x00, 0x00, 0x00, 0x00, 0x00, 0x00, 0x00, 0x00,
  0x00, 0x00, 0x1a, 0x00, 0x00, 0x00, 0xf9, 0x00, 0x00, 0x00, 0x00, 0x00,
  0x00, 0x00, 0x00, 0x00, 0x3c, 0x00, 0x00, 0x00, 0x00, 0x00, 0x00, 0x00,
  0x00, 0x00, 0x00, 0xeb, 0x48, 0x00, 0x00, 0x00, 0x00, 0x00, 0x00, 0x00,
  0x00, 0x00, 0x00, 0x00, 0x00, 0x00, 0x00, 0x00, 0x00, 0x00, 0x3a, 0x00,
  0x00, 0x00, 0xdb, 0x00, 0x42, 0xcc, 0x00, 0xf7, 0x00, 0x00, 0x00, 0x00,
  0x00, 0x00, 0x00, 0x00, 0x00, 0x00, 0x00, 0x00, 0x00, 0x00, 0xd6, 0x00,
  0x00, 0x00, 0xef, 0x00, 0x00, 0x00, 0x00, 0x45, 0xd8, 0x00, 0x00, 0x39,
  0x00, 0x00, 0xd5, 0x1c, 0x00, 0x00, 0x00, 0x00, 0x00, 0x00, 0x00, 0x00,
  0x00, 0x00, 0x00, 0x00, 0x00, 0x00, 0xe1, 0x00, 0x00, 0x00, 0x00, 0x00,
  0xe0, 0x2c, 0x00, 0x00, 0x00, 0x00, 0x00, 0x2d, 0x00, 0x00, 0x00, 0x00,
  0x00, 0x00, 0x00, 0x23, 0x00, 0x00, 0x00, 0xe7, 0x00, 0x00, 0x00, 0x00,
  0x00, 0x00, 0x00, 0x24, 0x00, 0x22, 0xd3, 0x00, 0x00, 0x00, 0x00, 0x00,
  0x00, 0x00, 0x00, 0x21, 0x00, 0x00, 0x00, 0x00, 0x00, 0x00, 0x00, 0x00,
  0x00, 0x00, 0x00, 0x00, 0x00, 0x00, 0xd9, 0x00, 0x00, 0x25, 0x00, 0x00,
  0x00, 0x00, 0x00, 0x00, 0x00, 0x00, 0x00, 0x00, 0xed, 0x2e, 0x00, 0x00,
  0x00, 0x00, 0x00, 0x2b, 0x00, 0x00, 0xda, 0x00, 0xdf, 0x00, 0x00, 0x00,
  0xe9, 0x00, 0x00, 0x00, 0x00, 0x00, 0x00, 0x25, 0x00, 0x33, 0x00, 0x00,
  0x00, 0x00, 0x00, 0x00, 0x00, 0x00, 0x00, 0x00, 0x00, 0x00, 0x00, 0x00,
  0x00, 0x1f, 0x00, 0x28, 0x00, 0x00, 0x00, 0x25, 0x00, 0x00, 0xc5, 0x00,
  0x00, 0x15, 0x00, 0x00, 0xcd, 0x00, 0x00, 0x12, 0x00, 0x00, 0x00, 0x00,
  0x00, 0x10, 0x00, 0x00, 0x00, 0x00, 0x00, 0x00, 0x00, 0x00, 0x00, 0x00,
  0x00, 0x18, 0xc8, 0x00, 0x00, 0x00, 0x00, 0x00, 0x00, 0x00, 0x00, 0x00,
  0x00, 0x00, 0x00, 0x00, 0x00, 0x00, 0x00, 0xfd, 0x00, 0x00, 0x00, 0x00,
  0x00, 0x00, 0xd7, 0x00, 0x00, 0x00, 0x00, 0x00, 0xdb, 0x22, 0x1b, 0x00,
  0x00, 0x00, 0xc9, 0x00, 0x00, 0x00, 0x08, 0x00, 0xca, 0x00, 0x00, 0x00,
  0x0c, 0xcf, 0x00, 0x00, 0x23, 0x00, 0x00, 0x00, 0x00, 0x2b, 0x20, 0x00,
  0x00, 0x00, 0x00, 0x00, 0x00, 0x00, 0x00, 0x00, 0x00, 0x00, 0x00, 0x00,
  0x06, 0xf5, 0x00, 0x00, 0x00, 0x00, 0x0b, 0x00, 0x00, 0x2f, 0x00, 0x00,
  0x00, 0x00, 0xe5, 0x00, 0x00, 0x00, 0x00, 0x39, 0x00, 0x00, 0x00, 0x00,
  0x00, 0x28, 0x00, 0x2d, 0x00, 0x00, 0x00, 0x00, 0x00, 0x00, 0x00, 0x00,
  0x00, 0x00, 0x00, 0x00, 0x00, 0x00, 0x00, 0x00, 0x00, 0x00, 0x00, 0x00,
  0x00, 0x00, 0xe7, 0x00, 0x00, 0x00, 0x00, 0x00, 0x00, 0x3a, 0x16, 0x00,
  0x00, 0x00, 0xdb, 0x00, 0x20, 0x00, 0x00, 0x00, 0x00, 0x00, 0x00, 0x00,
  0x12, 0x00, 0x00, 0x00, 0x00, 0x00, 0xce, 0x00, 0x00, 0x00, 0x00, 0x00,
  0x00, 0x00, 0xcb, 0x00, 0x00, 0x00, 0x00, 0x00, 0x00, 0x37, 0x00, 0x00,
  0x00, 0xff, 0xdc, 0x00, 0x00, 0x00, 0x00, 0xf7, 0xd5, 0x00, 0x00, 0x00,
  0x00, 0x00, 0xc3, 0x00, 0x00, 0x00, 0x00, 0x00, 0xd6, 0x00, 0x00, 0x00,
  0x00, 0x00, 0x00, 0x00, 0x00, 0x0f, 0x00, 0x00, 0x00, 0x00, 0x00, 0x14,
  0x00, 0x00, 0xc7, 0x00, 0x00, 0x00, 0x00, 0x00, 0x00, 0x00, 0x00, 0x00,
  0x00, 0x23, 0xcf, 0x2c, 0x00, 0x16, 0xec, 0x00, 0x00, 0x00, 0x1e, 0x00,
  0x00, 0x00, 0x00, 0x00, 0x00, 0x00, 0x00, 0x00, 0xd1, 0x00, 0x00, 0x00,
  0x00, 0x00, 0x00, 0x00, 0x00, 0x00, 0x00, 0x00, 0x00, 0x00, 0x00, 0x00,
  0x00, 0x00, 0x00, 0x25, 0x00, 0x00, 0x00, 0x00, 0x00, 0x00, 0x00, 0x00,
  0x00, 0x00, 0x00, 0x00, 0x00, 0x00, 0x00, 0x38, 0xd0, 0x00, 0x00, 0x00,
  0x00, 0x00, 0x00, 0x00, 0x00, 0x00, 0x00, 0x00, 0x00, 0x00, 0x00, 0x00,
  0x00, 0x25, 0xd5, 0x00, 0x00, 0x00, 0x00, 0x00, 0x00, 0x00, 0xe1, 0x29,
  0x00, 0xf9, 0x00, 0x00, 0x00, 0x29, 0x00, 0xfe, 0x00, 0xea, 0x00, 0x00,
  0x00, 0x00, 0x00, 0x00, 0x00, 0x00, 0xd3, 0x00, 0x00, 0x00, 0x00, 0x00,
  0x00, 0x30, 0x00, 0x00, 0xde, 0x20, 0x00, 0xf5, 0x00, 0x00, 0xd9, 0x00,
  0x00, 0x00, 0x00, 0x00, 0x00, 0x00, 0x00, 0x00, 0x00, 0x00, 0xd5, 0x00,
  0x00, 0x00, 0x00, 0x00, 0x00, 0x00, 0x00, 0x00, 0x00, 0x00, 0x00, 0x00,
  0x00, 0x00, 0x00, 0x00, 0x00, 0x00, 0xc9, 0x00, 0x00, 0x00, 0x00, 0xdc,
  0xdb, 0x25, 0x00, 0x00, 0xc7, 0x00, 0x00, 0x00, 0x1b, 0x00, 0x00, 0x00,
  0x00, 0x00, 0x00, 0x00, 0x00, 0x00, 0x00, 0x00, 0x00, 0x00, 0xc5, 0x00,
  0x00, 0x2f, 0x00, 0x00, 0xc6, 0x00, 0xe7, 0x00, 0x00, 0x00, 0xc6, 0x28,
  0x00, 0x00, 0x00, 0x00, 0x00, 0x1d, 0x00, 0x00, 0x00, 0x00, 0x00, 0x00,
  0x00, 0x00, 0x00, 0x00, 0x00, 0x00, 0x00, 0x00, 0x00, 0x00, 0x00, 0x00,
  0x00, 0x37, 0x00, 0x00, 0x00, 0x00, 0x00, 0x43, 0x00, 0x00, 0x00, 0x00,
  0x00, 0x00, 0x00, 0x00, 0x00, 0x00, 0x00, 0x00, 0x00, 0x00, 0x26, 0xee,
  0x00, 0x00, 0x33, 0x00, 0x00, 0x00, 0x00, 0x00, 0x48, 0x06, 0x00, 0x00,
  0x00, 0x00, 0x52, 0x00, 0x00, 0x00, 0x00, 0x00, 0x39, 0x00, 0x00, 0x00,
  0x00, 0x2e, 0x42, 0x00, 0x00, 0x00, 0x28, 0x00, 0x00, 0xc5, 0x00, 0x00,
  0x00, 0x00, 0x00, 0x00, 0x00, 0x00, 0x00, 0x00, 0x00, 0x00, 0x00, 0x00,
  0x00, 0x1a, 0x00, 0xc8, 0x00, 0x26, 0x00, 0x24, 0x00, 0x00, 0x24, 0x00,
  0x00, 0x00, 0x00, 0x00, 0x00, 0x00, 0x00, 0xfd, 0x3b, 0x00, 0x00, 0x00,
  0x00, 0x04, 0x37, 0x00, 0x00, 0x00, 0x00, 0x00, 0x00, 0x00, 0x00, 0x00,
  0x00, 0x00, 0x00, 0x00, 0x1d, 0x25, 0x00, 0x00, 0x00, 0x00, 0x00, 0x00,
  0x00, 0x00, 0x00, 0x00, 0x00, 0x00, 0x3c, 0x00, 0x00, 0x00, 0x18, 0x1f,
  0x28, 0x00, 0x00, 0x00, 0x00, 0x00, 0x00, 0x00, 0x00, 0x00, 0x00, 0x00,
  0x00, 0x00, 0x00, 0x00, 0x00, 0x00, 0x00, 0x00, 0x00, 0x00, 0x00, 0x00,
  0x34, 0x00, 0xf0, 0x10, 0x00, 0x00, 0x00, 0x02, 0x00, 0x00, 0x00, 0x00,
  0x00, 0x00, 0x00, 0x00, 0x00, 0x00, 0x46, 0x00, 0x00, 0x18, 0xd8, 0x00,
  0x2c, 0x00, 0x00, 0x16, 0x00, 0xec, 0x00, 0x23, 0x00, 0x00, 0x00, 0x00,
  0x00, 0x00, 0x00, 0x00, 0x00, 0x00, 0x00, 0x23, 0x2b, 0x00, 0x00, 0x00,
  0x00, 0x00, 0x2d, 0x18, 0x00, 0x00, 0x00, 0x00, 0x3f, 0x00, 0x00, 0x00,
  0x00, 0x00, 0x00, 0x00, 0x00, 0x00, 0x00, 0x00, 0x08, 0x00, 0x00, 0x00,
  0x00, 0x00, 0x00, 0x00, 0x00, 0x00, 0x00, 0x00, 0x33, 0x05, 0x00, 0x00,
  0x00, 0x00, 0x31, 0x00, 0x00, 0xe2, 0x3a, 0xf3, 0x5f, 0x00, 0x00, 0xe9,
  0x2e, 0xdd, 0x00, 0x00, 0x00, 0x00, 0x00, 0xec, 0x5e, 0x00, 0x00, 0x00,
  0x00, 0x00, 0x00, 0x00, 0x00, 0x00, 0x00, 0x00, 0x0a, 0x00, 0x00, 0x00,
  0x30, 0x00, 0x00, 0x00, 0x00, 0x00, 0x49, 0x00, 0x00, 0xc6, 0x00, 0x00,
  0x00, 0x00, 0x00, 0x00, 0x00, 0x00, 0x00, 0x00, 0x00, 0xc5, 0x00, 0x00,
  0x00, 0x06, 0x00, 0x00, 0x00, 0x00, 0x00, 0x03, 0x48, 0x00, 0x00, 0x00,
  0x00, 0xfa, 0x00, 0x00, 0x00, 0x00, 0x00, 0x00, 0x00, 0x00, 0x00, 0x00,
  0x32, 0x00, 0x00, 0x00, 0x00, 0x00, 0x00, 0x00, 0x00, 0x00, 0x00, 0x00,
  0x00, 0x00, 0x00, 0x00, 0x00, 0x00, 0x39, 0x26, 0x00, 0x00, 0x1c, 0x23,
  0x00, 0x24, 0x00, 0x00, 0x1e, 0x00, 0x00, 0x00, 0x00, 0x00, 0x00, 0x24,
  0x00, 0x00, 0xf0, 0x00, 0x00, 0x00, 0x00, 0x00, 0x00, 0x0e, 0x00, 0x00,
  0x00, 0xf4, 0x00, 0x00, 0x00, 0xf4, 0x00, 0x00, 0x00, 0x00, 0x00, 0xf6,
  0x00, 0x00, 0x00, 0x00, 0x00, 0xf5, 0x41, 0x00, 0x00, 0x00, 0x00, 0x00,
  0x33, 0x00, 0x00, 0x00, 0x00, 0x00, 0x3f, 0x00, 0x2e, 0x00, 0x00, 0x00,
  0x00, 0x00, 0x00, 0x00, 0x00, 0x00, 0x00, 0x00, 0x31, 0x00, 0x15, 0x00,
  0x39, 0x00, 0x00, 0x00, 0x00, 0x00, 0x00, 0x00, 0x00, 0x00, 0x00, 0x00,
  0x00, 0x17, 0x00, 0x00, 0x00, 0x00, 0x36, 0x00, 0x00, 0x00, 0x00, 0x00,
  0x2a, 0x00, 0x00, 0x00, 0x00, 0xee, 0x00, 0x00, 0x2a, 0x13, 0x00, 0x00,
  0x00, 0x00, 0x00, 0x00, 0x00, 0xfa, 0x00, 0x00, 0x42, 0x00, 0x00, 0x00,
  0x00, 0x00, 0x00, 0x00, 0x00, 0x00, 0x00, 0x00, 0x3b, 0xd7, 0x00, 0xfb,
  0x00, 0x00, 0x00, 0x00, 0x00, 0xfa, 0x00, 0x00, 0x00, 0x00, 0x00, 0x00,
  0x3e, 0x00, 0x00, 0x00, 0x00, 0x00, 0x34, 0x00, 0x00, 0x00, 0x00, 0x00,
  0x00, 0x41, 0x00, 0x00, 0x00, 0x00, 0x00, 0x00, 0x00, 0x00, 0x00, 0x00,
  0x00, 0x00, 0x3a, 0x00, 0x00, 0x00, 0x00, 0x00, 0x46, 0x00, 0x00, 0x00,
  0x00, 0x00, 0x00, 0x00, 0x00, 0xf9, 0x00, 0x35, 0x00, 0x00, 0x00, 0x00,
  0x00, 0x34, 0x00, 0x00, 0x00, 0x00, 0x00, 0x00, 0x00, 0x00, 0x1c, 0x00,
  0x2d, 0x00, 0x00, 0x00, 0x00, 0x00, 0x00, 0x00, 0x00, 0x00, 0x00, 0x00,
  0x00, 0x00, 0x00, 0x00, 0x00, 0x00, 0x00, 0x00, 0x00, 0x00, 0x00, 0x00,
  0x00, 0x00, 0xe3, 0x00, 0x00, 0x00, 0x00, 0x00, 0xd5, 0x00, 0x00, 0x00,
  0xf8, 0x00, 0x00, 0x00, 0x00, 0x00, 0x02, 0x00, 0x00, 0x1d, 0xf4, 0x00,
  0x00, 0x00, 0x00, 0x00, 0xfc, 0x00, 0x00, 0x00, 0x00, 0x28, 0xf7, 0x00,
  0x0a, 0x00, 0x00, 0x00, 0x00, 0x00, 0x00, 0xfa, 0x00, 0x00, 0x00, 0x00,
  0x00, 0x00, 0x00, 0x00, 0x00, 0x00, 0x00, 0x33, 0xf7, 0x00, 0x00, 0x00,
  0x00, 0x00, 0xf8, 0x00, 0x00, 0x00, 0x1b, 0x00, 0x00, 0x00, 0x00, 0x00,
  0x00, 0x00, 0xe3, 0x00, 0x00, 0x00, 0xc6, 0x00, 0x00, 0x39, 0x00, 0x00,
  0x00, 0x00, 0x00, 0x00, 0x00, 0x00, 0x00, 0xec, 0x00, 0x3a, 0x00, 0x00,
  0x00, 0x00, 0x1b, 0x00, 0x00, 0x00, 0x00, 0x00, 0x00, 0x00, 0x00, 0x00,
  0xcc, 0x00, 0x00, 0x28, 0x00, 0x00, 0x00, 0x00, 0x00, 0x00, 0x00, 0x00,
  0x00, 0x00, 0x00, 0x27, 0x00, 0x00, 0x00, 0x00, 0x00, 0x00, 0x00, 0x00,
  0x00, 0x00, 0xd5, 0x2f, 0x00, 0x00, 0x00, 0x00, 0xeb, 0x00, 0x00, 0x00,
  0x00, 0x00, 0x00, 0x00, 0x06, 0x00, 0x00, 0xea, 0xd8, 0x27, 0x00, 0x00,
  0x00, 0x00, 0xdc, 0x00, 0x00, 0x00, 0x00, 0x00, 0xde, 0x00, 0xd8, 0x00,
  0x00, 0x06, 0x00, 0x00, 0x00, 0x61, 0x07, 0x00, 0x00, 0x00, 0x00, 0x53,
  0x00, 0x00, 0xe8, 0x00, 0x00, 0x00, 0x08, 0x00, 0xd8, 0x00, 0x00, 0x00,
  0xfb, 0x00, 0xde, 0x00, 0x00, 0x00, 0x00, 0x00, 0x00, 0x00, 0x00, 0x00,
  0x01, 0x00, 0x00, 0x00, 0x00, 0x00, 0x00, 0xf9, 0x00, 0x00, 0xd5, 0x00,
  0x00, 0x00, 0x00, 0x2f, 0x00, 0x00, 0x00, 0xf2, 0x00, 0x00, 0x00, 0x00,
  0x00, 0x00, 0x00, 0x00, 0x00, 0x00, 0x00, 0x00, 0x00, 0x00, 0x00, 0x00,
  0x00, 0x00, 0x00, 0x00, 0x11, 0x00, 0x00, 0x00, 0x00, 0x00, 0x12, 0x00,
  0x00, 0x00, 0x00, 0x00, 0x00, 0x66, 0x00, 0x00, 0x00, 0x00, 0x00, 0x00,
  0x00, 0x00, 0x00, 0x00, 0x00, 0x00, 0x00, 0xf3, 0xec, 0x32, 0x00, 0x00,
  0x00, 0xf6, 0x00, 0x00, 0x00, 0x00, 0x08, 0x00, 0x00, 0x00, 0x00, 0x00,
  0xd4, 0x00, 0x00, 0x00, 0x00, 0x5f, 0x00, 0x00, 0x00, 0x00, 0x00, 0x00,
  0x2a, 0xfc, 0x00, 0x44, 0x00, 0x00, 0xd6, 0x00, 0x00, 0x00, 0x00, 0x00,
  0x00, 0x00, 0x00, 0x00, 0x00, 0x00, 0x00, 0x00, 0x00, 0x00, 0x00, 0x00,
  0xc8, 0x00, 0x00, 0x00, 0x00, 0x00, 0x00, 0x00, 0x23, 0x3e, 0x00, 0x00,
  0x00, 0xf5, 0x00, 0x00, 0x00, 0x5b, 0xc8, 0x00, 0x00, 0x43, 0x00, 0x00,
  0x00, 0x00, 0x00, 0x00, 0x00, 0x00, 0xc9, 0x00, 0x00, 0x4a, 0x00, 0x00,
  0xc6, 0x00, 0x00, 0x00, 0x00, 0x00, 0x00, 0x02, 0xef, 0x00, 0x00, 0x00,
  0xfa, 0x00, 0xdf, 0x00, 0x00, 0x00, 0x00, 0xf2, 0x00, 0x45, 0x00, 0x00,
  0x00, 0x00, 0x00, 0x00, 0x00, 0x51, 0xfd, 0x00, 0x00, 0x00, 0x00, 0x00,
  0x00, 0x00, 0x00, 0x00, 0x06, 0x00, 0x20, 0x00, 0x00, 0x00, 0x00, 0x00,
  0x00, 0x00, 0x00, 0x00, 0x00, 0x00, 0x00, 0x00, 0x00, 0x00, 0x00, 0x00,
  0x00, 0x00, 0xda, 0x00, 0x00, 0x00, 0x00, 0x00, 0x00, 0x00, 0x00, 0x00,
  0x00, 0x00, 0x00, 0x00, 0x00, 0x0c, 0x00, 0x00, 0x00, 0x2f, 0x00, 0x00,
  0x00, 0x04, 0x00, 0x34, 0x00, 0x00, 0x00, 0xf6, 0x00, 0x00, 0x00, 0x00,
  0x0a, 0x00, 0x00, 0x35, 0xbf, 0x00, 0x00, 0x00, 0xeb, 0x00, 0x00, 0x00,
  0x00, 0x00, 0xe4, 0x2f, 0x00, 0x00, 0x00, 0x00, 0xeb, 0x00, 0xc2, 0x00,
  0x00, 0x1a, 0xe3, 0x00, 0x00, 0x63, 0x00, 0x00, 0xe2, 0x00, 0x00, 0x00,
  0xfd, 0x00, 0x00, 0x00, 0x00, 0x00, 0x00, 0x00, 0x00, 0x00, 0x00, 0x00,
  0xde, 0x00, 0x00, 0x00, 0x00, 0x00, 0x00, 0x00, 0x00, 0x3f, 0x00, 0x00,
  0x00, 0x04, 0x00, 0x00, 0x00, 0x00, 0xcb, 0x00, 0x00, 0x00, 0x00, 0x00,
  0x0f, 0x00, 0x00, 0x00, 0x00, 0x59, 0x00, 0x00, 0x00, 0x00, 0x00, 0x00,
  0x00, 0x00, 0x00, 0x00, 0x00, 0x00, 0x00, 0x00, 0x00, 0x00, 0x00, 0x00,
  0x00, 0x00, 0x00, 0x00, 0x00, 0x00, 0x00, 0x00, 0x00, 0x00, 0xcd, 0x00,
  0x00, 0x00, 0x00, 0x47, 0x00, 0x00, 0xbf, 0x00, 0x00, 0x4b, 0x00, 0x00,
  0x00, 0x00, 0x00, 0x00, 0xca, 0x5e, 0xff, 0x00, 0xee, 0x00, 0x00, 0x5e,
  0x00, 0x00, 0x00, 0x00, 0xcb, 0x5b, 0x00, 0x00, 0x00, 0x51, 0x00, 0x58,
  0x00, 0xdf, 0x00, 0x41, 0x00, 0x00, 0x00, 0x00, 0x00, 0x29, 0x00, 0x00,
  0x35, 0x00, 0x00, 0x39, 0x00, 0x00, 0x33, 0x00, 0x00, 0x3b, 0x00, 0x00,
  0x25, 0xee, 0x00, 0x00, 0x2d, 0x00, 0x29, 0xe5, 0x00, 0x00, 0x00, 0xdc,
  0x32, 0x00, 0x00, 0x00, 0x00, 0x00, 0x1e, 0x00, 0x00, 0x00, 0x1f, 0x00,
  0x00, 0x00, 0x00, 0x00, 0x17, 0x00, 0x00, 0x00, 0x00, 0x00, 0x00, 0x00,
  0x00, 0x00, 0x00, 0x00, 0x00, 0xe0, 0x00, 0x00, 0x00, 0x00, 0x14, 0x00,
  0x2e, 0x00, 0x00, 0x00, 0x16, 0x00, 0x00, 0x00, 0x00, 0x00, 0x17, 0x00,
  0x00, 0xc6, 0x00, 0x00, 0x00, 0x00, 0x00, 0x00, 0x00, 0x00, 0x00, 0x00,
  0x00, 0x00, 0x00, 0x00, 0x00, 0x00, 0xf8, 0x00, 0xe0, 0x21, 0x00, 0x00,
  0x00, 0x11, 0xde, 0x00, 0x00, 0x00, 0x00, 0x00, 0xe0, 0x20, 0x00, 0x1d,
  0x00, 0x00, 0x00, 0x00, 0xe9, 0x00, 0x29, 0x00, 0xec, 0x00, 0x00, 0x00,
  0x00, 0xef, 0x00, 0x00, 0x00, 0x13, 0x00, 0xf1, 0x2f, 0x30, 0x00, 0x00,
  0x00, 0xd4, 0x00, 0x00, 0x00, 0x00, 0x00, 0xd9, 0x00, 0x00, 0x00, 0x00,
  0x29, 0x00, 0x00, 0x20, 0x00, 0x12, 0x22, 0xdf, 0x00, 0x00, 0x00, 0x00,
  0x00, 0x00, 0x00, 0x00, 0x00, 0x00, 0x00, 0x00, 0x00, 0x00, 0x00, 0x00,
  0x27, 0x00, 0x00, 0x00, 0x00, 0x00, 0x00, 0xed, 0x00, 0x00, 0x00, 0xcc,
  0x00, 0xe4, 0x11, 0x00, 0x00, 0xd1, 0x00, 0x00, 0x0f, 0x00, 0x00, 0xc6,
  0x00, 0x00, 0x17, 0x00, 0x00, 0xd9, 0x00, 0xd4, 0x00, 0x00, 0x00, 0xd0,
  0x00, 0x00, 0x00, 0x27, 0x00, 0x00, 0x00, 0x00, 0x00, 0x00, 0x00, 0x00,
  0x00, 0x00, 0x00, 0x00, 0x00, 0x00, 0x00, 0x00, 0x00, 0x00, 0x00, 0x00,
  0x00, 0xe0, 0x00, 0x00, 0x00, 0x00, 0x00, 0x00, 0x00, 0x00, 0x00, 0x00,
  0x00, 0x00, 0x00, 0x00, 0x00, 0x00, 0x00, 0xd5, 0x00, 0x00, 0x00, 0x00,
  0x00, 0xc7, 0x00, 0x2f, 0x30, 0x00, 0x00, 0xdf, 0xe5, 0x00, 0x00, 0x00,
  0x00, 0xe0, 0xe8, 0x00, 0x00, 0x00, 0x00, 0x00, 0xde, 0x00, 0x00, 0x00,
  0x00, 0x00, 0xde, 0x00, 0x00, 0x00, 0x00, 0x00, 0xcd, 0x00, 0x00, 0x00,
  0x00, 0x00, 0xda, 0x00, 0x00, 0x16, 0x00, 0x00, 0x00, 0x00, 0x00, 0x10,
  0x00, 0xd0, 0x00, 0x00, 0x3c, 0x00, 0xf1, 0xdb, 0xdd, 0x00, 0x00, 0x2b,
  0x00, 0x00, 0xec, 0x00, 0x37, 0x14, 0x00, 0x00, 0xe9, 0x00, 0x00, 0x1a,
  0x00, 0x00, 0xf0, 0x00, 0x00, 0x00, 0x3a, 0x00, 0xdf, 0x00, 0x00, 0x1a,
  0x00, 0x00, 0x00, 0x00, 0x00, 0x13, 0x00, 0x00, 0x00, 0x00, 0x00, 0x00,
  0x00, 0x00, 0xdb, 0x00, 0x39, 0x00, 0xf6, 0x00, 0x00, 0x00, 0x00, 0x00,
  0x00, 0x00, 0x00, 0x00, 0x00, 0xe0, 0x00, 0xd7, 0x00, 0x00, 0x00, 0x00,
  0x00, 0x00, 0x00, 0x00, 0x00, 0x00, 0x37, 0x00, 0x00, 0x00, 0x00, 0x00,
  0x00, 0x00, 0xe2, 0x00, 0x00, 0x00, 0x00, 0x00, 0xe1, 0x00, 0x00, 0x00,
  0x00, 0x00, 0x00, 0x00, 0x00, 0x00, 0x00, 0x00, 0x00, 0x00, 0x00, 0x00,
  0x00, 0xd1, 0x00, 0x00, 0x00, 0x00, 0x00, 0xcd, 0x00, 0x00, 0x00, 0x00,
  0x00, 0x00, 0x00, 0x00, 0x00, 0x00, 0x00, 0x00, 0x00, 0x00, 0xeb, 0x00,
  0x1d, 0x00, 0x00, 0x00, 0x00, 0x00, 0x00, 0x00, 0xe3, 0x00, 0x00, 0xe2,
  0x00, 0x00, 0x00, 0x00, 0xec, 0x00, 0x00, 0x00, 0x00, 0xfb, 0xe1, 0x00,
  0x2a, 0x00, 0x00, 0x00, 0x00, 0x00, 0x00, 0x00, 0x00, 0x01, 0x00, 0x00,
  0x29, 0xe9, 0x00, 0x00, 0x00, 0x00, 0x2f, 0xee, 0x00, 0x00, 0x00, 0x00,
  0x24, 0xed, 0xf0, 0x00, 0x00, 0x00, 0x2a, 0x00, 0x00, 0x00, 0x00, 0x00,
  0x22, 0x00, 0xdc, 0x00, 0x2a, 0x00, 0x31, 0x00, 0x00, 0xeb, 0x00, 0x00,
  0x2a, 0x10, 0x00, 0x00, 0x27, 0x00, 0x00, 0x00, 0x00, 0x00, 0x00, 0x00,
  0x00, 0x00, 0x00, 0x00, 0x32, 0x00, 0x00, 0x00, 0x00, 0x00, 0x00, 0xda,
  0x39, 0x00, 0x00, 0x00, 0x00, 0x00, 0x00, 0xc2, 0x00, 0x00, 0x00, 0x00,
  0x00, 0xe9, 0x00, 0x00, 0x00, 0x00, 0x23, 0x00, 0xec, 0xe9, 0x00, 0x00,
  0x00, 0x00, 0xf0, 0x00, 0x00, 0x00, 0x00, 0x00, 0x00, 0xe8, 0x00, 0x17,
  0x00, 0x00, 0x00, 0xea, 0x00, 0x00, 0x00, 0x00, 0x00, 0x00, 0x00, 0x1a,
  0x00, 0x00, 0x00, 0xe3, 0x00, 0x00, 0x00, 0x00, 0x00, 0x00, 0x00, 0x21,
  0x00, 0x35, 0x00, 0x00, 0xce, 0x00, 0x00, 0x00, 0x00, 0x00, 0xcb, 0x00,
  0x00, 0x00, 0x00, 0x00, 0x00, 0x00, 0x00, 0x00, 0x00, 0x00, 0x00, 0x00,
  0x00, 0x00, 0x00, 0x00, 0x00, 0x0d, 0x00, 0x00, 0x00, 0x00, 0x00, 0x00,
  0xcf, 0x00, 0x00, 0x00, 0x00, 0x00, 0x00, 0x00, 0x00, 0x00, 0x00, 0x00,
  0x00, 0x00, 0x00, 0x00, 0x00, 0x00, 0x00, 0x00, 0x00, 0x00, 0x00, 0x00,
  0x00, 0x00, 0x00, 0x00, 0x00, 0x00, 0x00, 0x00, 0x00, 0x00, 0x00, 0x00,
  0x00, 0x00, 0x00, 0x00, 0x00, 0x0b, 0x00, 0x00, 0x2d, 0x00, 0x00, 0x00,
  0xcd, 0x00, 0x00, 0x00, 0xd7, 0x00, 0x00, 0x00, 0x00, 0x00, 0x00, 0x00,
  0x00, 0x27, 0x00, 0x00, 0x00, 0x00, 0x00, 0x2f, 0x00, 0x00, 0xcf, 0x00,
  0xc6, 0x00, 0x00, 0x00, 0x00, 0x0a, 0x00, 0x2f, 0x00, 0x39, 0x00, 0x00,
  0x00, 0x00, 0x2d, 0x00, 0x00, 0x00, 0x00, 0x00, 0x24, 0x00, 0x00, 0x00,
  0x00, 0x00, 0x33, 0x00, 0x00, 0x00, 0x00, 0x00, 0x35, 0x00, 0x00, 0x00,
  0x00, 0x00, 0x00, 0x2c, 0xce, 0x00, 0x00, 0x00, 0x00, 0x00, 0xd8, 0x00,
  0x00, 0x00, 0x00, 0x00, 0x00, 0x00, 0x00, 0x00, 0x00, 0x27, 0x00, 0x00,
  0x00, 0x00, 0x00, 0x2b, 0x00, 0x00, 0x00, 0x00, 0x00, 0x00, 0x00, 0x00,
  0xc6, 0x00, 0x00, 0x00, 0xd1, 0x00, 0xd2, 0x00, 0x00, 0x00, 0x00, 0x00,
  0x00, 0x00, 0x27, 0x00, 0x00, 0x00, 0x00, 0x00, 0x21, 0x00, 0x00, 0x00,
  0x00, 0x38, 0x00, 0x00, 0x00, 0x00, 0xcc, 0x00, 0x00, 0x00, 0x00, 0x00,
  0x00, 0x00, 0x00, 0x00, 0xce, 0x00, 0x00, 0x00, 0x00, 0x00, 0xce, 0x00,
  0x00, 0x00, 0x30, 0x00, 0x00, 0x00, 0x00, 0x00, 0x00, 0x00, 0x00, 0x00,
  0xc0, 0x2c, 0x00, 0x2b, 0x00, 0x07, 0x00, 0x2e, 0x00, 0x00, 0x00, 0x00,
  0x00, 0x00, 0x2a, 0x00, 0x00, 0x0b, 0x00, 0x00, 0x00, 0x00, 0x00, 0x00,
  0x00, 0x00, 0x00, 0x00, 0x00, 0x00, 0x00, 0x23, 0x00, 0x2c, 0x00, 0x04,
  0x00, 0x31, 0x00, 0x00, 0x00, 0x00, 0x00, 0x2c, 0x00, 0x00, 0xcf, 0x00,
  0x00, 0x00, 0x00, 0x00, 0x00, 0x00, 0x00, 0x00, 0x00, 0x00, 0x00, 0x00,
  0xc1, 0x00, 0x00, 0x00, 0xd1, 0x00, 0x00, 0x00, 0x00, 0x00, 0x00, 0x00,
  0x00, 0x00, 0x00, 0x00, 0x00, 0x00, 0x00, 0x00, 0x00, 0x00, 0x00, 0x00,
  0x00, 0x00, 0x00, 0x00, 0x00, 0x00, 0xc4, 0x2d, 0x00, 0x2b, 0x00, 0x06,
  0x00, 0x2a, 0x00, 0x00, 0x00, 0x00, 0x00, 0x00, 0x00, 0x00, 0x05, 0x00,
  0xc4, 0x35, 0x00, 0x33, 0x00, 0x00, 0xc1, 0x00, 0x00, 0x00, 0x00, 0x07,
  0xc0, 0x3a, 0x00, 0x2f, 0x00, 0x00, 0xc1, 0x42, 0x00, 0x00, 0x00, 0x0a,
  0xc4, 0x00, 0x1c, 0x26, 0x00, 0x00, 0x00, 0x00, 0x00, 0x27, 0x00, 0x00,
  0x00, 0x00, 0x00, 0x00, 0x00, 0x00, 0x00, 0x00, 0x00, 0x2f, 0x00, 0x00,
  0xc3, 0x54, 0x00, 0x25, 0x00, 0x00, 0xc8, 0x00, 0x00, 0x00, 0x00, 0x00,
  0xce, 0x00, 0x00, 0x30, 0xd5, 0x00, 0x00, 0x00, 0x00, 0x00, 0x00, 0x00,
  0xc7, 0x00, 0x00, 0x00, 0x00, 0x00, 0x00, 0x00, 0x00, 0x00, 0x00, 0x00,
  0x00, 0x00, 0x00, 0x00, 0x00, 0x00, 0x00, 0x35, 0x00, 0x00, 0xd7, 0x0d,
  0xc6, 0x00, 0x00, 0x00, 0x00, 0x00, 0x00, 0x00, 0x00, 0x28, 0x00, 0x14,
  0x00, 0x00, 0x00, 0x00, 0x00, 0x00, 0x00, 0x00, 0x00, 0x00, 0x00, 0x00,
  0x00, 0x00, 0x00, 0x00, 0x00, 0x00, 0x00, 0x00, 0x00, 0x00, 0x00, 0x00,
  0x00, 0x00, 0x22, 0x00, 0x00, 0x00, 0x00, 0x00, 0x00, 0x00, 0x00, 0x00,
  0x00, 0x00, 0x00, 0x00, 0x00, 0x00, 0x00, 0x00, 0x00, 0x00, 0x00, 0x11,
  0x00, 0x00, 0x00, 0x00, 0x00, 0x00, 0x00, 0x00, 0x00, 0x00, 0x00, 0x00,
  0x00, 0x00, 0x00, 0x00, 0x00, 0x00, 0x00, 0x00, 0x00, 0x00, 0x00, 0x00,
  0xcf, 0x00, 0x00, 0x00, 0x00, 0x00, 0x00, 0x00, 0x00, 0x00, 0x00, 0x00,
  0x00, 0x00, 0x00, 0x00, 0x00, 0x00, 0x00, 0x00, 0x00, 0x00, 0x00, 0x00,
  0x00, 0x00, 0x31, 0x00, 0x00, 0x00, 0x00, 0x00, 0x00, 0x00, 0xc5, 0x00,
  0xd8, 0x00, 0x00, 0x00, 0xcd, 0x00, 0x00, 0x20, 0x00, 0x00, 0x00, 0x00,
  0x00, 0x27, 0x00, 0x00, 0xcc, 0x00, 0x00, 0x22, 0x00, 0xf7, 0x00, 0x18,
  0x00, 0x00, 0x00, 0x00, 0xd4, 0x1a, 0x00, 0x00, 0x00, 0xef, 0x00, 0x00,
  0x00, 0x00, 0x00, 0x00, 0x00, 0x30, 0x00, 0x00, 0x00, 0x00, 0xee, 0x00,
  0x00, 0x00, 0x00, 0x00, 0x00, 0x00, 0xc9, 0xed, 0x29, 0x00, 0x00, 0x00,
  0x00, 0x00, 0x3c, 0x00, 0x00, 0x00, 0x00, 0x00, 0x00, 0x00, 0x00, 0x00,
  0x00, 0x00, 0x00, 0x00, 0x00, 0x00, 0x00, 0x00, 0x00, 0x00, 0x00, 0x00,
  0x00, 0x00, 0x00, 0xdc, 0x00, 0x00, 0x00, 0x00, 0x00, 0xce, 0x00, 0x00,
  0x00, 0x00, 0x00, 0x00, 0x00, 0x00, 0x00, 0x00, 0x00, 0xdb, 0x00, 0x00,
  0xd4, 0x00, 0x00, 0x00, 0x00, 0x00, 0x00, 0xf9, 0x00, 0xde, 0x00, 0x00,
  0x00, 0xf4, 0x00, 0x00, 0x00, 0xe9, 0x00, 0xef, 0x00, 0x00, 0x00, 0x00,
  0x00, 0xe5, 0x00, 0x00, 0x00, 0x00, 0x00, 0xdd, 0x00, 0x00, 0x00, 0x00,
  0x00, 0x00, 0x00, 0x00, 0x00, 0x00, 0x00, 0xd4, 0x00, 0x00, 0x00, 0x33,
  0x00, 0x00, 0x00, 0x00, 0x00, 0x00, 0x00, 0x00, 0x00, 0x00, 0x1e, 0x00,
  0x1f, 0xda, 0x00, 0x00, 0x1c, 0x00, 0x00, 0x00, 0x00, 0x00, 0x00, 0x00,
  0x00, 0x00, 0x00, 0x00, 0x00, 0x00, 0x00, 0xcf, 0x00, 0xc3, 0x00, 0xf1,
  0x00, 0x00, 0x00, 0x00, 0x00, 0xf6, 0x00, 0x00, 0x00, 0x00, 0x00, 0xe1,
  0x00, 0x00, 0x00, 0xd1, 0x00, 0xef, 0x00, 0x00, 0xf5, 0x00, 0x00, 0x00,
  0x28, 0x00, 0x00, 0x00, 0x00, 0x00, 0x22, 0x00, 0x00, 0x00, 0x00, 0x00,
  0xeb, 0x00, 0x00, 0xc7, 0x00, 0x00, 0x00, 0x0c, 0x00, 0x00, 0x00, 0x28,
  0x00, 0x00, 0x00, 0x00, 0x15, 0x00, 0x00, 0x00, 0x00, 0x00, 0x13, 0x2a,
  0x00, 0x00, 0x00, 0x00, 0x00, 0x00, 0x00, 0x00, 0x00, 0xc1, 0x00, 0x00,
  0x00, 0x00, 0x00, 0x00, 0x00, 0x00, 0x00, 0x00, 0x00, 0xc9, 0x1a, 0x00,
  0x00, 0x00, 0x31, 0x00, 0x1f, 0x00, 0x15, 0x00, 0x00, 0x00, 0x00, 0x00,
  0x00, 0xc9, 0xd7, 0x00, 0x12, 0x2d, 0x00, 0x00, 0xf8, 0xc3, 0x00, 0x29,
  0x00, 0x00, 0x00, 0xba, 0x00, 0x00, 0x00, 0x00, 0x00, 0x00, 0x00, 0x00,
  0x00, 0x00, 0x00, 0x00, 0x00, 0x38, 0x00, 0x00, 0x00, 0xb8, 0x00, 0x00,
  0x00, 0x00, 0x00, 0x00, 0x00, 0x00, 0x00, 0x00, 0x00, 0x00, 0x00, 0xff,
  0x00, 0x00, 0x00, 0x00, 0x0b, 0x00, 0x00, 0x00, 0x00, 0x00, 0x00, 0xed,
  0x0b, 0xd5, 0x00, 0x00, 0x00, 0x00, 0x00, 0xd7, 0x00, 0x00, 0x07, 0xf5,
  0x00, 0x00, 0x3d, 0x00, 0x00, 0x00, 0x00, 0xd7, 0x00, 0x00, 0x00, 0xf6,
  0x00, 0x00, 0xf5, 0x00, 0x00, 0x00, 0x00, 0x00, 0xf5, 0x00, 0x00, 0x00,
  0x1d, 0xeb, 0xf3, 0x00, 0x00, 0x01, 0x00, 0x00, 0x00, 0x00, 0x00, 0x00,
  0x0a, 0xd2, 0x00, 0x00, 0x00, 0x00, 0x0e, 0xd1, 0x00, 0x00, 0x00, 0x00,
  0x00, 0x00, 0x00, 0x00, 0x00, 0x00, 0x00, 0x00, 0x00, 0x00, 0x00, 0x00,
  0x00, 0x00, 0x00, 0x00, 0x00, 0x01, 0x00, 0x00, 0xf0, 0x00, 0x0b, 0x00,
  0x1b, 0x00, 0x00, 0x00, 0x00, 0x00, 0x00, 0x00, 0x00, 0x00, 0x00, 0x00,
  0x00, 0x00, 0x00, 0xba, 0x00, 0x00, 0x00, 0x00, 0x00, 0x00, 0x00, 0x00,
  0x00, 0x00, 0x00, 0x00, 0x00, 0x00, 0x00, 0x00, 0x00, 0xc4, 0x14, 0x00,
  0x00, 0x00, 0x00, 0x00, 0x14, 0x00, 0x00, 0xe8, 0x00, 0x00, 0x00, 0x00,
  0x00, 0xdb, 0x00, 0x00, 0x0f, 0x00, 0x00, 0x00, 0x00, 0x00, 0x00, 0x02,
  0x15, 0x00, 0x00, 0x00, 0x00, 0x00, 0x00, 0x00, 0xf7, 0x00, 0x00, 0x00,
  0x00, 0x00, 0xf5, 0x00, 0x00, 0x00, 0x00, 0x00, 0x00, 0x00, 0x00, 0x00,
  0x00, 0x00, 0x00, 0x00, 0x00, 0x00, 0x00, 0x00, 0x00, 0x00, 0x0b, 0x00,
  0x00, 0x00, 0x00, 0xbe, 0x00, 0x00, 0xc5, 0x00, 0x00, 0x00, 0x00, 0x00,
  0x00, 0x00, 0x00, 0x00, 0x00, 0xfc, 0x04, 0x00, 0x00, 0x00, 0x12, 0x00,
  0x00, 0x00, 0xf9, 0x00, 0x00, 0x01, 0x00, 0x00, 0x00, 0x00, 0x12, 0xf9,
  0x00, 0x00, 0x00, 0x00, 0x13, 0x08, 0x00, 0x00, 0x00, 0x00, 0x00, 0x00,
  0x00, 0x00, 0x00, 0x00, 0x00, 0x00, 0x00, 0x00, 0x00, 0x00, 0x00, 0x00,
  0x00, 0x00, 0x00, 0x00, 0x00, 0x00, 0x00, 0x00, 0x00, 0x00, 0x00, 0x00,
  0x00, 0x00, 0xf0, 0x00, 0x00, 0x00, 0x00, 0x00, 0x00, 0x00, 0x00, 0x00,
  0x0f, 0xcd, 0xe9, 0xc5, 0x00, 0x00, 0x00, 0xcb, 0x00, 0x00, 0x00, 0x00,
  0x00, 0xcc, 0x00, 0xc3, 0x00, 0x00, 0x00, 0xc7, 0x00, 0x00, 0x00, 0x00,
  0xd2, 0x00, 0x00, 0x00, 0x00, 0x00, 0x00, 0x00, 0x00, 0x38, 0x02, 0x00,
  0x00, 0xd2, 0x00, 0x2e, 0x00, 0x29, 0x17, 0x00, 0x00, 0x45, 0x00, 0x00,
  0x00, 0x00, 0x00, 0x00, 0x00, 0x00, 0x00, 0x00, 0x00, 0x34, 0x00, 0x00,
  0x13, 0x00, 0x00, 0x00, 0x00, 0x00, 0x00, 0x00, 0x08, 0x00, 0xe2, 0x00,
  0x00, 0x00, 0x03, 0x1f, 0xe7, 0x00, 0x0a, 0x00, 0x00, 0x00, 0xe3, 0x00,
  0x00, 0xe4, 0x00, 0x00, 0x00, 0x1c, 0x00, 0xe4, 0x00, 0x28, 0xe7, 0x00,
  0xc8, 0x00, 0xfc, 0x28, 0x00, 0x00, 0xd8, 0x00, 0xf1, 0x00, 0x00, 0x00,
  0x00, 0x00, 0xf1, 0x00, 0x00, 0x00, 0x0d, 0x00, 0x00, 0x00, 0x28, 0x1b,
  0x0b, 0x00, 0x00, 0x00, 0x00, 0x00, 0x00, 0x00, 0x00, 0x00, 0x00, 0x00,
  0x00, 0x00, 0x00, 0x00, 0x00, 0x00, 0x00, 0x00, 0x00, 0x00, 0x00, 0x00,
  0x00, 0x00, 0x00, 0x00, 0x00, 0x00, 0x00, 0x00, 0x00, 0x00, 0x00, 0x00,
  0x00, 0x00, 0xd0, 0x00, 0x00, 0x00, 0x00, 0x00, 0x00, 0x00, 0x00, 0x00,
  0x00, 0x00, 0x00, 0x00, 0x00, 0x00, 0x00, 0x00, 0xce, 0x00, 0x00, 0x00,
  0x00, 0x00, 0x00, 0x00, 0x00, 0x00, 0x00, 0x00, 0x00, 0x00, 0x00, 0x00,
  0x00, 0x00, 0x00, 0x00, 0x00, 0x00, 0x00, 0x00, 0x00, 0x00, 0x00, 0x00,
  0x00, 0x07, 0xe5, 0x00, 0x00, 0x00, 0x00, 0x00, 0x00, 0x00, 0x00, 0x32,
  0x12, 0x00, 0x00, 0x00, 0x00, 0x00, 0x00, 0x00, 0x00, 0x00, 0x00, 0x00,
  0x00, 0x00, 0x00, 0x00, 0x00, 0x00, 0x00, 0x00, 0xf3, 0x00, 0x00, 0x19,
  0x14, 0x00, 0x00, 0x15, 0x00, 0x00, 0x10, 0xca, 0x00, 0x0f, 0x00, 0x00,
  0x00, 0xc8, 0x00, 0x00, 0xde, 0x17, 0x00, 0x00, 0x00, 0x00, 0x00, 0x00,
  0x00, 0xf4, 0x00, 0x00, 0x00, 0x00, 0x12, 0xef, 0x00, 0x0a, 0x00, 0x00,
  0x10, 0xeb, 0x00, 0x06, 0x00, 0x00, 0x00, 0x00, 0xf5, 0x10, 0x00, 0x00,
  0x27, 0x21, 0x00, 0x0d, 0x00, 0x00, 0x0b, 0xe7, 0x00, 0x00, 0xdf, 0x00,
  0x00, 0x00, 0x28, 0x0a, 0x00, 0x00, 0x00, 0x00, 0x00, 0x00, 0xd8, 0x00,
  0xd5, 0x00, 0x00, 0x15, 0xdd, 0x00, 0x00, 0x00, 0x00, 0x00, 0x00, 0x00,
  0x00, 0x00, 0x00, 0x00, 0x00, 0x00, 0x00, 0x00, 0x00, 0x1b, 0x00, 0x00,
  0x00, 0x23, 0x00, 0x00, 0x00, 0x00, 0x00, 0x1b, 0xd5, 0x00, 0x00, 0x00,
  0x00, 0x00, 0x00, 0x00, 0x00, 0x00, 0x00, 0x00, 0x00, 0x00, 0x00, 0x00,
  0x00, 0x00, 0x00, 0x00, 0x00, 0x00, 0x0f, 0x00, 0xc4, 0x00, 0x00, 0x00,
  0x00, 0x00, 0xdb, 0x00, 0x00, 0x00, 0x00, 0x00, 0x00, 0x00, 0x00, 0x00,
  0x00, 0xd0, 0xda, 0x00, 0x00, 0x00, 0x00, 0xc8, 0xe6, 0x00, 0x00, 0x00,
  0x00, 0xce, 0xe9, 0x00, 0xc2, 0x00, 0x00, 0xbd, 0x00, 0x00, 0x00, 0x00,
  0x00, 0xbd, 0xf2, 0x00, 0x00, 0x00, 0x00, 0x00, 0x00, 0x00, 0x00, 0x21,
  0x1a, 0x00, 0xe2, 0xe4, 0x00, 0x00, 0x00, 0xdb, 0x00, 0x00, 0x00, 0x1b,
  0x00, 0x00, 0x00, 0x00, 0x00, 0x00, 0x00, 0x00, 0x00, 0x00, 0x00, 0x1e,
  0x00, 0x00, 0x00, 0x15, 0x00, 0x20, 0x00, 0x00, 0xf4, 0x00, 0x00, 0x19,
  0x00, 0x00, 0xf6, 0x00, 0x00, 0x00, 0x00, 0x00, 0x00, 0x00, 0x00, 0x15,
  0x00, 0x00, 0x00, 0x00, 0x00, 0x00, 0x2b, 0x00, 0xf0, 0x00, 0x00, 0x00,
  0x00, 0x00, 0x00, 0x00, 0x00, 0x00, 0x00, 0x00, 0x00, 0x00, 0x00, 0x00,
  0x00, 0x00, 0xe7, 0x00, 0x00, 0x00, 0x00, 0x00, 0xf6, 0x00, 0x00, 0x00,
  0x2a, 0x00, 0x00, 0x00, 0x00, 0x00, 0x00, 0xc9, 0x00, 0x00, 0xdc, 0x00,
  0x00, 0x00, 0x00, 0x00, 0x00, 0x00, 0x00, 0x00, 0xd5, 0x00, 0x00, 0x00,
  0x00, 0x00, 0x00, 0x00, 0xd1, 0x00, 0x00, 0xd6, 0x00, 0x00, 0xd2, 0x00,
  0x00, 0x00, 0x00, 0x00, 0xcd, 0x00, 0x00, 0xd3, 0x00, 0x1c, 0x00, 0x00,
  0x00, 0x00, 0x00, 0x00, 0xc7, 0x00, 0x00, 0x00, 0x00, 0x00, 0xca, 0x00,
  0x00, 0x00, 0x00, 0x00, 0x00, 0x00, 0x00, 0xfe, 0x00, 0x00, 0x00, 0x00,
  0x1c, 0x00, 0x00, 0x00, 0x00, 0x00, 0x14, 0x00, 0x00, 0x00, 0x00, 0x00,
  0x00, 0x00, 0x00, 0x00, 0x00, 0x00, 0x00, 0x00, 0x00, 0x00, 0x1f, 0x00,
  0x00, 0x00, 0x00, 0x00, 0x00, 0x00, 0x00, 0x00, 0x00, 0x00, 0x00, 0x00,
  0x00, 0x00, 0x00, 0x00, 0x00, 0xd8, 0x00, 0x00, 0x00, 0x00, 0x00, 0x00,
  0x00, 0x00, 0x00, 0x46, 0x00, 0x00, 0x00, 0x00, 0x00, 0x00, 0x00, 0x00,
  0x00, 0x00, 0x00, 0x34, 0x00, 0x00, 0x00, 0x00, 0x1e, 0x00, 0x00, 0x00,
  0x00, 0x00, 0x00, 0x00, 0x00, 0xdf, 0x00, 0x00, 0x00, 0x3d, 0x00, 0x00,
  0xeb, 0x00, 0x00, 0x2a, 0x00, 0x00, 0x00, 0x00, 0x00, 0x2b, 0xe3, 0x00,
  0x00, 0x00, 0x00, 0x36, 0xef, 0x00, 0x00, 0x00, 0x00, 0x00, 0x00, 0x00,
  0x00, 0x00, 0x00, 0x00, 0x00, 0x00, 0x00, 0x00, 0x00, 0x00, 0x00, 0x00,
  0xec, 0x00, 0x00, 0x00, 0xf2, 0x00, 0x00, 0x00, 0x00, 0x32, 0x00, 0x00,
  0x00, 0x00, 0x00, 0x00, 0x22, 0x00, 0x00, 0x00, 0x00, 0x2c, 0x23, 0x00,
  0x00, 0x00, 0x00, 0x00, 0x00, 0x00, 0x00, 0x0d, 0x00, 0x00, 0x00, 0x00,
  0xdb, 0x00, 0x00, 0x00, 0x00, 0x00, 0xda, 0x00, 0x00, 0x28, 0x23, 0x00,
  0x00, 0x00, 0x00, 0x00, 0x00, 0x00, 0x00, 0x00, 0x00, 0x22, 0xe7, 0x00,
  0x00, 0x00, 0x00, 0x2c, 0xde, 0x00, 0x00, 0x00, 0x00, 0x27, 0xdb, 0x00,
  0xdb, 0x00, 0x00, 0x00, 0x00, 0x00, 0x00, 0x00, 0x00, 0x2c, 0xd8, 0x00,
  0x00, 0x00, 0x00, 0x00, 0x00, 0x1b, 0x00, 0x00, 0x00, 0x1e, 0x00, 0x00,
  0x00, 0x00, 0x00, 0x00, 0x00, 0x00, 0x00, 0x00, 0x00, 0x00, 0xe2, 0x00,
  0x00, 0x00, 0x00, 0x00, 0x00, 0x1f, 0xde, 0x00, 0x00, 0x00, 0x00, 0x00,
  0x00, 0x00, 0x00, 0x00, 0x00, 0x00, 0xce, 0x00, 0x00, 0x00, 0x00, 0x00,
  0xce, 0x00, 0x00, 0x00, 0x00, 0x00, 0x00, 0x00, 0x00, 0x1a, 0x00, 0x00,
  0xcf, 0x00, 0x00, 0x00, 0x00, 0xe5, 0x00, 0x00, 0x00, 0x00, 0x00, 0x00,
  0x00, 0x00, 0x00, 0x13, 0x00, 0x00, 0xc5, 0x00, 0x00, 0x24, 0x00, 0x00,
  0x00, 0x00, 0x00, 0x00, 0x00, 0x00, 0x00, 0x00, 0x00, 0x19, 0x00, 0xe6,
  0x00, 0x1f, 0x00, 0x18, 0x00, 0x00, 0x00, 0x00, 0x00, 0x19, 0x00, 0x00,
  0x00, 0x00, 0x00, 0x25, 0xe8, 0xe3, 0xce, 0x00, 0x00, 0x1c, 0xda, 0x00,
  0x00, 0x20, 0x00, 0x2f, 0x00, 0x00, 0x00, 0x00, 0x00, 0x2d, 0x00, 0x00,
  0x00, 0x00, 0x2f, 0x38, 0x00, 0x00, 0x00, 0x00, 0x00, 0x00, 0x00, 0x00,
  0x00, 0x22, 0x00, 0x24, 0x00, 0x00, 0x00, 0x00, 0xf6, 0x00, 0xd7, 0x00,
  0x00, 0x00, 0x00, 0x26, 0x00, 0x00, 0x00, 0x00, 0x00, 0x00, 0xd8, 0x00,
  0xb4, 0x00, 0x00, 0x32, 0x00, 0x00, 0xdc, 0x1e, 0x00, 0x26, 0x00, 0x00,
  0x00, 0x16, 0xec, 0x00, 0x00, 0x00, 0xc6, 0x1e, 0xf5, 0x00, 0x00, 0x00,
  0x00, 0x2b, 0xf5, 0x00, 0x00, 0x00, 0x00, 0x00, 0xf4, 0x00, 0x00, 0xeb,
  0x00, 0x00, 0x00, 0x2d, 0x00, 0xe4, 0x00, 0x00, 0x00, 0x30, 0xc7, 0xea,
  0xc0, 0x00, 0x00, 0x00, 0x00, 0x00, 0x00, 0x00, 0x00, 0x2b, 0x00, 0xea,
  0x00, 0x00, 0x00, 0x00, 0x00, 0x00, 0x00, 0x00, 0x00, 0x2d, 0x00, 0x00,
  0x00, 0x00, 0x00, 0x00, 0x00, 0x00, 0x00, 0x21, 0x00, 0x00, 0x00, 0x00,
  0x00, 0x20, 0x00, 0x00, 0x00, 0x00, 0x00, 0x00, 0x00, 0x00, 0x00, 0x00,
  0x00, 0x00, 0x00, 0x2c, 0x00, 0x00, 0x00, 0x00, 0x00, 0x00, 0x00, 0x00,
  0xc9, 0x00, 0x00, 0x00, 0x00, 0x00, 0x00, 0x00, 0xf6, 0x36, 0x00, 0x00,
  0x00, 0x00, 0x00, 0x00, 0x00, 0xf0, 0x00, 0x00, 0x00, 0x30, 0x00, 0x00,
  0x00, 0x00, 0x00, 0x00, 0x00, 0xf3, 0x00, 0x00, 0x00, 0x00, 0x00, 0xf2,
  0x00, 0x00, 0x00, 0x2f, 0xda, 0xed, 0x00, 0x00, 0x00, 0x00, 0x00, 0x00,
  0x00, 0x00, 0x00, 0x2f, 0x00, 0x00, 0x00, 0x00, 0x00, 0x00, 0xd6, 0x00,
  0x00, 0x00, 0x00, 0x00, 0xe6, 0x00, 0xdf, 0x00, 0x00, 0x00, 0xeb, 0x00,
  0x00, 0x00, 0x00, 0x00, 0xd3, 0x00, 0x00, 0x00, 0x00, 0x00, 0xd3, 0x00,
  0x00, 0x00, 0x00, 0x39, 0xe3, 0x00, 0x00, 0x00, 0x00, 0x00, 0xe9, 0x00,
  0x00, 0x00, 0x31, 0x2e, 0x00, 0x00, 0x00, 0x00, 0x00, 0x39, 0x00, 0x00,
  0xdd, 0x00, 0x00, 0x00, 0x00, 0xeb, 0x00, 0x00, 0x00, 0x2a, 0x00, 0x00,
  0x00, 0xba, 0x00, 0x00, 0x00, 0x00, 0x00, 0x00, 0x00, 0x28, 0xee, 0x00,
  0x00, 0x00, 0xf4, 0x00, 0xe8, 0x00, 0x00, 0x00, 0x00, 0x00, 0x00, 0xd8,
  0x00, 0x00, 0x00, 0x2c, 0x00, 0x00, 0x00, 0x00, 0x00, 0x00, 0x00, 0xda,
  0x00, 0x00, 0x00, 0x00, 0x00, 0x00, 0x00, 0x00, 0x00, 0x00, 0x00, 0x00,
  0xc0, 0xfe, 0xff, 0xff, 0xc4, 0xfe, 0xff, 0xff, 0x0f, 0x00, 0x00, 0x00,
  0x4d, 0x4c, 0x49, 0x52, 0x20, 0x43, 0x6f, 0x6e, 0x76, 0x65, 0x72, 0x74,
  0x65, 0x64, 0x2e, 0x00, 0x01, 0x00, 0x00, 0x00, 0x14, 0x00, 0x00, 0x00,
  0x00, 0x00, 0x0e, 0x00, 0x18, 0x00, 0x14, 0x00, 0x10, 0x00, 0x0c, 0x00,
  0x08, 0x00, 0x04, 0x00, 0x0e, 0x00, 0x00, 0x00, 0x14, 0x00, 0x00, 0x00,
  0x1c, 0x00, 0x00, 0x00, 0x6c, 0x01, 0x00, 0x00, 0x70, 0x01, 0x00, 0x00,
  0x74, 0x01, 0x00, 0x00, 0x04, 0x00, 0x00, 0x00, 0x6d, 0x61, 0x69, 0x6e,
  0x00, 0x00, 0x00, 0x00, 0x05, 0x00, 0x00, 0x00, 0x14, 0x01, 0x00, 0x00,
  0xcc, 0x00, 0x00, 0x00, 0x84, 0x00, 0x00, 0x00, 0x50, 0x00, 0x00, 0x00,
  0x14, 0x00, 0x00, 0x00, 0x00, 0x00, 0x0e, 0x00, 0x1a, 0x00, 0x14, 0x00,
  0x10, 0x00, 0x0c, 0x00, 0x0b, 0x00, 0x04, 0x00, 0x0e, 0x00, 0x00, 0x00,
  0x1c, 0x00, 0x00, 0x00, 0x00, 0x00, 0x00, 0x09, 0x1c, 0x00, 0x00, 0x00,
  0x20, 0x00, 0x00, 0x00, 0x01, 0x00, 0x00, 0x00, 0x00, 0x00, 0x06, 0x00,
  0x08, 0x00, 0x04, 0x00, 0x06, 0x00, 0x00, 0x00, 0x00, 0x00, 0x80, 0x3f,
  0x01, 0x00, 0x00, 0x00, 0x0d, 0x00, 0x00, 0x00, 0x01, 0x00, 0x00, 0x00,
  0x0c, 0x00, 0x00, 0x00, 0x9a, 0xff, 0xff, 0xff, 0x10, 0x00, 0x00, 0x00,
  0x00, 0x00, 0x00, 0x08, 0x0c, 0x00, 0x00, 0x00, 0x10, 0x00, 0x00, 0x00,
  0x8c, 0xff, 0xff, 0xff, 0x01, 0x00, 0x00, 0x00, 0x0c, 0x00, 0x00, 0x00,
  0x03, 0x00, 0x00, 0x00, 0x09, 0x00, 0x00, 0x00, 0x0a, 0x00, 0x00, 0x00,
  0x0b, 0x00, 0x00, 0x00, 0xca, 0xff, 0xff, 0xff, 0x10, 0x00, 0x00, 0x00,
  0x00, 0x00, 0x00, 0x08, 0x10, 0x00, 0x00, 0x00, 0x14, 0x00, 0x00, 0x00,
  0x76, 0xff, 0xff, 0xff, 0x00, 0x00, 0x00, 0x01, 0x01, 0x00, 0x00, 0x00,
  0x09, 0x00, 0x00, 0x00, 0x03, 0x00, 0x00, 0x00, 0x06, 0x00, 0x00, 0x00,
  0x07, 0x00, 0x00, 0x00, 0x08, 0x00, 0x00, 0x00, 0x00, 0x00, 0x0e, 0x00,
  0x14, 0x00, 0x00, 0x00, 0x10, 0x00, 0x0c, 0x00, 0x0b, 0x00, 0x04, 0x00,
  0x0e, 0x00, 0x00, 0x00, 0x14, 0x00, 0x00, 0x00, 0x00, 0x00, 0x00, 0x08,
  0x10, 0x00, 0x00, 0x00, 0x14, 0x00, 0x00, 0x00, 0x04, 0x00, 0x04, 0x00,
  0x04, 0x00, 0x00, 0x00, 0x01, 0x00, 0x00, 0x00, 0x06, 0x00, 0x00, 0x00,
  0x03, 0x00, 0x00, 0x00, 0x03, 0x00, 0x00, 0x00, 0x04, 0x00, 0x00, 0x00,
  0x05, 0x00, 0x00, 0x00, 0x00, 0x00, 0x0e, 0x00, 0x16, 0x00, 0x00, 0x00,
  0x10, 0x00, 0x0c, 0x00, 0x0b, 0x00, 0x04, 0x00, 0x0e, 0x00, 0x00, 0x00,
  0x18, 0x00, 0x00, 0x00, 0x00, 0x00, 0x00, 0x08, 0x18, 0x00, 0x00, 0x00,
  0x1c, 0x00, 0x00, 0x00, 0x00, 0x00, 0x06, 0x00, 0x08, 0x00, 0x07, 0x00,
  0x06, 0x00, 0x00, 0x00, 0x00, 0x00, 0x00, 0x01, 0x01, 0x00, 0x00, 0x00,
  0x03, 0x00, 0x00, 0x00, 0x03, 0x00, 0x00, 0x00, 0x00, 0x00, 0x00, 0x00,
  0x01, 0x00, 0x00, 0x00, 0x02, 0x00, 0x00, 0x00, 0x01, 0x00, 0x00, 0x00,
  0x0d, 0x00, 0x00, 0x00, 0x01, 0x00, 0x00, 0x00, 0x00, 0x00, 0x00, 0x00,
  0x0e, 0x00, 0x00, 0x00, 0x04, 0x0a, 0x00, 0x00, 0x14, 0x09, 0x00, 0x00,
  0x48, 0x08, 0x00, 0x00, 0x4c, 0x07, 0x00, 0x00, 0x80, 0x06, 0x00, 0x00,
  0x04, 0x06, 0x00, 0x00, 0x48, 0x05, 0x00, 0x00, 0x6c, 0x04, 0x00, 0x00,
  0xb0, 0x03, 0x00, 0x00, 0xac, 0x02, 0x00, 0x00, 0xd0, 0x01, 0x00, 0x00,
  0x4c, 0x01, 0x00, 0x00, 0x80, 0x00, 0x00, 0x00, 0x04, 0x00, 0x00, 0x00,
  0x4a, 0xf6, 0xff, 0xff, 0x00, 0x00, 0x00, 0x01, 0x18, 0x00, 0x00, 0x00,
  0x20, 0x00, 0x00, 0x00, 0x3c, 0x00, 0x00, 0x00, 0x0e, 0x00, 0x00, 0x00,
  0x00, 0x00, 0x00, 0x09, 0x50, 0x00, 0x00, 0x00, 0x02, 0x00, 0x00, 0x00,
  0xff, 0xff, 0xff, 0xff, 0x0c, 0x00, 0x00, 0x00, 0x34, 0xf6, 0xff, 0xff,
  0x08, 0x00, 0x00, 0x00, 0x10, 0x00, 0x00, 0x00, 0x01, 0x00, 0x00, 0x00,
  0x80, 0xff, 0xff, 0xff, 0xff, 0xff, 0xff, 0xff, 0x01, 0x00, 0x00, 0x00,
  0x00, 0x00, 0x80, 0x3b, 0x19, 0x00, 0x00, 0x00, 0x53, 0x74, 0x61, 0x74,
  0x65, 0x66, 0x75, 0x6c, 0x50, 0x61, 0x72, 0x74, 0x69, 0x74, 0x69, 0x6f,
  0x6e, 0x65, 0x64, 0x43, 0x61, 0x6c, 0x6c, 0x3a, 0x30, 0x00, 0x00, 0x00,
  0x02, 0x00, 0x00, 0x00, 0x01, 0x00, 0x00, 0x00, 0x0c, 0x00, 0x00, 0x00,
  0xc2, 0xf6, 0xff, 0xff, 0x00, 0x00, 0x00, 0x01, 0x18, 0x00, 0x00, 0x00,
  0x20, 0x00, 0x00, 0x00, 0x40, 0x00, 0x00, 0x00, 0x0d, 0x00, 0x00, 0x00,
  0x00, 0x00, 0x00, 0x09, 0xa0, 0x00, 0x00, 0x00, 0x02, 0x00, 0x00, 0x00,
  0xff, 0xff, 0xff, 0xff, 0x0c, 0x00, 0x00, 0x00, 0xac, 0xf6, 0xff, 0xff,
  0x08, 0x00, 0x00, 0x00, 0x14, 0x00, 0x00, 0x00, 0x01, 0x00, 0x00, 0x00,
  0x41, 0x00, 0x00, 0x00, 0x00, 0x00, 0x00, 0x00, 0x00, 0x00, 0x00, 0x00,
  0x01, 0x00, 0x00, 0x00, 0x14, 0xa8, 0xcd, 0x3d, 0x66, 0x00, 0x00, 0x00,
  0x65, 0x6e, 0x63, 0x6f, 0x64, 0x65, 0x72, 0x5f, 0x63, 0x6c, 0x66, 0x5f,
  0x73, 0x74, 0x64, 0x5f, 0x66, 0x6c, 0x61, 0x74, 0x2f, 0x71, 0x75, 0x61,
  0x6e, 0x74, 0x5f, 0x61, 0x63, 0x74, 0x69, 0x76, 0x69, 0x74, 0x79, 0x5f,
  0x73, 0x6f, 0x66, 0x74, 0x6d, 0x61, 0x78, 0x2f, 0x4d, 0x61, 0x74, 0x4d,
  0x75, 0x6c, 0x3b, 0x65, 0x6e, 0x63, 0x6f, 0x64, 0x65, 0x72, 0x5f, 0x63,
  0x6c, 0x66, 0x5f, 0x73, 0x74, 0x64, 0x5f, 0x66, 0x6c, 0x61, 0x74, 0x2f,
  0x71, 0x75, 0x61, 0x6e, 0x74, 0x5f, 0x61, 0x63, 0x74, 0x69, 0x76, 0x69,
  0x74, 0x79, 0x5f, 0x73, 0x6f, 0x66, 0x74, 0x6d, 0x61, 0x78, 0x2f, 0x42,
  0x69, 0x61, 0x73, 0x41, 0x64, 0x64, 0x00, 0x00, 0x02, 0x00, 0x00, 0x00,
  0x01, 0x00, 0x00, 0x00, 0x0c, 0x00, 0x00, 0x00, 0x76, 0xf8, 0xff, 0xff,
  0x00, 0x00, 0x00, 0x01, 0x14, 0x00, 0x00, 0x00, 0x34, 0x00, 0x00, 0x00,
  0x0c, 0x00, 0x00, 0x00, 0x00, 0x00, 0x00, 0x02, 0x60, 0x00, 0x00, 0x00,
  0x64, 0xf7, 0xff, 0xff, 0x08, 0x00, 0x00, 0x00, 0x14, 0x00, 0x00, 0x00,
  0x01, 0x00, 0x00, 0x00, 0x00, 0x00, 0x00, 0x00, 0x00, 0x00, 0x00, 0x00,
  0x00, 0x00, 0x00, 0x00, 0x01, 0x00, 0x00, 0x00, 0x9b, 0x93, 0xae, 0x3a,
  0x33, 0x00, 0x00, 0x00, 0x65, 0x6e, 0x63, 0x6f, 0x64, 0x65, 0x72, 0x5f,
  0x63, 0x6c, 0x66, 0x5f, 0x73, 0x74, 0x64, 0x5f, 0x66, 0x6c, 0x61, 0x74,
  0x2f, 0x71, 0x75, 0x61, 0x6e, 0x74, 0x5f, 0x61, 0x63, 0x74, 0x69, 0x76,
  0x69, 0x74, 0x79, 0x5f, 0x73, 0x6f, 0x66, 0x74, 0x6d, 0x61, 0x78, 0x2f,
  0x42, 0x69, 0x61, 0x73, 0x41, 0x64, 0x64, 0x00, 0x01, 0x00, 0x00, 0x00,
  0x0c, 0x00, 0x00, 0x00, 0xf6, 0xf8, 0xff, 0xff, 0x00, 0x00, 0x00, 0x01,
  0x14, 0x00, 0x00, 0x00, 0x34, 0x00, 0x00, 0x00, 0x0b, 0x00, 0x00, 0x00,
  0x00, 0x00, 0x00, 0x09, 0xb4, 0x00, 0x00, 0x00, 0xe4, 0xf7, 0xff, 0xff,
  0x08, 0x00, 0x00, 0x00, 0x14, 0x00, 0x00, 0x00, 0x01, 0x00, 0x00, 0x00,
  0x00, 0x00, 0x00, 0x00, 0x00, 0x00, 0x00, 0x00, 0x00, 0x00, 0x00, 0x00,
  0x01, 0x00, 0x00, 0x00, 0xdd, 0x6d, 0x87, 0x3c, 0x85, 0x00, 0x00, 0x00,
  0x65, 0x6e, 0x63, 0x6f, 0x64, 0x65, 0x72, 0x5f, 0x63, 0x6c, 0x66, 0x5f,
  0x73, 0x74, 0x64, 0x5f, 0x66, 0x6c, 0x61, 0x74, 0x2f, 0x71, 0x75, 0x61,
  0x6e, 0x74, 0x5f, 0x61, 0x63, 0x74, 0x69, 0x76, 0x69, 0x74, 0x79, 0x5f,
  0x73, 0x6f, 0x66, 0x74, 0x6d, 0x61, 0x78, 0x2f, 0x4d, 0x61, 0x74, 0x4d,
  0x75, 0x6c, 0x3b, 0x65, 0x6e, 0x63, 0x6f, 0x64, 0x65, 0x72, 0x5f, 0x63,
  0x6c, 0x66, 0x5f, 0x73, 0x74, 0x64, 0x5f, 0x66, 0x6c, 0x61, 0x74, 0x2f,
  0x71, 0x75, 0x61, 0x6e, 0x74, 0x5f, 0x61, 0x63, 0x74, 0x69, 0x76, 0x69,
  0x74, 0x79, 0x5f, 0x73, 0x6f, 0x66, 0x74, 0x6d, 0x61, 0x78, 0x2f, 0x4c,
  0x61, 0x73, 0x74, 0x56, 0x61, 0x6c, 0x75, 0x65, 0x51, 0x75, 0x61, 0x6e,
  0x74, 0x2f, 0x46, 0x61, 0x6b, 0x65, 0x51, 0x75, 0x61, 0x6e, 0x74, 0x57,
  0x69, 0x74, 0x68, 0x4d, 0x69, 0x6e, 0x4d, 0x61, 0x78, 0x56, 0x61, 0x72,
  0x73, 0x00, 0x00, 0x00, 0x02, 0x00, 0x00, 0x00, 0x0c, 0x00, 0x00, 0x00,
  0x14, 0x00, 0x00, 0x00, 0xe2, 0xf8, 0xff, 0xff, 0x00, 0x00, 0x00, 0x01,
  0x18, 0x00, 0x00, 0x00, 0x20, 0x00, 0x00, 0x00, 0x3c, 0x00, 0x00, 0x00,
  0x0a, 0x00, 0x00, 0x00, 0x00, 0x00, 0x00, 0x09, 0xd8, 0x00, 0x00, 0x00,
  0x02, 0x00, 0x00, 0x00, 0xff, 0xff, 0xff, 0xff, 0x14, 0x00, 0x00, 0x00,
  0xcc, 0xf8, 0xff, 0xff, 0x08, 0x00, 0x00, 0x00, 0x10, 0x00, 0x00, 0x00,
  0x01, 0x00, 0x00, 0x00, 0xb1, 0xff, 0xff, 0xff, 0xff, 0xff, 0xff, 0xff,
  0x01, 0x00, 0x00, 0x00, 0xfc, 0xff, 0xa4, 0x3d, 0xa0, 0x00, 0x00, 0x00,
  0x65, 0x6e, 0x63, 0x6f, 0x64, 0x65, 0x72, 0x5f, 0x63, 0x6c, 0x66, 0x5f,
  0x73, 0x74, 0x64, 0x5f, 0x66, 0x6c, 0x61, 0x74, 0x2f, 0x71, 0x75, 0x61,
  0x6e, 0x74, 0x5f, 0x63, 0x6c, 0x61, 0x73, 0x73, 0x69, 0x66, 0x69, 0x65,
  0x72, 0x5f, 0x64, 0x65, 0x6e, 0x73, 0x65, 0x5f, 0x32, 0x30, 0x2f, 0x4d,
  0x61, 0x74, 0x4d, 0x75, 0x6c, 0x3b, 0x65, 0x6e, 0x63, 0x6f, 0x64, 0x65,
  0x72, 0x5f, 0x63, 0x6c, 0x66, 0x5f, 0x73, 0x74, 0x64, 0x5f, 0x66, 0x6c,
  0x61, 0x74, 0x2f, 0x71, 0x75, 0x61, 0x6e, 0x74, 0x5f, 0x63, 0x6c, 0x61,
  0x73, 0x73, 0x69, 0x66, 0x69, 0x65, 0x72, 0x5f, 0x64, 0x65, 0x6e, 0x73,
  0x65, 0x5f, 0x32, 0x30, 0x2f, 0x52, 0x65, 0x6c, 0x75, 0x3b, 0x65, 0x6e,
  0x63, 0x6f, 0x64, 0x65, 0x72, 0x5f, 0x63, 0x6c, 0x66, 0x5f, 0x73, 0x74,
  0x64, 0x5f, 0x66, 0x6c, 0x61, 0x74, 0x2f, 0x71, 0x75, 0x61, 0x6e, 0x74,
  0x5f, 0x63, 0x6c, 0x61, 0x73, 0x73, 0x69, 0x66, 0x69, 0x65, 0x72, 0x5f,
  0x64, 0x65, 0x6e, 0x73, 0x65, 0x5f, 0x32, 0x30, 0x2f, 0x42, 0x69, 0x61,
  0x73, 0x41, 0x64, 0x64, 0x00, 0x00, 0x00, 0x00, 0x02, 0x00, 0x00, 0x00,
  0x01, 0x00, 0x00, 0x00, 0x14, 0x00, 0x00, 0x00, 0xce, 0xfa, 0xff, 0xff,
  0x00, 0x00, 0x00, 0x01, 0x14, 0x00, 0x00, 0x00, 0x34, 0x00, 0x00, 0x00,
  0x09, 0x00, 0x00, 0x00, 0x00, 0x00, 0x00, 0x02, 0x98, 0x00, 0x00, 0x00,
  0xbc, 0xf9, 0xff, 0xff, 0x08, 0x00, 0x00, 0x00, 0x14, 0x00, 0x00, 0x00,
  0x01, 0x00, 0x00, 0x00, 0x00, 0x00, 0x00, 0x00, 0x00, 0x00, 0x00, 0x00,
  0x00, 0x00, 0x00, 0x00, 0x01, 0x00, 0x00, 0x00, 0xb5, 0xf2, 0x2c, 0x3a,
  0x6a, 0x00, 0x00, 0x00, 0x65, 0x6e, 0x63, 0x6f, 0x64, 0x65, 0x72, 0x5f,
  0x63, 0x6c, 0x66, 0x5f, 0x73, 0x74, 0x64, 0x5f, 0x66, 0x6c, 0x61, 0x74,
  0x2f, 0x71, 0x75, 0x61, 0x6e, 0x74, 0x5f, 0x63, 0x6c, 0x61, 0x73, 0x73,
  0x69, 0x66, 0x69, 0x65, 0x72, 0x5f, 0x64, 0x65, 0x6e, 0x73, 0x65, 0x5f,
  0x32, 0x30, 0x2f, 0x52, 0x65, 0x6c, 0x75, 0x3b, 0x65, 0x6e, 0x63, 0x6f,
  0x64, 0x65, 0x72, 0x5f, 0x63, 0x6c, 0x66, 0x5f, 0x73, 0x74, 0x64, 0x5f,
  0x66, 0x6c, 0x61, 0x74, 0x2f, 0x71, 0x75, 0x61, 0x6e, 0x74, 0x5f, 0x63,
  0x6c, 0x61, 0x73, 0x73, 0x69, 0x66, 0x69, 0x65, 0x72, 0x5f, 0x64, 0x65,
  0x6e, 0x73, 0x65, 0x5f, 0x32, 0x30, 0x2f, 0x42, 0x69, 0x61, 0x73, 0x41,
  0x64, 0x64, 0x00, 0x00, 0x01, 0x00, 0x00, 0x00, 0x14, 0x00, 0x00, 0x00,
  0x86, 0xfb, 0xff, 0xff, 0x00, 0x00, 0x00, 0x01, 0x14, 0x00, 0x00, 0x00,
  0x30, 0x00, 0x00, 0x00, 0x08, 0x00, 0x00, 0x00, 0x00, 0x00, 0x00, 0x09,
  0xb4, 0x00, 0x00, 0x00, 0x74, 0xfa, 0xff, 0xff, 0x08, 0x00, 0x00, 0x00,
  0x10, 0x00, 0x00, 0x00, 0x01, 0x00, 0x00, 0x00, 0x00, 0x00, 0x00, 0x00,
  0x00, 0x00, 0x00, 0x00, 0x01, 0x00, 0x00, 0x00, 0x81, 0x2a, 0x0e, 0x3c,
  0x8b, 0x00, 0x00, 0x00, 0x65, 0x6e, 0x63, 0x6f, 0x64, 0x65, 0x72, 0x5f,
  0x63, 0x6c, 0x66, 0x5f, 0x73, 0x74, 0x64, 0x5f, 0x66, 0x6c, 0x61, 0x74,
  0x2f, 0x71, 0x75, 0x61, 0x6e, 0x74, 0x5f, 0x63, 0x6c, 0x61, 0x73, 0x73,
  0x69, 0x66, 0x69, 0x65, 0x72, 0x5f, 0x64, 0x65, 0x6e, 0x73, 0x65, 0x5f,
  0x32, 0x30, 0x2f, 0x4d, 0x61, 0x74, 0x4d, 0x75, 0x6c, 0x3b, 0x65, 0x6e,
  0x63, 0x6f, 0x64, 0x65, 0x72, 0x5f, 0x63, 0x6c, 0x66, 0x5f, 0x73, 0x74,
  0x64, 0x5f, 0x66, 0x6c, 0x61, 0x74, 0x2f, 0x71, 0x75, 0x61, 0x6e, 0x74,
  0x5f, 0x63, 0x6c, 0x61, 0x73, 0x73, 0x69, 0x66, 0x69, 0x65, 0x72, 0x5f,
  0x64, 0x65, 0x6e, 0x73, 0x65, 0x5f, 0x32, 0x30, 0x2f, 0x4c, 0x61, 0x73,
  0x74, 0x56, 0x61, 0x6c, 0x75, 0x65, 0x51, 0x75, 0x61, 0x6e, 0x74, 0x2f,
  0x46, 0x61, 0x6b, 0x65, 0x51, 0x75, 0x61, 0x6e, 0x74, 0x57, 0x69, 0x74,
  0x68, 0x4d, 0x69, 0x6e, 0x4d, 0x61, 0x78, 0x56, 0x61, 0x72, 0x73, 0x00,
  0x02, 0x00, 0x00, 0x00, 0x14, 0x00, 0x00, 0x00, 0x20, 0x00, 0x00, 0x00,
  0x72, 0xfb, 0xff, 0xff, 0x00, 0x00, 0x00, 0x01, 0x18, 0x00, 0x00, 0x00,
  0x20, 0x00, 0x00, 0x00, 0x3c, 0x00, 0x00, 0x00, 0x07, 0x00, 0x00, 0x00,
  0x00, 0x00, 0x00, 0x09, 0x90, 0x00, 0x00, 0x00, 0x02, 0x00, 0x00, 0x00,
  0xff, 0xff, 0xff, 0xff, 0x20, 0x00, 0x00, 0x00, 0x5c, 0xfb, 0xff, 0xff,
  0x08, 0x00, 0x00, 0x00, 0x10, 0x00, 0x00, 0x00, 0x01, 0x00, 0x00, 0x00,
  0x16, 0x00, 0x00, 0x00, 0x00, 0x00, 0x00, 0x00, 0x01, 0x00, 0x00, 0x00,
  0xfd, 0xb6, 0x9b, 0x3d, 0x58, 0x00, 0x00, 0x00, 0x65, 0x6e, 0x63, 0x6f,
  0x64, 0x65, 0x72, 0x5f, 0x63, 0x6c, 0x66, 0x5f, 0x73, 0x74, 0x64, 0x5f,
  0x66, 0x6c, 0x61, 0x74, 0x2f, 0x71, 0x75, 0x61, 0x6e, 0x74, 0x5f, 0x6c,
  0x61, 0x74, 0x65, 0x6e, 0x74, 0x5f, 0x33, 0x32, 0x2f, 0x4d, 0x61, 0x74,
  0x4d, 0x75, 0x6c, 0x3b, 0x65, 0x6e, 0x63, 0x6f, 0x64, 0x65, 0x72, 0x5f,
  0x63, 0x6c, 0x66, 0x5f, 0x73, 0x74, 0x64, 0x5f, 0x66, 0x6c, 0x61, 0x74,
  0x2f, 0x71, 0x75, 0x61, 0x6e, 0x74, 0x5f, 0x6c, 0x61, 0x74, 0x65, 0x6e,
  0x74, 0x5f, 0x33, 0x32, 0x2f, 0x42, 0x69, 0x61, 0x73, 0x41, 0x64, 0x64,
  0x00, 0x00, 0x00, 0x00, 0x02, 0x00, 0x00, 0x00, 0x01, 0x00, 0x00, 0x00,
  0x20, 0x00, 0x00, 0x00, 0x16, 0xfd, 0xff, 0xff, 0x00, 0x00, 0x00, 0x01,
  0x14, 0x00, 0x00, 0x00, 0x30, 0x00, 0x00, 0x00, 0x06, 0x00, 0x00, 0x00,
  0x00, 0x00, 0x00, 0x02, 0x58, 0x00, 0x00, 0x00, 0x04, 0xfc, 0xff, 0xff,
  0x08, 0x00, 0x00, 0x00, 0x10, 0x00, 0x00, 0x00, 0x01, 0x00, 0x00, 0x00,
  0x00, 0x00, 0x00, 0x00, 0x00, 0x00, 0x00, 0x00, 0x01, 0x00, 0x00, 0x00,
  0x17, 0xa7, 0xa3, 0x39, 0x2c, 0x00, 0x00, 0x00, 0x65, 0x6e, 0x63, 0x6f,
  0x64, 0x65, 0x72, 0x5f, 0x63, 0x6c, 0x66, 0x5f, 0x73, 0x74, 0x64, 0x5f,
  0x66, 0x6c, 0x61, 0x74, 0x2f, 0x71, 0x75, 0x61, 0x6e, 0x74, 0x5f, 0x6c,
  0x61, 0x74, 0x65, 0x6e, 0x74, 0x5f, 0x33, 0x32, 0x2f, 0x42, 0x69, 0x61,
  0x73, 0x41, 0x64, 0x64, 0x00, 0x00, 0x00, 0x00, 0x01, 0x00, 0x00, 0x00,
  0x20, 0x00, 0x00, 0x00, 0x8e, 0xfd, 0xff, 0xff, 0x00, 0x00, 0x00, 0x01,
  0x14, 0x00, 0x00, 0x00, 0x34, 0x00, 0x00, 0x00, 0x05, 0x00, 0x00, 0x00,
  0x00, 0x00, 0x00, 0x09, 0xa4, 0x00, 0x00, 0x00, 0x7c, 0xfc, 0xff, 0xff,
  0x08, 0x00, 0x00, 0x00, 0x14, 0x00, 0x00, 0x00, 0x01, 0x00, 0x00, 0x00,
  0x00, 0x00, 0x00, 0x00, 0x00, 0x00, 0x00, 0x00, 0x00, 0x00, 0x00, 0x00,
  0x01, 0x00, 0x00, 0x00, 0xc5, 0x32, 0x98, 0x3b, 0x77, 0x00, 0x00, 0x00,
  0x65, 0x6e, 0x63, 0x6f, 0x64, 0x65, 0x72, 0x5f, 0x63, 0x6c, 0x66, 0x5f,
  0x73, 0x74, 0x64, 0x5f, 0x66, 0x6c, 0x61, 0x74, 0x2f, 0x71, 0x75, 0x61,
  0x6e, 0x74, 0x5f, 0x6c, 0x61, 0x74, 0x65, 0x6e, 0x74, 0x5f, 0x33, 0x32,
  0x2f, 0x4d, 0x61, 0x74, 0x4d, 0x75, 0x6c, 0x3b, 0x65, 0x6e, 0x63, 0x6f,
  0x64, 0x65, 0x72, 0x5f, 0x63, 0x6c, 0x66, 0x5f, 0x73, 0x74, 0x64, 0x5f,
  0x66, 0x6c, 0x61, 0x74, 0x2f, 0x71, 0x75, 0x61, 0x6e, 0x74, 0x5f, 0x6c,
  0x61, 0x74, 0x65, 0x6e, 0x74, 0x5f, 0x33, 0x32, 0x2f, 0x4c, 0x61, 0x73,
  0x74, 0x56, 0x61, 0x6c, 0x75, 0x65, 0x51, 0x75, 0x61, 0x6e, 0x74, 0x2f,
  0x46, 0x61, 0x6b, 0x65, 0x51, 0x75, 0x61, 0x6e, 0x74, 0x57, 0x69, 0x74,
  0x68, 0x4d, 0x69, 0x6e, 0x4d, 0x61, 0x78, 0x56, 0x61, 0x72, 0x73, 0x00,
  0x02, 0x00, 0x00, 0x00, 0x20, 0x00, 0x00, 0x00, 0x40, 0x00, 0x00, 0x00,
  0x6a, 0xfd, 0xff, 0xff, 0x00, 0x00, 0x00, 0x01, 0x18, 0x00, 0x00, 0x00,
  0x20, 0x00, 0x00, 0x00, 0x40, 0x00, 0x00, 0x00, 0x04, 0x00, 0x00, 0x00,
  0x00, 0x00, 0x00, 0x09, 0xd0, 0x00, 0x00, 0x00, 0x02, 0x00, 0x00, 0x00,
  0xff, 0xff, 0xff, 0xff, 0x40, 0x00, 0x00, 0x00, 0x54, 0xfd, 0xff, 0xff,
  0x08, 0x00, 0x00, 0x00, 0x14, 0x00, 0x00, 0x00, 0x01, 0x00, 0x00, 0x00,
  0xbb, 0xff, 0xff, 0xff, 0xff, 0xff, 0xff, 0xff, 0x00, 0x00, 0x00, 0x00,
  0x01, 0x00, 0x00, 0x00, 0x1b, 0xa2, 0x89, 0x3d, 0x97, 0x00, 0x00, 0x00,
  0x65, 0x6e, 0x63, 0x6f, 0x64, 0x65, 0x72, 0x5f, 0x63, 0x6c, 0x66, 0x5f,
  0x73, 0x74, 0x64, 0x5f, 0x66, 0x6c, 0x61, 0x74, 0x2f, 0x71, 0x75, 0x61,
  0x6e, 0x74, 0x5f, 0x65, 0x6e, 0x63, 0x6f, 0x64, 0x65, 0x72, 0x5f, 0x64,
  0x65, 0x6e, 0x73, 0x65, 0x5f, 0x36, 0x34, 0x2f, 0x4d, 0x61, 0x74, 0x4d,
  0x75, 0x6c, 0x3b, 0x65, 0x6e, 0x63, 0x6f, 0x64, 0x65, 0x72, 0x5f, 0x63,
  0x6c, 0x66, 0x5f, 0x73, 0x74, 0x64, 0x5f, 0x66, 0x6c, 0x61, 0x74, 0x2f,
  0x71, 0x75, 0x61, 0x6e, 0x74, 0x5f, 0x65, 0x6e, 0x63, 0x6f, 0x64, 0x65,
  0x72, 0x5f, 0x64, 0x65, 0x6e, 0x73, 0x65, 0x5f, 0x36, 0x34, 0x2f, 0x52,
  0x65, 0x6c, 0x75, 0x3b, 0x65, 0x6e, 0x63, 0x6f, 0x64, 0x65, 0x72, 0x5f,
  0x63, 0x6c, 0x66, 0x5f, 0x73, 0x74, 0x64, 0x5f, 0x66, 0x6c, 0x61, 0x74,
  0x2f, 0x71, 0x75, 0x61, 0x6e, 0x74, 0x5f, 0x65, 0x6e, 0x63, 0x6f, 0x64,
  0x65, 0x72, 0x5f, 0x64, 0x65, 0x6e, 0x73, 0x65, 0x5f, 0x36, 0x34, 0x2f,
  0x42, 0x69, 0x61, 0x73, 0x41, 0x64, 0x64, 0x00, 0x02, 0x00, 0x00, 0x00,
  0x01, 0x00, 0x00, 0x00, 0x40, 0x00, 0x00, 0x00, 0x4e, 0xff, 0xff, 0xff,
  0x00, 0x00, 0x00, 0x01, 0x14, 0x00, 0x00, 0x00, 0x30, 0x00, 0x00, 0x00,
  0x03, 0x00, 0x00, 0x00, 0x00, 0x00, 0x00, 0x02, 0x90, 0x00, 0x00, 0x00,
  0x3c, 0xfe, 0xff, 0xff, 0x08, 0x00, 0x00, 0x00, 0x10, 0x00, 0x00, 0x00,
  0x01, 0x00, 0x00, 0x00, 0x00, 0x00, 0x00, 0x00, 0x00, 0x00, 0x00, 0x00,
  0x01, 0x00, 0x00, 0x00, 0xeb, 0x78, 0x25, 0x39, 0x64, 0x00, 0x00, 0x00,
  0x65, 0x6e, 0x63, 0x6f, 0x64, 0x65, 0x72, 0x5f, 0x63, 0x6c, 0x66, 0x5f,
  0x73, 0x74, 0x64, 0x5f, 0x66, 0x6c, 0x61, 0x74, 0x2f, 0x71, 0x75, 0x61,
  0x6e, 0x74, 0x5f, 0x65, 0x6e, 0x63, 0x6f, 0x64, 0x65, 0x72, 0x5f, 0x64,
  0x65, 0x6e, 0x73, 0x65, 0x5f, 0x36, 0x34, 0x2f, 0x52, 0x65, 0x6c, 0x75,
  0x3b, 0x65, 0x6e, 0x63, 0x6f, 0x64, 0x65, 0x72, 0x5f, 0x63, 0x6c, 0x66,
  0x5f, 0x73, 0x74, 0x64, 0x5f, 0x66, 0x6c, 0x61, 0x74, 0x2f, 0x71, 0x75,
  0x61, 0x6e, 0x74, 0x5f, 0x65, 0x6e, 0x63, 0x6f, 0x64, 0x65, 0x72, 0x5f,
  0x64, 0x65, 0x6e, 0x73, 0x65, 0x5f, 0x36, 0x34, 0x2f, 0x42, 0x69, 0x61,
  0x73, 0x41, 0x64, 0x64, 0x00, 0x00, 0x00, 0x00, 0x01, 0x00, 0x00, 0x00,
  0x40, 0x00, 0x00, 0x00, 0x00, 0x00, 0x16, 0x00, 0x1c, 0x00, 0x18, 0x00,
  0x17, 0x00, 0x10, 0x00, 0x0c, 0x00, 0x08, 0x00, 0x00, 0x00, 0x00, 0x00,
  0x00, 0x00, 0x07, 0x00, 0x16, 0x00, 0x00, 0x00, 0x00, 0x00, 0x00, 0x01,
  0x14, 0x00, 0x00, 0x00, 0x30, 0x00, 0x00, 0x00, 0x02, 0x00, 0x00, 0x00,
  0x00, 0x00, 0x00, 0x09, 0xb0, 0x00, 0x00, 0x00, 0x04, 0xff, 0xff, 0xff,
  0x08, 0x00, 0x00, 0x00, 0x10, 0x00, 0x00, 0x00, 0x01, 0x00, 0x00, 0x00,
  0x00, 0x00, 0x00, 0x00, 0x00, 0x00, 0x00, 0x00, 0x01, 0x00, 0x00, 0x00,
  0xf8, 0xae, 0x64, 0x3b, 0x85, 0x00, 0x00, 0x00, 0x65, 0x6e, 0x63, 0x6f,
  0x64, 0x65, 0x72, 0x5f, 0x63, 0x6c, 0x66, 0x5f, 0x73, 0x74, 0x64, 0x5f,
  0x66, 0x6c, 0x61, 0x74, 0x2f, 0x71, 0x75, 0x61, 0x6e, 0x74, 0x5f, 0x65,
  0x6e, 0x63, 0x6f, 0x64, 0x65, 0x72, 0x5f, 0x64, 0x65, 0x6e, 0x73, 0x65,
  0x5f, 0x36, 0x34, 0x2f, 0x4d, 0x61, 0x74, 0x4d, 0x75, 0x6c, 0x3b, 0x65,
  0x6e, 0x63, 0x6f, 0x64, 0x65, 0x72, 0x5f, 0x63, 0x6c, 0x66, 0x5f, 0x73,
  0x74, 0x64, 0x5f, 0x66, 0x6c, 0x61, 0x74, 0x2f, 0x71, 0x75, 0x61, 0x6e,
  0x74, 0x5f, 0x65, 0x6e, 0x63, 0x6f, 0x64, 0x65, 0x72, 0x5f, 0x64, 0x65,
  0x6e, 0x73, 0x65, 0x5f, 0x36, 0x34, 0x2f, 0x4c, 0x61, 0x73, 0x74, 0x56,
  0x61, 0x6c, 0x75, 0x65, 0x51, 0x75, 0x61, 0x6e, 0x74, 0x2f, 0x46, 0x61,
  0x6b, 0x65, 0x51, 0x75, 0x61, 0x6e, 0x74, 0x57, 0x69, 0x74, 0x68, 0x4d,
  0x69, 0x6e, 0x4d, 0x61, 0x78, 0x56, 0x61, 0x72, 0x73, 0x00, 0x00, 0x00,
  0x02, 0x00, 0x00, 0x00, 0x40, 0x00, 0x00, 0x00, 0x58, 0x02, 0x00, 0x00,
  0x00, 0x00, 0x16, 0x00, 0x20, 0x00, 0x1c, 0x00, 0x1b, 0x00, 0x14, 0x00,
  0x10, 0x00, 0x0c, 0x00, 0x00, 0x00, 0x00, 0x00, 0x08, 0x00, 0x07, 0x00,
  0x16, 0x00, 0x00, 0x00, 0x00, 0x00, 0x00, 0x01, 0x18, 0x00, 0x00, 0x00,
  0x2c, 0x00, 0x00, 0x00, 0x48, 0x00, 0x00, 0x00, 0x01, 0x00, 0x00, 0x00,
  0x00, 0x00, 0x00, 0x09, 0x60, 0x00, 0x00, 0x00, 0x02, 0x00, 0x00, 0x00,
  0xff, 0xff, 0xff, 0xff, 0x58, 0x02, 0x00, 0x00, 0x0c, 0x00, 0x0c, 0x00,
  0x00, 0x00, 0x00, 0x00, 0x08, 0x00, 0x04, 0x00, 0x0c, 0x00, 0x00, 0x00,
  0x08, 0x00, 0x00, 0x00, 0x10, 0x00, 0x00, 0x00, 0x01, 0x00, 0x00, 0x00,
  0x04, 0x00, 0x00, 0x00, 0x00, 0x00, 0x00, 0x00, 0x01, 0x00, 0x00, 0x00,
  0xfb, 0x3c, 0x39, 0x3d, 0x1e, 0x00, 0x00, 0x00, 0x73, 0x65, 0x72, 0x76,
  0x69, 0x6e, 0x67, 0x5f, 0x64, 0x65, 0x66, 0x61, 0x75, 0x6c, 0x74, 0x5f,
  0x77, 0x69, 0x6e, 0x64, 0x6f, 0x77, 0x5f, 0x69, 0x6e, 0x70, 0x75, 0x74,
  0x3a, 0x30, 0x00, 0x00, 0x02, 0x00, 0x00, 0x00, 0x01, 0x00, 0x00, 0x00,
  0x58, 0x02, 0x00, 0x00, 0x02, 0x00, 0x00, 0x00, 0x24, 0x00, 0x00, 0x00,
  0x04, 0x00, 0x00, 0x00, 0xf0, 0xff, 0xff, 0xff, 0x19, 0x00, 0x00, 0x00,
  0x02, 0x00, 0x00, 0x00, 0x00, 0x00, 0x00, 0x19, 0x0c, 0x00, 0x10, 0x00,
  0x0f, 0x00, 0x00, 0x00, 0x08, 0x00, 0x04, 0x00, 0x0c, 0x00, 0x00, 0x00,
  0x09, 0x00, 0x00, 0x00, 0x04, 0x00, 0x00, 0x00, 0x00, 0x00, 0x00, 0x09
};
unsigned int encoder_clf_std_pruned_qat_int8_tflite_len = 45672;
